Marke,Produkt,Preis,Vorheriger_Preis,Preis_kg,Hinweis,Einheit,Nur_online,Gueltig_raw,Gueltig_von,Gueltig_bis,Bildpfad,Score
K-CLASSIC,"Cola, Cola-Mix oder Limonade","€ 0,44",0.65,1 l = 0.30,-32%,"je 1,5-l-PET-Fl.",Nein,Dieses Angebot findest du vom 24.11. bis 26.11. in deiner Kaufland-Filiale.,2025-11-24,2025-11-26,images_kaufland/kaufland_offer_572.jpg,6
"COCA-COLA, FANTA, MEZZO MIX",oder SPRITE,"€ 4,79",,1 l = 2.40 - 19.16,nur,"je Packg. 8 x 0,25-l-Dose",Nein,Dieses Angebot findest du vom 20.11. bis 26.11. in deiner Kaufland-Filiale.,2025-11-20,2025-11-26,images_kaufland/kaufland_offer_250.jpg,6
ARLA,Skyr Natur,"€ 1,49",1.99,1 kg = 3.32 - 3.73,-25%,je 400 - 450-g-Becher,Nein,Dieses Angebot findest du vom 20.11. bis 26.11. in deiner Kaufland-Filiale.,2025-11-20,2025-11-26,images_kaufland/kaufland_offer_117.jpg,5
HEINZ,HP BBQ-Sauce,"€ 3,69",,1 kg = 7.86 - 7.94,nur,je 465 - 470-g-Fl.,Nein,Dieses Angebot findest du vom 20.11. bis 26.11. in deiner Kaufland-Filiale.,2025-11-20,2025-11-26,images_kaufland/kaufland_offer_169.jpg,4
CRAZY WOLF,Energy Drink oder Strong Cola,"€ 1,17",1.95,1 l = 0.73,-40%,"je 0,33-l-Dose",Nein,Dieses Angebot findest du vom 20.11. bis 26.11. in deiner Kaufland-Filiale.,2025-11-20,2025-11-26,images_kaufland/kaufland_offer_13.jpg,3
LEIFHEIT,Standwäschetrockner »Pegasus 180 Solid Plus«,"€ 24,99",49.99,Kein Mengenpreis,-50%,je,Nein,Dieses Angebot findest du vom 20.11. bis 26.11. in deiner Kaufland-Filiale.,2025-11-20,2025-11-26,images_kaufland/kaufland_offer_389.jpg,3
JIM BEAM,Bourbon Whiskey & Cola,"€ 1,99",,1 l = 6.03,nur,"je 0,33-l-Dose",Nein,Dieses Angebot findest du vom 20.11. bis 26.11. in deiner Kaufland-Filiale.,2025-11-20,2025-11-26,images_kaufland/kaufland_offer_266.jpg,3
LEIFHEIT,Bügeltisch »Air Board Compact M Plus«,"€ 39,99",UVP84.99,Kein Mengenpreis,-52%,je,Nein,Dieses Angebot findest du vom 20.11. bis 26.11. in deiner Kaufland-Filiale.,2025-11-20,2025-11-26,images_kaufland/kaufland_offer_386.jpg,3
Keine Marke,Dtsch. Speisekartoffeln XXL,"€ 1,99",,1 kg = 0.40,nur,je 5-kg-Sack,Nein,Dieses Angebot findest du vom 24.11. bis 26.11. in deiner Kaufland-Filiale.,2025-11-24,2025-11-26,images_kaufland/kaufland_offer_534.jpg,2
WILTMANN,Salami light,"€ 0,99",1.49,1 kg = 19.80,-33%,je 50-g-Packg.,Nein,Dieses Angebot findest du vom 24.11. bis 26.11. in deiner Kaufland-Filiale.,2025-11-24,2025-11-26,images_kaufland/kaufland_offer_545.jpg,2
HEINZ,Tomato Ketchup,"€ 2,99",6.49,1 l = 2.56 / 1 l = 2.39**,"-53%; 2.79€, mit Kaufland Card","je 1,17-l-Fl.",Nein,Dieses Angebot findest du vom 20.11. bis 26.11. in deiner Kaufland-Filiale.,2025-11-20,2025-11-26,images_kaufland/kaufland_offer_03.jpg,1
SOMAT,Geschirrreiniger XXL,"€ 6,99",,pro Anwendung = 0.05 - 0.16,nur,je,Nein,Dieses Angebot findest du vom 24.11. bis 26.11. in deiner Kaufland-Filiale.,2025-11-24,2025-11-26,images_kaufland/kaufland_offer_555.jpg,1
LEIFHEIT,Bodenwischer-Set »Profi XL Mobile«,"€ 39,99",UVP89.99,Kein Mengenpreis,-55%,je 4-teilig,Nein,Dieses Angebot findest du vom 20.11. bis 26.11. in deiner Kaufland-Filiale.,2025-11-20,2025-11-26,images_kaufland/kaufland_offer_390.jpg,1
ENERGIZER,»MAX« Alkaline-Batterien AA oder AAA,"€ 3,99",UVP11.89,Kein Mengenpreis,-66%,je 12-St.-Packg.,Nein,Dieses Angebot findest du vom 20.11. bis 26.11. in deiner Kaufland-Filiale.,2025-11-20,2025-11-26,images_kaufland/kaufland_offer_366.jpg,1
SILIT,Topf-Set »Diamant«,"€ 69,99",UVP219.99,Kein Mengenpreis,-68%,je 4-teilig,Nein,Dieses Angebot findest du vom 20.11. bis 26.11. in deiner Kaufland-Filiale.,2025-11-20,2025-11-26,images_kaufland/kaufland_offer_387.jpg,1
MY PROJECT®,Ratschenspanngurte-Set Schwerlast,"€ 6,99",,Kein Mengenpreis,nur,je 2-St.-Packg.,Nein,Dieses Angebot findest du vom 20.11. bis 26.11. in deiner Kaufland-Filiale.,2025-11-20,2025-11-26,images_kaufland/kaufland_offer_413.jpg,1
MY PROJECT®,Ratschenspanngurte-Set,"€ 6,99",,Kein Mengenpreis,nur,je 4-St.-Packg.,Nein,Dieses Angebot findest du vom 20.11. bis 26.11. in deiner Kaufland-Filiale.,2025-11-20,2025-11-26,images_kaufland/kaufland_offer_429.jpg,1
K-PURLAND,Hähnchenflügel XXL,"€ 3,99",,Kein Mengenpreis,nur,je 1-kg-Großpackg.,Nein,Dieses Angebot findest du vom 24.11. bis 26.11. in deiner Kaufland-Filiale.,2025-11-24,2025-11-26,images_kaufland/kaufland_offer_542.jpg,1
Keine Marke,Peated Malts of Distinction Set,"€ 15,99",19.99,1 l = 79.95,-20%,"je Set = 4 x 0,05-l-Fl.",Nein,Dieses Angebot findest du vom 20.11. bis 26.11. in deiner Kaufland-Filiale.,2025-11-20,2025-11-26,images_kaufland/kaufland_offer_276.jpg,1
GOURMET PÈRE & FILS,Entrecôte Merlot Cabernet Syrah,"€ 3,99",,1 l = 5.32,nur,"je 0,75-l-Fl.",Nein,Dieses Angebot findest du vom 20.11. bis 26.11. in deiner Kaufland-Filiale.,2025-11-20,2025-11-26,images_kaufland/kaufland_offer_285.jpg,1
BRAUN,Stabmixer-Set »MQ 3135 BK«,"€ 39,99",UVP84.00,Kein Mengenpreis,-52%,je,Nein,Dieses Angebot findest du vom 20.11. bis 26.11. in deiner Kaufland-Filiale.,2025-11-20,2025-11-26,images_kaufland/kaufland_offer_342.jpg,1
HEAD & SHOULDERS,Shampoo XXL,"€ 8,88",,1 l = 11.10,nur,je 800-ml-Fl.,Nein,Dieses Angebot findest du vom 20.11. bis 26.11. in deiner Kaufland-Filiale.,2025-11-20,2025-11-26,images_kaufland/kaufland_offer_315.jpg,1
Keine Marke,"Ital. Kiwi, lose","€ 0,39",0.59,Kein Mengenpreis,-33%,je Stück,Nein,Dieses Angebot findest du vom 20.11. bis 26.11. in deiner Kaufland-Filiale.,2025-11-20,2025-11-26,images_kaufland/kaufland_offer_55.jpg,1
HANUTA,Haselnuss-Schnitten,"€ 1,99",2.99,1 kg = 9.05,-33%,je 10 St. = 220-g-Packg.,Nein,Dieses Angebot findest du vom 20.11. bis 26.11. in deiner Kaufland-Filiale.,2025-11-20,2025-11-26,images_kaufland/kaufland_offer_221.jpg,1
Keine Marke,Span. Zitronen XXL,"€ 1,49",2.29,1 kg = 1.99,-34%,je 750-g-Netz,Nein,Dieses Angebot findest du vom 20.11. bis 26.11. in deiner Kaufland-Filiale.,2025-11-20,2025-11-26,images_kaufland/kaufland_offer_51.jpg,1
Keine Marke,Span. Clementinen XXL,"€ 3,99",5.99,1 kg = 1.74,-33%,"je 2,3-kg-Kiste",Nein,Dieses Angebot findest du vom 20.11. bis 26.11. in deiner Kaufland-Filiale.,2025-11-20,2025-11-26,images_kaufland/kaufland_offer_48.jpg,1
K-BLUE BAY,Knusper-Backfisch XXL,"€ 5,49",,1 kg = 9.81,nur,je 2 St. = 560-g-Großpackg.,Nein,Dieses Angebot findest du vom 20.11. bis 26.11. in deiner Kaufland-Filiale.,2025-11-20,2025-11-26,images_kaufland/kaufland_offer_115.jpg,1
HILCONA,Tortelloni oder Gnocchi XXL,"€ 2,99",,1 kg = 3.99,nur,je 750-g-Packg.,Nein,Dieses Angebot findest du vom 20.11. bis 26.11. in deiner Kaufland-Filiale.,2025-11-20,2025-11-26,images_kaufland/kaufland_offer_155.jpg,1
IBIS,Crêpes,"€ 1,49",2.29,1 kg = 8.28,-34%,je 6 St. = 180-g-Packg.,Nein,Dieses Angebot findest du vom 20.11. bis 26.11. in deiner Kaufland-Filiale.,2025-11-20,2025-11-26,images_kaufland/kaufland_offer_183.jpg,1
Keine Marke,Chicken Nuggets XXL,"€ 5,99",,Kein Mengenpreis,nur,je 1-kg-Großpackg.,Nein,Dieses Angebot findest du vom 20.11. bis 26.11. in deiner Kaufland-Filiale.,2025-11-20,2025-11-26,images_kaufland/kaufland_offer_93.jpg,1
K-PURLAND,Hähnchen-Schenkel XXL,"€ 6,79",,1 kg = 3.40,nur,je 2-kg-Großpackg.,Nein,Dieses Angebot findest du vom 20.11. bis 26.11. in deiner Kaufland-Filiale.,2025-11-20,2025-11-26,images_kaufland/kaufland_offer_92.jpg,1
K-PURLAND,Hähnchen-Ministeaks XXL,"€ 6,99",,1 kg = 8.74,nur,je 800-g-Großpackg.,Nein,Dieses Angebot findest du vom 20.11. bis 26.11. in deiner Kaufland-Filiale.,2025-11-20,2025-11-26,images_kaufland/kaufland_offer_91.jpg,1
ANAF,Feuerlöscher »PS1-X ABC«,"€ 9,99",,Kein Mengenpreis,"nur; 7.99€, mit Kaufland Card",je 1-kg-Flasche,Nein,Dieses Angebot findest du vom 20.11. bis 26.11. in deiner Kaufland-Filiale.,2025-11-20,2025-11-26,images_kaufland/kaufland_offer_41.jpg,1
Keine Marke,Peruan./südafrik. Kulturheidelbeeren XXL,"€ 3,79",,1 kg = 7.58,nur,je 500-g-Packg.,Nein,Dieses Angebot findest du vom 20.11. bis 26.11. in deiner Kaufland-Filiale.,2025-11-20,2025-11-26,images_kaufland/kaufland_offer_76.jpg,1
BAUER,»Der Große Bauer« Fruchtjoghurt,"€ 0,44",0.99,1 kg = 1.76 - 1.96,-55%,je 225 - 250-g-Becher,Nein,Dieses Angebot findest du vom 20.11. bis 26.11. in deiner Kaufland-Filiale.,2025-11-20,2025-11-26,images_kaufland/kaufland_offer_02.jpg,0
HOUDEK,Kabanos Klassik,"€ 1,11",2.29,Kein Mengenpreis,-51%,je 100 g,Nein,Dieses Angebot findest du vom 24.11. bis 26.11. in deiner Kaufland-Filiale.,2025-11-24,2025-11-26,images_kaufland/kaufland_offer_05.jpg,0
K-CLASSIC,Harzer Minis,"€ 0,99",1.29,1 kg = 8.61,-23%,je 115-g-Packg.,Nein,Dieses Angebot findest du vom 24.11. bis 26.11. in deiner Kaufland-Filiale.,2025-11-24,2025-11-26,images_kaufland/kaufland_offer_531.jpg,0
IGLO,Schlemmer-Filet,"€ 2,69",,1 kg = 7.08 / 1 kg = 6.56**,"nur; 2.49€, mit Kaufland Card",je 380-g-Packg.,Nein,Dieses Angebot findest du vom 20.11. bis 26.11. in deiner Kaufland-Filiale.,2025-11-20,2025-11-26,images_kaufland/kaufland_offer_25.jpg,0
KNACK & BACK,Frischteig-Produkt,"€ 2,29",,1 kg = 3.82 - 8.81 / 1 kg = 3.32 - 7.66**,"nur; 1.99€, mit Kaufland Card",je 260 - 600-g-Packg.,Nein,Dieses Angebot findest du vom 20.11. bis 26.11. in deiner Kaufland-Filiale.,2025-11-20,2025-11-26,images_kaufland/kaufland_offer_26.jpg,0
KÄFER,Caffè Crema Lungo oder Espresso Forte,"€ 11,99",,Kein Mengenpreis,"nur; 10.99€, mit Kaufland Card",je 1-kg-Packg.,Nein,Dieses Angebot findest du vom 20.11. bis 26.11. in deiner Kaufland-Filiale.,2025-11-20,2025-11-26,images_kaufland/kaufland_offer_28.jpg,0
NESQUIK,Getränkepulver,"€ 1,99",,1 kg = 5.69 / 1 kg = 5.12**,"nur; 1.79€, mit Kaufland Card",je 350-g-Beutel,Nein,Dieses Angebot findest du vom 20.11. bis 26.11. in deiner Kaufland-Filiale.,2025-11-20,2025-11-26,images_kaufland/kaufland_offer_29.jpg,0
KINDER,Joy,"€ 1,11",,1 kg = 55.50 / 1 kg = 49.50**,"nur; 0.99€, mit Kaufland Card",je 20-g-Stück,Nein,Dieses Angebot findest du vom 20.11. bis 26.11. in deiner Kaufland-Filiale.,2025-11-20,2025-11-26,images_kaufland/kaufland_offer_31.jpg,0
LINDT,Weihnachtsmischung,"€ 4,99",7.49,1 kg = 38.99 / 1 kg = 29.61**,"-33%; 3.79€, mit Kaufland Card",je 128-g-Beutel,Nein,Dieses Angebot findest du vom 20.11. bis 26.11. in deiner Kaufland-Filiale.,2025-11-20,2025-11-26,images_kaufland/kaufland_offer_32.jpg,0
HARIBO,Christmas Minis,"€ 1,79",2.99,1 kg = 7.16 / 1 kg = 6.36**,"-40%; 1.59€, mit Kaufland Card",je 250-g-Packg.,Nein,Dieses Angebot findest du vom 20.11. bis 26.11. in deiner Kaufland-Filiale.,2025-11-20,2025-11-26,images_kaufland/kaufland_offer_33.jpg,0
RAUCH,Happy Day,"€ 1,99",,Kein Mengenpreis,"nur; 1.79€, mit Kaufland Card",je 1-l-Packg.,Nein,Dieses Angebot findest du vom 20.11. bis 26.11. in deiner Kaufland-Filiale.,2025-11-20,2025-11-26,images_kaufland/kaufland_offer_34.jpg,0
OUZO OF PLOMARI,Griech. Anisspirituose,"€ 8,99",,1 l = 12.85 / 1 l = 11.42**,"nur; 7.99€, mit Kaufland Card","je 0,7-l-Fl.",Nein,Dieses Angebot findest du vom 20.11. bis 26.11. in deiner Kaufland-Filiale.,2025-11-20,2025-11-26,images_kaufland/kaufland_offer_35.jpg,0
DOPPIO PASSO,Primitivo Rosato IGT,"€ 4,99",,1 l = 6.66 / 1 l = 5.99**,"nur; 4.49€, mit Kaufland Card","je 0,75-l-Fl.",Nein,Dieses Angebot findest du vom 20.11. bis 26.11. in deiner Kaufland-Filiale.,2025-11-20,2025-11-26,images_kaufland/kaufland_offer_36.jpg,0
PHILIPS,Sonicare elektr. Zahnbürste 4100,"€ 45,00",,Kein Mengenpreis,"nur; 39.99
*€, mit Kaufland Card",je Packg.,Nein,Dieses Angebot findest du vom 20.11. bis 26.11. in deiner Kaufland-Filiale.,2025-11-20,2025-11-26,images_kaufland/kaufland_offer_37.jpg,0
ARIEL,Voll- oder Colorwaschmittel,"€ 16,49",,pro Anwendung = 0.17 - 0.22 / pro Anwendung = 0.16 - 0.21**,"nur; 15.99
*€, mit Kaufland Card",je,Nein,Dieses Angebot findest du vom 20.11. bis 26.11. in deiner Kaufland-Filiale.,2025-11-20,2025-11-26,images_kaufland/kaufland_offer_38.jpg,0
BRAUN,Reinigungskartuschen für Reinigungsstationen,"€ 24,99",UVP29.99,1 l = 18.38 / 1 l = 13.23**,"-16%; 17.99€, mit Kaufland Card",je 8-St.-Packg.,Nein,Dieses Angebot findest du vom 20.11. bis 26.11. in deiner Kaufland-Filiale.,2025-11-20,2025-11-26,images_kaufland/kaufland_offer_39.jpg,0
Keine Marke,Ital. Babyspinat,"€ 0,79",0.99,1 kg = 5.27,-20%,je 150-g-Packg.,Nein,Dieses Angebot findest du vom 24.11. bis 26.11. in deiner Kaufland-Filiale.,2025-11-24,2025-11-26,images_kaufland/kaufland_offer_551.jpg,0
FROSTA,Gemüse,"€ 1,88",3.69,1 kg = 3.14 - 3.92,-49%,je 480 - 600-g-Packg.,Nein,Dieses Angebot findest du vom 24.11. bis 26.11. in deiner Kaufland-Filiale.,2025-11-24,2025-11-26,images_kaufland/kaufland_offer_07.jpg,0
GRANINI,Trinkgenuss,"€ 1,39",2.69,Kein Mengenpreis,-48%,je 1-l-PET-Fl.,Nein,Dieses Angebot findest du vom 20.11. bis 26.11. in deiner Kaufland-Filiale.,2025-11-20,2025-11-26,images_kaufland/kaufland_offer_08.jpg,0
Keine Marke,Span. Clementinen,"€ 2,49",3.29,1 kg = 3.32,-24%,je 750-g-Netz,Nein,Dieses Angebot findest du vom 20.11. bis 26.11. in deiner Kaufland-Filiale.,2025-11-20,2025-11-26,images_kaufland/kaufland_offer_72.jpg,0
Keine Marke,Franz. Gourmet-Kartoffeln,"€ 1,99",2.99,1 kg = 1.33,-33%,"je 1,5-kg-Packg.",Nein,Dieses Angebot findest du vom 20.11. bis 26.11. in deiner Kaufland-Filiale.,2025-11-20,2025-11-26,images_kaufland/kaufland_offer_73.jpg,0
Keine Marke,Port. Tafelbirnen Rocha,"€ 1,99",2.99,Kein Mengenpreis,-33%,je 1-kg-Packg.,Nein,Dieses Angebot findest du vom 20.11. bis 26.11. in deiner Kaufland-Filiale.,2025-11-20,2025-11-26,images_kaufland/kaufland_offer_75.jpg,0
DENVER,Smartwatch »SWC-387«,"€ 19,99",UVP69.95,Kein Mengenpreis,"-71%; 17.99€, mit Kaufland Card",je,Nein,Dieses Angebot findest du vom 20.11. bis 26.11. in deiner Kaufland-Filiale.,2025-11-20,2025-11-26,images_kaufland/kaufland_offer_40.jpg,0
CARROMCO,Multigame-Tisch 15 in 1 »Multifun-XT«,"€ 139,00",UVP279.95,Kein Mengenpreis,"-50%; 122.00€, mit Kaufland Card",je,Nein,Dieses Angebot findest du vom 20.11. bis 26.11. in deiner Kaufland-Filiale.,2025-11-20,2025-11-26,images_kaufland/kaufland_offer_42.jpg,0
Keine Marke,Niederl./dtsch. Rosenkohl,"€ 0,69",1.49,1 kg = 0.92,-53%,je 750-g-Netz,Nein,Dieses Angebot findest du vom 24.11. bis 26.11. in deiner Kaufland-Filiale.,2025-11-24,2025-11-26,images_kaufland/kaufland_offer_04.jpg,0
K-CLASSIC,Baguettes oder Brötchen,"€ 0,49",0.69,1 kg = 1.64,-28%,je 300-g-Packg.,Nein,Dieses Angebot findest du vom 24.11. bis 26.11. in deiner Kaufland-Filiale.,2025-11-24,2025-11-26,images_kaufland/kaufland_offer_556.jpg,0
DAFGARDS,Köttbullar oder Falafel,"€ 5,99",8.99,Kein Mengenpreis,-33%,je 1-kg-Packg.,Nein,Dieses Angebot findest du vom 24.11. bis 26.11. in deiner Kaufland-Filiale.,2025-11-24,2025-11-26,images_kaufland/kaufland_offer_557.jpg,0
KINDER,Kinderini,"€ 2,79",,1 kg = 11.16,nur,je 250-g-Beutel,Nein,Dieses Angebot findest du vom 24.11. bis 26.11. in deiner Kaufland-Filiale.,2025-11-24,2025-11-26,images_kaufland/kaufland_offer_558.jpg,0
K-CLASSIC,Gouda jung,"€ 3,33",,1 kg = 7.40,nur,je 450-g-Stück,Nein,Dieses Angebot findest du vom 24.11. bis 26.11. in deiner Kaufland-Filiale.,2025-11-24,2025-11-26,images_kaufland/kaufland_offer_559.jpg,0
FREIXENET,Mederaño oder Mia,"€ 2,88",,1 l = 3.84,nur,"je 0,75-l-Fl.",Nein,Dieses Angebot findest du vom 24.11. bis 26.11. in deiner Kaufland-Filiale.,2025-11-24,2025-11-26,images_kaufland/kaufland_offer_560.jpg,0
KUSCHELWEICH,Weichspüler,"€ 1,29",,pro Anwendung = 0.04,nur,je 1-l-Fl.,Nein,Dieses Angebot findest du vom 24.11. bis 26.11. in deiner Kaufland-Filiale.,2025-11-24,2025-11-26,images_kaufland/kaufland_offer_562.jpg,0
Keine Marke,Adventskranz,"€ 14,99",,Kein Mengenpreis,nur,je,Nein,Dieses Angebot findest du vom 24.11. bis 26.11. in deiner Kaufland-Filiale.,2025-11-24,2025-11-26,images_kaufland/kaufland_offer_564.jpg,0
Keine Marke,Ital. Rucola oder Pflücksalat,"€ 0,79",0.99,1 kg = 6.32,-20%,je 125-g-Packg.,Nein,Dieses Angebot findest du vom 24.11. bis 26.11. in deiner Kaufland-Filiale.,2025-11-24,2025-11-26,images_kaufland/kaufland_offer_565.jpg,0
MERCI,Finest Selection Großpackung,"€ 5,99",8.49,1 kg = 14.98,-29%,je 400-g-Packg.,Nein,Dieses Angebot findest du vom 24.11. bis 26.11. in deiner Kaufland-Filiale.,2025-11-24,2025-11-26,images_kaufland/kaufland_offer_566.jpg,0
Keine Marke,Schnittgrün Handbund,"€ 3,49",,1 kg = 5.37,nur,je 650-g-Bund,Nein,Dieses Angebot findest du vom 24.11. bis 26.11. in deiner Kaufland-Filiale.,2025-11-24,2025-11-26,images_kaufland/kaufland_offer_568.jpg,0
K-PURLAND,Rinderfilet am Stück,"€ 29,98",,entspr. z. B. für ein 800-g-Stück 23.99,nur,je kg,Nein,Dieses Angebot findest du vom 20.11. bis 26.11. in deiner Kaufland-Filiale.,2025-11-20,2025-11-26,images_kaufland/kaufland_offer_87.jpg,0
K-PURLAND,Rindergulasch,"€ 6,49",7.89,1 kg = 12.98,-17%,je 500-g-Packg.,Nein,Dieses Angebot findest du vom 20.11. bis 26.11. in deiner Kaufland-Filiale.,2025-11-20,2025-11-26,images_kaufland/kaufland_offer_88.jpg,0
K-PURLAND,Tafelspitz vom Jungbullen,"€ 14,99",,Kein Mengenpreis,nur,je kg,Nein,Dieses Angebot findest du vom 20.11. bis 26.11. in deiner Kaufland-Filiale.,2025-11-20,2025-11-26,images_kaufland/kaufland_offer_89.jpg,0
K-PURLAND,Merguez Rindsbratwurst,"€ 3,29",3.75,1 kg = 10.97,-12%,je 5 St. = 300-g-Packg.,Nein,Dieses Angebot findest du vom 20.11. bis 26.11. in deiner Kaufland-Filiale.,2025-11-20,2025-11-26,images_kaufland/kaufland_offer_90.jpg,0
Keine Marke,Peruan./ südafrik. Avocados,"€ 1,99",2.79,1 kg = 3.98,-28%,je 500-g-Netz,Nein,Dieses Angebot findest du vom 20.11. bis 26.11. in deiner Kaufland-Filiale.,2025-11-20,2025-11-26,images_kaufland/kaufland_offer_57.jpg,0
Keine Marke,"Ital. Endiviensalat, lose","€ 1,29",1.79,Kein Mengenpreis,-27%,je Stück,Nein,Dieses Angebot findest du vom 20.11. bis 26.11. in deiner Kaufland-Filiale.,2025-11-20,2025-11-26,images_kaufland/kaufland_offer_58.jpg,0
Keine Marke,Niederl./belg. Cocktailrispentomaten,"€ 1,99",2.79,1 kg = 3.98,-28%,je 500-g-Packg.,Nein,Dieses Angebot findest du vom 20.11. bis 26.11. in deiner Kaufland-Filiale.,2025-11-20,2025-11-26,images_kaufland/kaufland_offer_59.jpg,0
Keine Marke,Demeter dtsch. Pastinaken oder Petersilienwurzeln,"€ 1,79",2.49,1 kg = 5.97,-28%,je 300-g-Packg.,Nein,Dieses Angebot findest du vom 20.11. bis 26.11. in deiner Kaufland-Filiale.,2025-11-20,2025-11-26,images_kaufland/kaufland_offer_60.jpg,0
Keine Marke,"Chin. Ingwer, lose","€ 0,39",0.59,Kein Mengenpreis,-33%,je 100 g,Nein,Dieses Angebot findest du vom 20.11. bis 26.11. in deiner Kaufland-Filiale.,2025-11-20,2025-11-26,images_kaufland/kaufland_offer_61.jpg,0
Keine Marke,"Dtsch./niederl. Zwiebeln, rot","€ 0,99",1.29,Kein Mengenpreis,-23%,je 1-kg-Packg.,Nein,Dieses Angebot findest du vom 20.11. bis 26.11. in deiner Kaufland-Filiale.,2025-11-20,2025-11-26,images_kaufland/kaufland_offer_62.jpg,0
Keine Marke,Rosen-Chrysanthemenstrauß,"€ 12,99",,Kein Mengenpreis,nur,je,Nein,Dieses Angebot findest du vom 20.11. bis 26.11. in deiner Kaufland-Filiale.,2025-11-20,2025-11-26,images_kaufland/kaufland_offer_63.jpg,0
Keine Marke,Weihnachtsstern oder Zauberstern in Keramik,"€ 6,99",,Kein Mengenpreis,nur,je,Nein,Dieses Angebot findest du vom 20.11. bis 26.11. in deiner Kaufland-Filiale.,2025-11-20,2025-11-26,images_kaufland/kaufland_offer_64.jpg,0
Keine Marke,Weihnachtsstern oder Zauberstern,"€ 3,99",,Kein Mengenpreis,nur,je,Nein,Dieses Angebot findest du vom 20.11. bis 26.11. in deiner Kaufland-Filiale.,2025-11-20,2025-11-26,images_kaufland/kaufland_offer_66.jpg,0
Keine Marke,Weihnachtsstern dekoriert,"€ 4,44",,Kein Mengenpreis,nur,je,Nein,Dieses Angebot findest du vom 20.11. bis 26.11. in deiner Kaufland-Filiale.,2025-11-20,2025-11-26,images_kaufland/kaufland_offer_67.jpg,0
Keine Marke,Weihnachtsstern Busch,"€ 8,88",,Kein Mengenpreis,nur,je,Nein,Dieses Angebot findest du vom 20.11. bis 26.11. in deiner Kaufland-Filiale.,2025-11-20,2025-11-26,images_kaufland/kaufland_offer_68.jpg,0
Keine Marke,Adventsgestecke,"€ 24,99",,Kein Mengenpreis,nur,je,Nein,Dieses Angebot findest du vom 20.11. bis 26.11. in deiner Kaufland-Filiale.,2025-11-20,2025-11-26,images_kaufland/kaufland_offer_69.jpg,0
K-WERTSCHÄTZE,Rinderhüfte,"€ 20,90",,Kein Mengenpreis,nur,je kg,Nein,Dieses Angebot findest du vom 20.11. bis 26.11. in deiner Kaufland-Filiale.,2025-11-20,2025-11-26,images_kaufland/kaufland_offer_104.jpg,0
K-WERTSCHÄTZE,Rinderbraten Hals/Hohe Rippe vom Jungbullen,"€ 13,90",17.50,Kein Mengenpreis,-20%,je kg,Nein,Dieses Angebot findest du vom 20.11. bis 26.11. in deiner Kaufland-Filiale.,2025-11-20,2025-11-26,images_kaufland/kaufland_offer_105.jpg,0
Aus eigener Herstellung,Fleischwurst,"€ 0,99",,Kein Mengenpreis,nur,je 100 g,Nein,Dieses Angebot findest du vom 20.11. bis 26.11. in deiner Kaufland-Filiale.,2025-11-20,2025-11-26,images_kaufland/kaufland_offer_106.jpg,0
Aus eigener Herstellung,Wiener oder Käsewürstchen,"€ 1,19",,Kein Mengenpreis,nur,je 100 g,Nein,Dieses Angebot findest du vom 20.11. bis 26.11. in deiner Kaufland-Filiale.,2025-11-20,2025-11-26,images_kaufland/kaufland_offer_107.jpg,0
NEUBURGER,Neuburger,"€ 1,99",,Kein Mengenpreis,nur,je 100 g,Nein,Dieses Angebot findest du vom 20.11. bis 26.11. in deiner Kaufland-Filiale.,2025-11-20,2025-11-26,images_kaufland/kaufland_offer_108.jpg,0
REINERT,Würzica,"€ 1,99",,Kein Mengenpreis,nur,je 100 g,Nein,Dieses Angebot findest du vom 20.11. bis 26.11. in deiner Kaufland-Filiale.,2025-11-20,2025-11-26,images_kaufland/kaufland_offer_109.jpg,0
Keine Marke,"Tunes. Datteln, getrocknet","€ 0,99",1.49,1 kg = 4.95,-33%,je 200-g-Packg.,Nein,Dieses Angebot findest du vom 20.11. bis 26.11. in deiner Kaufland-Filiale.,2025-11-20,2025-11-26,images_kaufland/kaufland_offer_77.jpg,0
K-PURLAND,Schweinehackfleisch,"€ 2,22",,1 kg = 4.44,nur,je 500-g-Packg.,Nein,Dieses Angebot findest du vom 20.11. bis 26.11. in deiner Kaufland-Filiale.,2025-11-20,2025-11-26,images_kaufland/kaufland_offer_78.jpg,0
K-PURLAND Schnelle Küche,Geschnetzeltes Ungar. Art,"€ 3,33",,1 kg = 6.66,nur,je 500-g-Packg.,Nein,Dieses Angebot findest du vom 20.11. bis 26.11. in deiner Kaufland-Filiale.,2025-11-20,2025-11-26,images_kaufland/kaufland_offer_79.jpg,0
K-PURLAND,Schlemmerbraten aus dem Schweinenacken,"€ 6,99",,Kein Mengenpreis,nur,je kg,Nein,Dieses Angebot findest du vom 20.11. bis 26.11. in deiner Kaufland-Filiale.,2025-11-20,2025-11-26,images_kaufland/kaufland_offer_80.jpg,0
MARCHER,Schweinefilet im Speckmantel,"€ 11,65",14.99,entspr. z. B. für ein 600-g-Stück 6.99,-22%,je kg,Nein,Dieses Angebot findest du vom 20.11. bis 26.11. in deiner Kaufland-Filiale.,2025-11-20,2025-11-26,images_kaufland/kaufland_offer_81.jpg,0
K-PURLAND,Schweinefilet,"€ 8,88",,Kein Mengenpreis,nur,je kg,Nein,Dieses Angebot findest du vom 20.11. bis 26.11. in deiner Kaufland-Filiale.,2025-11-20,2025-11-26,images_kaufland/kaufland_offer_82.jpg,0
K-PURLAND,Schinkenkrustenbraten vom Schwein,"€ 5,79",,Kein Mengenpreis,nur,je kg,Nein,Dieses Angebot findest du vom 20.11. bis 26.11. in deiner Kaufland-Filiale.,2025-11-20,2025-11-26,images_kaufland/kaufland_offer_83.jpg,0
K-PURLAND,"Kasseler Nacken/Kamm ohne Knochen, geräuchert","€ 6,79",8.29,Kein Mengenpreis,-18%,je kg,Nein,Dieses Angebot findest du vom 20.11. bis 26.11. in deiner Kaufland-Filiale.,2025-11-20,2025-11-26,images_kaufland/kaufland_offer_84.jpg,0
K-PURLAND,Dicke Rippe/Brustrippe vom Schwein,"€ 5,29",5.99,Kein Mengenpreis,-11%,je kg,Nein,Dieses Angebot findest du vom 20.11. bis 26.11. in deiner Kaufland-Filiale.,2025-11-20,2025-11-26,images_kaufland/kaufland_offer_85.jpg,0
K-PURLAND,Schinkenschnitzel,"€ 3,99",,1 kg = 6.65,nur,je 600-g-Packg.,Nein,Dieses Angebot findest du vom 20.11. bis 26.11. in deiner Kaufland-Filiale.,2025-11-20,2025-11-26,images_kaufland/kaufland_offer_86.jpg,0
EHRMANN,"High Protein Pudding, Drink oder Joghurt","€ 0,88",,1 kg = 4.40,nur,je 200-g-Becher oder 250-ml-Fl.,Nein,Dieses Angebot findest du vom 20.11. bis 26.11. in deiner Kaufland-Filiale.,2025-11-20,2025-11-26,images_kaufland/kaufland_offer_120.jpg,0
MÜLLER,Müllermilch,"€ 0,66",,1 l = 1.65,nur,je 400-ml-Fl.,Nein,Dieses Angebot findest du vom 20.11. bis 26.11. in deiner Kaufland-Filiale.,2025-11-20,2025-11-26,images_kaufland/kaufland_offer_121.jpg,0
EMMI,Caffè Latte,"€ 1,29",2.39,1 l = 5.61,-46%,je 230-ml-Becher,Nein,Dieses Angebot findest du vom 20.11. bis 26.11. in deiner Kaufland-Filiale.,2025-11-20,2025-11-26,images_kaufland/kaufland_offer_122.jpg,0
EHRMANN,Obstgarten,"€ 0,49",0.79,1 kg = 3.92,-37%,je 125-g-Becher,Nein,Dieses Angebot findest du vom 20.11. bis 26.11. in deiner Kaufland-Filiale.,2025-11-20,2025-11-26,images_kaufland/kaufland_offer_124.jpg,0
ST. MANG,Limburger oder Rubius,"€ 1,99",,1 kg = 9.95 - 11.06,nur,je 180 - 200-g-Stück,Nein,Dieses Angebot findest du vom 20.11. bis 26.11. in deiner Kaufland-Filiale.,2025-11-20,2025-11-26,images_kaufland/kaufland_offer_125.jpg,0
ALPENHAIN,Obazda,"€ 1,49",2.29,1 kg = 11.92,-34%,je 125-g-Becher,Nein,Dieses Angebot findest du vom 20.11. bis 26.11. in deiner Kaufland-Filiale.,2025-11-20,2025-11-26,images_kaufland/kaufland_offer_126.jpg,0
K-CLASSIC,Mini-Mozzarella 45 % Fett i. Tr.,"€ 0,99",1.29,Abtropfgewicht 125 g 1 kg = 7.92,-23%,je 245-g-Packg.,Nein,Dieses Angebot findest du vom 20.11. bis 26.11. in deiner Kaufland-Filiale.,2025-11-20,2025-11-26,images_kaufland/kaufland_offer_127.jpg,0
K-BIO,Bioland Hackfleisch gemischt,"€ 5,49",6.19,1 kg = 13.73,-11%,je 400-g-Packg.,Nein,Dieses Angebot findest du vom 20.11. bis 26.11. in deiner Kaufland-Filiale.,2025-11-20,2025-11-26,images_kaufland/kaufland_offer_94.jpg,0
K-CLASSIC,Nürnberger Rostbratwürste,"€ 2,59",3.29,1 kg = 8.64 - 10.36,-21%,je 12 - 14 St. = 250 - 300-g-Packg.,Nein,Dieses Angebot findest du vom 20.11. bis 26.11. in deiner Kaufland-Filiale.,2025-11-20,2025-11-26,images_kaufland/kaufland_offer_95.jpg,0
WIESENHOF,Geflügelwurst,"€ 1,19",1.49,1 kg = 11.90 - 14.88,-20%,je 80 - 100-g-Packg.,Nein,Dieses Angebot findest du vom 20.11. bis 26.11. in deiner Kaufland-Filiale.,2025-11-20,2025-11-26,images_kaufland/kaufland_offer_96.jpg,0
K-CLASSIC,Wurst-Aufschnitt,"€ 0,99",1.29,1 kg = 4.95,-23%,je 200-g-Packg.,Nein,Dieses Angebot findest du vom 20.11. bis 26.11. in deiner Kaufland-Filiale.,2025-11-20,2025-11-26,images_kaufland/kaufland_offer_97.jpg,0
LANGEWIESCHE,Krustenschinken,"€ 2,22",2.99,1 kg = 12.34,-25%,je 180-g-Packg.,Nein,Dieses Angebot findest du vom 20.11. bis 26.11. in deiner Kaufland-Filiale.,2025-11-20,2025-11-26,images_kaufland/kaufland_offer_98.jpg,0
WIESENHOF,Geflügel-Bacon,"€ 1,29",1.79,1 kg = 16.13,-27%,je 80-g-Packg.,Nein,Dieses Angebot findest du vom 20.11. bis 26.11. in deiner Kaufland-Filiale.,2025-11-20,2025-11-26,images_kaufland/kaufland_offer_99.jpg,0
K-CLASSIC,Gourmet Edel-Salami,"€ 1,29",1.69,1 kg = 16.13,-23%,je 80-g-Packg.,Nein,Dieses Angebot findest du vom 20.11. bis 26.11. in deiner Kaufland-Filiale.,2025-11-20,2025-11-26,images_kaufland/kaufland_offer_100.jpg,0
K-CLASSIC,Salami-Sticks,"€ 1,59",1.99,1 kg = 15.90,-20%,je 10 St. = 100-g-Packg.,Nein,Dieses Angebot findest du vom 20.11. bis 26.11. in deiner Kaufland-Filiale.,2025-11-20,2025-11-26,images_kaufland/kaufland_offer_101.jpg,0
K-WERTSCHÄTZE,Schweinenackensteak mariniert,"€ 8,90",12.90,Kein Mengenpreis,-31%,je kg,Nein,Dieses Angebot findest du vom 20.11. bis 26.11. in deiner Kaufland-Filiale.,2025-11-20,2025-11-26,images_kaufland/kaufland_offer_103.jpg,0
GALBANI,Ricotta,"€ 1,99",2.79,1 kg = 7.96,-28%,je 250-g-Becher,Nein,Dieses Angebot findest du vom 20.11. bis 26.11. in deiner Kaufland-Filiale.,2025-11-20,2025-11-26,images_kaufland/kaufland_offer_136.jpg,0
LÄTTA,Brotaufstrich,"€ 1,19",2.19,1 kg = 2.65,-45%,je 450-g-Becher,Nein,Dieses Angebot findest du vom 20.11. bis 26.11. in deiner Kaufland-Filiale.,2025-11-20,2025-11-26,images_kaufland/kaufland_offer_137.jpg,0
ROYAL ORANGE,Maasdam,"€ 0,79",,Kein Mengenpreis,nur,je 100 g,Nein,Dieses Angebot findest du vom 20.11. bis 26.11. in deiner Kaufland-Filiale.,2025-11-20,2025-11-26,images_kaufland/kaufland_offer_138.jpg,0
EMMI KALTBACH,Le Gruyère AOP,"€ 2,49",,Kein Mengenpreis,nur,je 100 g,Nein,Dieses Angebot findest du vom 20.11. bis 26.11. in deiner Kaufland-Filiale.,2025-11-20,2025-11-26,images_kaufland/kaufland_offer_139.jpg,0
GRÜNLÄNDER,Dtsch. Schnittkäse,"€ 0,99",2.09,Kein Mengenpreis,-52%,je 100 g,Nein,Dieses Angebot findest du vom 20.11. bis 26.11. in deiner Kaufland-Filiale.,2025-11-20,2025-11-26,images_kaufland/kaufland_offer_140.jpg,0
"CAMBOZOLA, MONTAGNOLO,",ROUGETTE oder FIORELLA DI TOMINO,"€ 1,79",2.69,Kein Mengenpreis,-33%,je 100 g,Nein,Dieses Angebot findest du vom 20.11. bis 26.11. in deiner Kaufland-Filiale.,2025-11-20,2025-11-26,images_kaufland/kaufland_offer_141.jpg,0
IGLO,Gemüsestäbchen,"€ 2,22",2.99,1 kg = 5.22,-25%,je 15 St. = 426-g-Packg.,Nein,Dieses Angebot findest du vom 20.11. bis 26.11. in deiner Kaufland-Filiale.,2025-11-20,2025-11-26,images_kaufland/kaufland_offer_142.jpg,0
MILKA oder OREO,Stieleis,"€ 2,22",3.99,1 l = 8.23,-44%,je 3 St. = 270-ml-Packg.,Nein,Dieses Angebot findest du vom 20.11. bis 26.11. in deiner Kaufland-Filiale.,2025-11-20,2025-11-26,images_kaufland/kaufland_offer_143.jpg,0
WALTER GOTT,Ice Cubes oder Crushed Ice,"€ 0,99",,1 kg = 0.50,nur,je 2-kg-Beutel,Nein,Dieses Angebot findest du vom 20.11. bis 26.11. in deiner Kaufland-Filiale.,2025-11-20,2025-11-26,images_kaufland/kaufland_offer_144.jpg,0
GUTSMEISTER,Salami,"€ 1,11",2.29,Kein Mengenpreis,-51%,je 100 g,Nein,Dieses Angebot findest du vom 20.11. bis 26.11. in deiner Kaufland-Filiale.,2025-11-20,2025-11-26,images_kaufland/kaufland_offer_110.jpg,0
DER NORDERNEYER,Seeluftschinken,"€ 2,99",,Kein Mengenpreis,nur,je 100 g,Nein,Dieses Angebot findest du vom 20.11. bis 26.11. in deiner Kaufland-Filiale.,2025-11-20,2025-11-26,images_kaufland/kaufland_offer_111.jpg,0
Keine Marke,Kalbsschnitzel,"€ 22,90",,Kein Mengenpreis,nur,je kg,Nein,Dieses Angebot findest du vom 20.11. bis 26.11. in deiner Kaufland-Filiale.,2025-11-20,2025-11-26,images_kaufland/kaufland_offer_112.jpg,0
Rehbraten/-gulasch,aus der Keule,"€ 28,90",,Kein Mengenpreis,nur,je kg,Nein,Dieses Angebot findest du vom 20.11. bis 26.11. in deiner Kaufland-Filiale.,2025-11-20,2025-11-26,images_kaufland/kaufland_offer_113.jpg,0
Keine Marke,Norweg. Lachsfilet,"€ 14,99",,Kein Mengenpreis,nur,je kg,Nein,Dieses Angebot findest du vom 20.11. bis 26.11. in deiner Kaufland-Filiale.,2025-11-20,2025-11-26,images_kaufland/kaufland_offer_114.jpg,0
LANDLIEBE,"Frische Weidemilch 3,8 % Fett","€ 1,79",,1 l = 1.20,nur,"je 1,5-l-Packg.",Nein,Dieses Angebot findest du vom 20.11. bis 26.11. in deiner Kaufland-Filiale.,2025-11-20,2025-11-26,images_kaufland/kaufland_offer_116.jpg,0
DR. OETKER,Paula,"€ 1,49",,1 kg = 2.98 - 3.73,nur,je 4 - 8 Becher = 400 - 500-g-Packg.,Nein,Dieses Angebot findest du vom 20.11. bis 26.11. in deiner Kaufland-Filiale.,2025-11-20,2025-11-26,images_kaufland/kaufland_offer_119.jpg,0
ESCAL,Regenbogen-Forellen,"€ 6,99",8.29,Kein Mengenpreis,-15%,"je 1 - 1,035-kg-Packg.",Nein,Dieses Angebot findest du vom 20.11. bis 26.11. in deiner Kaufland-Filiale.,2025-11-20,2025-11-26,images_kaufland/kaufland_offer_152.jpg,0
JOSEF MAIER,Hirschbraten,"€ 9,99",13.99,1 kg = 16.65,-28%,je 600-g-Packg.,Nein,Dieses Angebot findest du vom 20.11. bis 26.11. in deiner Kaufland-Filiale.,2025-11-20,2025-11-26,images_kaufland/kaufland_offer_154.jpg,0
BÜRGER,Maultaschen,"€ 1,49",1.89,1 kg = 4.97,-21%,je 6 St. = 300-g-Packg.,Nein,Dieses Angebot findest du vom 20.11. bis 26.11. in deiner Kaufland-Filiale.,2025-11-20,2025-11-26,images_kaufland/kaufland_offer_156.jpg,0
TANTE FANNY,Frischer Mürbteig oder Honig-Lebkuchenteig,"€ 1,99",2.99,1 kg = 4.98 - 5.69,-33%,je 350 - 400-g-Packg.,Nein,Dieses Angebot findest du vom 20.11. bis 26.11. in deiner Kaufland-Filiale.,2025-11-20,2025-11-26,images_kaufland/kaufland_offer_157.jpg,0
SIMPLY V,Vegane Käse-Alternative,"€ 1,99",2.49,1 kg = 11.06 - 13.27,-20%,je 150 - 180-g-Packg.,Nein,Dieses Angebot findest du vom 20.11. bis 26.11. in deiner Kaufland-Filiale.,2025-11-20,2025-11-26,images_kaufland/kaufland_offer_159.jpg,0
BÜSUMER FEINKOST,Räucher- oder Graved Lachs,"€ 3,69",4.59,1 kg = 36.90,-19%,je 100-g-Packg.,Nein,Dieses Angebot findest du vom 20.11. bis 26.11. in deiner Kaufland-Filiale.,2025-11-20,2025-11-26,images_kaufland/kaufland_offer_160.jpg,0
K-CLASSIC,Pfirsiche,"€ 1,49",1.99,Abtropfgewicht 480 g 1 kg = 3.11,-25%,je 820-g-Dose,Nein,Dieses Angebot findest du vom 20.11. bis 26.11. in deiner Kaufland-Filiale.,2025-11-20,2025-11-26,images_kaufland/kaufland_offer_161.jpg,0
K-CLASSIC,Champignons,"€ 0,59",0.79,Abtropfgewicht 170 g 1 kg = 3.48,-25%,je 290-g-Dose,Nein,Dieses Angebot findest du vom 20.11. bis 26.11. in deiner Kaufland-Filiale.,2025-11-20,2025-11-26,images_kaufland/kaufland_offer_162.jpg,0
K-CLASSIC,Gemüsemais,"€ 0,79",0.99,Abtropfgewicht 285 g 1 kg = 2.78,-20%,je 340-g-Dose,Nein,Dieses Angebot findest du vom 20.11. bis 26.11. in deiner Kaufland-Filiale.,2025-11-20,2025-11-26,images_kaufland/kaufland_offer_163.jpg,0
KIRI,Mit Sahne,"€ 2,79",3.99,1 kg = 15.50,-30%,je 10 St. = 180-g-Packg.,Nein,Dieses Angebot findest du vom 20.11. bis 26.11. in deiner Kaufland-Filiale.,2025-11-20,2025-11-26,images_kaufland/kaufland_offer_129.jpg,0
K-CLASSIC,Schmelzkäsescheiben,"€ 1,49",1.69,1 kg = 5.96,-11%,je 250-g-Packg.,Nein,Dieses Angebot findest du vom 20.11. bis 26.11. in deiner Kaufland-Filiale.,2025-11-20,2025-11-26,images_kaufland/kaufland_offer_130.jpg,0
BONBEL,Franz. Butterkäse,"€ 1,79",2.79,1 kg = 17.90,-35%,je 100-g-Packg.,Nein,Dieses Angebot findest du vom 20.11. bis 26.11. in deiner Kaufland-Filiale.,2025-11-20,2025-11-26,images_kaufland/kaufland_offer_131.jpg,0
SALZBURGMILCH,Bergkäse oder Heujuwel,"€ 2,49",,1 kg = 9.96,nur,je 250-g-Stück,Nein,Dieses Angebot findest du vom 20.11. bis 26.11. in deiner Kaufland-Filiale.,2025-11-20,2025-11-26,images_kaufland/kaufland_offer_132.jpg,0
FERDI FUCHS,Cheese-Sticks/Gouda-Scheiben,"€ 1,39",,1 kg = 17.38,nur,je 80-g-Packg.,Nein,Dieses Angebot findest du vom 20.11. bis 26.11. in deiner Kaufland-Filiale.,2025-11-20,2025-11-26,images_kaufland/kaufland_offer_133.jpg,0
LEERDAMMER Pizza- & Pasta-,oder Auflauf-Genuss,"€ 1,99",2.89,1 kg = 12.44,-31%,je 160-g-Packg.,Nein,Dieses Angebot findest du vom 20.11. bis 26.11. in deiner Kaufland-Filiale.,2025-11-20,2025-11-26,images_kaufland/kaufland_offer_134.jpg,0
BRESSO,Frischkäse oder Frischkäsezubereitung,"€ 1,11",,1 kg = 7.40 - 9.25,nur,je 120 - 150-g-Packg.,Nein,Dieses Angebot findest du vom 20.11. bis 26.11. in deiner Kaufland-Filiale.,2025-11-20,2025-11-26,images_kaufland/kaufland_offer_135.jpg,0
Keine Marke,Sweet Peppacaps,"€ 1,59",,Kein Mengenpreis,nur,je 100 g,Nein,Dieses Angebot findest du vom 20.11. bis 26.11. in deiner Kaufland-Filiale.,2025-11-20,2025-11-26,images_kaufland/kaufland_offer_171.jpg,0
Antipasti-Creme,Doppelrahmstufe,"€ 0,99",,Kein Mengenpreis,nur,je 100 g,Nein,Dieses Angebot findest du vom 20.11. bis 26.11. in deiner Kaufland-Filiale.,2025-11-20,2025-11-26,images_kaufland/kaufland_offer_172.jpg,0
Keine Marke,Pizza »Mediterran«,"€ 0,75",,Kein Mengenpreis,nur,je Stück,Nein,Dieses Angebot findest du vom 20.11. bis 26.11. in deiner Kaufland-Filiale.,2025-11-20,2025-11-26,images_kaufland/kaufland_offer_173.jpg,0
Keine Marke,Quarkbällchen,"€ 1,19",,1 kg = 7.09,nur,je 6 St. = 168-g-Packg.,Nein,Dieses Angebot findest du vom 20.11. bis 26.11. in deiner Kaufland-Filiale.,2025-11-20,2025-11-26,images_kaufland/kaufland_offer_174.jpg,0
Keine Marke,Sternberliner,"€ 0,49",,Kein Mengenpreis,nur,je Stück,Nein,Dieses Angebot findest du vom 20.11. bis 26.11. in deiner Kaufland-Filiale.,2025-11-20,2025-11-26,images_kaufland/kaufland_offer_175.jpg,0
Keine Marke,Donut »White Frozen«,"€ 0,39",,Kein Mengenpreis,nur,je Stück,Nein,Dieses Angebot findest du vom 20.11. bis 26.11. in deiner Kaufland-Filiale.,2025-11-20,2025-11-26,images_kaufland/kaufland_offer_176.jpg,0
Keine Marke,Laugenbrezel,"€ 0,29",0.39,Kein Mengenpreis,-25%,je Stück,Nein,Dieses Angebot findest du vom 20.11. bis 26.11. in deiner Kaufland-Filiale.,2025-11-20,2025-11-26,images_kaufland/kaufland_offer_177.jpg,0
Keine Marke,Weizenmischbrot,"€ 1,39",,Kein Mengenpreis,nur,je 1-kg-Stück,Nein,Dieses Angebot findest du vom 20.11. bis 26.11. in deiner Kaufland-Filiale.,2025-11-20,2025-11-26,images_kaufland/kaufland_offer_178.jpg,0
Keine Marke,Dinkelvollkornbrötchen,"€ 0,39",0.45,Kein Mengenpreis,-13%,je Stück,Nein,Dieses Angebot findest du vom 20.11. bis 26.11. in deiner Kaufland-Filiale.,2025-11-20,2025-11-26,images_kaufland/kaufland_offer_179.jpg,0
K-CLASSIC,Toastbrötchen,"€ 0,79",0.99,1 kg = 2.36,-20%,je 6 St. = 335-g-Packg.,Nein,Dieses Angebot findest du vom 20.11. bis 26.11. in deiner Kaufland-Filiale.,2025-11-20,2025-11-26,images_kaufland/kaufland_offer_180.jpg,0
ROLDROB,Bio-Hafermastgans,"€ 14,99",,entspr. z. B. für ein 3-kg-Stück 44.97,nur,je kg,Nein,Dieses Angebot findest du vom 20.11. bis 26.11. in deiner Kaufland-Filiale.,2025-11-20,2025-11-26,images_kaufland/kaufland_offer_145.jpg,0
K-CLASSIC,Hähnchen-Knusperdinos,"€ 2,49",3.29,1 kg = 6.23,-24%,je 400-g-Packg.,Nein,Dieses Angebot findest du vom 20.11. bis 26.11. in deiner Kaufland-Filiale.,2025-11-20,2025-11-26,images_kaufland/kaufland_offer_146.jpg,0
Keine Marke,Barbarie-Ente,"€ 5,99",,"entspr. z. B. für ein 2,4-kg-Stück 14.38",nur,je kg,Nein,Dieses Angebot findest du vom 20.11. bis 26.11. in deiner Kaufland-Filiale.,2025-11-20,2025-11-26,images_kaufland/kaufland_offer_147.jpg,0
GUSTAVO GUSTO,Amore Napoli Pizza,"€ 2,99",3.79,1 kg = 8.93 - 9.50,-21%,je 315 - 335-g-Packg.,Nein,Dieses Angebot findest du vom 20.11. bis 26.11. in deiner Kaufland-Filiale.,2025-11-20,2025-11-26,images_kaufland/kaufland_offer_148.jpg,0
COPPENRATH & WIESE,Meistertorte,"€ 5,99",8.49,1 kg = 5.45 - 11.98,-29%,je 500 - 1100-g-Packg.,Nein,Dieses Angebot findest du vom 20.11. bis 26.11. in deiner Kaufland-Filiale.,2025-11-20,2025-11-26,images_kaufland/kaufland_offer_150.jpg,0
AGRARFROST,Genießer-Kroketten,"€ 1,99",2.49,1 kg = 3.32,-20%,je 600-g-Packg.,Nein,Dieses Angebot findest du vom 20.11. bis 26.11. in deiner Kaufland-Filiale.,2025-11-20,2025-11-26,images_kaufland/kaufland_offer_151.jpg,0
KNORR,Fix,"€ 0,39",,1 kg = 4.34 - 13.93,nur,je 28 - 90-g-Beutel,Nein,Dieses Angebot findest du vom 20.11. bis 26.11. in deiner Kaufland-Filiale.,2025-11-20,2025-11-26,images_kaufland/kaufland_offer_187.jpg,0
KNORR,Feinschmecker Sauce,"€ 0,79",,1 l = 3.16,nur,je Beutel,Nein,Dieses Angebot findest du vom 20.11. bis 26.11. in deiner Kaufland-Filiale.,2025-11-20,2025-11-26,images_kaufland/kaufland_offer_188.jpg,0
BERTOLLI,Pasta-Sauce,"€ 1,99",2.99,1 kg = 4.98,-33%,je 400-g-Glas,Nein,Dieses Angebot findest du vom 20.11. bis 26.11. in deiner Kaufland-Filiale.,2025-11-20,2025-11-26,images_kaufland/kaufland_offer_189.jpg,0
SACLA,Creamy Pesto,"€ 2,22",3.39,1 kg = 7.66,-34%,je 290-g-Glas,Nein,Dieses Angebot findest du vom 20.11. bis 26.11. in deiner Kaufland-Filiale.,2025-11-20,2025-11-26,images_kaufland/kaufland_offer_190.jpg,0
SACLA,Bio-Pesto,"€ 2,22",3.49,1 kg = 11.69,-36%,je 190-g-Glas,Nein,Dieses Angebot findest du vom 20.11. bis 26.11. in deiner Kaufland-Filiale.,2025-11-20,2025-11-26,images_kaufland/kaufland_offer_191.jpg,0
K-CLASSIC,Nudeln,"€ 0,59",,1 kg = 1.18,nur,je 500-g-Packg.,Nein,Dieses Angebot findest du vom 20.11. bis 26.11. in deiner Kaufland-Filiale.,2025-11-20,2025-11-26,images_kaufland/kaufland_offer_192.jpg,0
ZABLER,Paradiso Bio-Nudeln,"€ 1,99",2.99,1 kg = 3.98,-33%,je 500-g-Beutel,Nein,Dieses Angebot findest du vom 20.11. bis 26.11. in deiner Kaufland-Filiale.,2025-11-20,2025-11-26,images_kaufland/kaufland_offer_193.jpg,0
PFANNI,Kartoffelpüree,"€ 1,49",2.49,1 kg = 5.27 - 9.94,-40%,"je 150 - 283,5-g-Packg.",Nein,Dieses Angebot findest du vom 20.11. bis 26.11. in deiner Kaufland-Filiale.,2025-11-20,2025-11-26,images_kaufland/kaufland_offer_195.jpg,0
SCHWARTAU,Konfitüre Extra,"€ 1,99",2.69,1 kg = 5.86 - 7.11,-26%,je 280 - 340-g-Glas,Nein,Dieses Angebot findest du vom 20.11. bis 26.11. in deiner Kaufland-Filiale.,2025-11-20,2025-11-26,images_kaufland/kaufland_offer_196.jpg,0
SCHWARTAU,Samt,"€ 1,99",,1 kg = 7.37 - 7.81,nur,je 255 - 270-g-Glas,Nein,Dieses Angebot findest du vom 20.11. bis 26.11. in deiner Kaufland-Filiale.,2025-11-20,2025-11-26,images_kaufland/kaufland_offer_197.jpg,0
ZENTIS,Nusspli oder Erdnussbutter,"€ 1,99",2.99,1 kg = 4.98 - 5.69,-33%,je 350 - 400-g-Glas,Nein,Dieses Angebot findest du vom 20.11. bis 26.11. in deiner Kaufland-Filiale.,2025-11-20,2025-11-26,images_kaufland/kaufland_offer_198.jpg,0
KÜHNE,Gewürzgurken oder »Dänischer« Gurkensalat,"€ 1,59",,Abtropfgewicht 360 g 1 kg = 4.42,nur,je 670-g-Glas,Nein,Dieses Angebot findest du vom 20.11. bis 26.11. in deiner Kaufland-Filiale.,2025-11-20,2025-11-26,images_kaufland/kaufland_offer_164.jpg,0
HENGSTENBERG,Mildessa,"€ 1,49",2.49,Abtropfgewicht 770 g 1 kg = 1.94,-40%,je 810-g-Dose,Nein,Dieses Angebot findest du vom 20.11. bis 26.11. in deiner Kaufland-Filiale.,2025-11-20,2025-11-26,images_kaufland/kaufland_offer_165.jpg,0
K-CLASSIC,Eintopf,"€ 1,49",1.89,1 kg = 1.87,-21%,je 800-g-Dose,Nein,Dieses Angebot findest du vom 20.11. bis 26.11. in deiner Kaufland-Filiale.,2025-11-20,2025-11-26,images_kaufland/kaufland_offer_166.jpg,0
KÜHNE,Dressing,"€ 1,99",,1 l = 3.98,nur,je 500-ml-Fl.,Nein,Dieses Angebot findest du vom 20.11. bis 26.11. in deiner Kaufland-Filiale.,2025-11-20,2025-11-26,images_kaufland/kaufland_offer_167.jpg,0
BERTOLLI,Natives Olivenöl extra,"€ 15,99",,1 l = 10.66,nur,"je 1,5-l-Fl.",Nein,Dieses Angebot findest du vom 20.11. bis 26.11. in deiner Kaufland-Filiale.,2025-11-20,2025-11-26,images_kaufland/kaufland_offer_170.jpg,0
SEEBERGER,Datteln,"€ 2,22",3.29,1 kg = 11.10,-32%,je 200-g-Packg.,Nein,Dieses Angebot findest du vom 20.11. bis 26.11. in deiner Kaufland-Filiale.,2025-11-20,2025-11-26,images_kaufland/kaufland_offer_203.jpg,0
LAMBERTZ,Composition,"€ 3,49",4.99,1 kg = 6.98,-30%,je 500-g-Packg.,Nein,Dieses Angebot findest du vom 20.11. bis 26.11. in deiner Kaufland-Filiale.,2025-11-20,2025-11-26,images_kaufland/kaufland_offer_204.jpg,0
DALLMAYR,Classic,"€ 6,79",8.99,1 kg = 13.58,-24%,je 500-g-Vak.-Packg.,Nein,Dieses Angebot findest du vom 20.11. bis 26.11. in deiner Kaufland-Filiale.,2025-11-20,2025-11-26,images_kaufland/kaufland_offer_205.jpg,0
KRÜGER FAMILY,Kaffeesticks,"€ 1,99",2.79,1 kg = 11.06 - 14.22,-28%,je 10 St. = 140 - 180-g-Packg.,Nein,Dieses Angebot findest du vom 20.11. bis 26.11. in deiner Kaufland-Filiale.,2025-11-20,2025-11-26,images_kaufland/kaufland_offer_207.jpg,0
DALLMAYR,Capsa Kaffeekapseln,"€ 2,59",,1 kg = 46.25,nur,je 10 St. = 56-g-Packg.,Nein,Dieses Angebot findest du vom 20.11. bis 26.11. in deiner Kaufland-Filiale.,2025-11-20,2025-11-26,images_kaufland/kaufland_offer_208.jpg,0
TEEKANNE,Wintertee,"€ 1,79",2.49,1 kg = 35.80 - 44.20,-28%,"je 18 - 20 Btl. = 40,5 - 50-g-Packg.",Nein,Dieses Angebot findest du vom 20.11. bis 26.11. in deiner Kaufland-Filiale.,2025-11-20,2025-11-26,images_kaufland/kaufland_offer_210.jpg,0
CUPPER,Bio-Tee,"€ 1,99",2.95,1 kg = 39.80 - 66.34,-32%,je 20 Btl. = 30 - 50-g-Packg.,Nein,Dieses Angebot findest du vom 20.11. bis 26.11. in deiner Kaufland-Filiale.,2025-11-20,2025-11-26,images_kaufland/kaufland_offer_211.jpg,0
POM-BÄR,Crizzlies Original,"€ 1,99",2.89,1 kg = 12.84,-31%,je 155-g-Dose,Nein,Dieses Angebot findest du vom 20.11. bis 26.11. in deiner Kaufland-Filiale.,2025-11-20,2025-11-26,images_kaufland/kaufland_offer_213.jpg,0
FUNNY-FRISCH,Kesselchips oder Riffels,"€ 1,49",2.49,1 kg = 9.94 - 12.42,-40%,je 120 - 150-g-Beutel,Nein,Dieses Angebot findest du vom 20.11. bis 26.11. in deiner Kaufland-Filiale.,2025-11-20,2025-11-26,images_kaufland/kaufland_offer_214.jpg,0
FUNNY-FRISCH,Erdnuss-Flippies,"€ 1,49",,1 kg = 8.52 - 9.94,nur,je 150 - 175-g-Packg.,Nein,Dieses Angebot findest du vom 20.11. bis 26.11. in deiner Kaufland-Filiale.,2025-11-20,2025-11-26,images_kaufland/kaufland_offer_216.jpg,0
MILKA,Schokolade,"€ 0,95",,1 kg = 10.00 - 11.18,nur,je 85 - 95-g-Tafel,Nein,Dieses Angebot findest du vom 20.11. bis 26.11. in deiner Kaufland-Filiale.,2025-11-20,2025-11-26,images_kaufland/kaufland_offer_217.jpg,0
AFTER EIGHT,Hauchdünne Täfelchen,"€ 3,99",7.49,1 kg = 9.98,-46%,je 400-g-Packg.,Nein,Dieses Angebot findest du vom 20.11. bis 26.11. in deiner Kaufland-Filiale.,2025-11-20,2025-11-26,images_kaufland/kaufland_offer_219.jpg,0
HARRY,Anno 1688,"€ 1,89",2.39,1 kg = 3.78,-20%,je 500-g-Packg.,Nein,Dieses Angebot findest du vom 20.11. bis 26.11. in deiner Kaufland-Filiale.,2025-11-20,2025-11-26,images_kaufland/kaufland_offer_181.jpg,0
DR. KARG'S,Crispies,"€ 1,99",2.89,1 kg = 11.71,-31%,je 170-g-Packg.,Nein,Dieses Angebot findest du vom 20.11. bis 26.11. in deiner Kaufland-Filiale.,2025-11-20,2025-11-26,images_kaufland/kaufland_offer_182.jpg,0
NISSIN,Cup Noodles,"€ 0,89",1.19,1 kg = 13.29 - 14.13,-25%,je 63 - 67-g-Becher,Nein,Dieses Angebot findest du vom 20.11. bis 26.11. in deiner Kaufland-Filiale.,2025-11-20,2025-11-26,images_kaufland/kaufland_offer_185.jpg,0
KNORR,Feinschmecker Suppe,"€ 0,79",,1 l = 1.06 - 1.58,nur,je Beutel,Nein,Dieses Angebot findest du vom 20.11. bis 26.11. in deiner Kaufland-Filiale.,2025-11-20,2025-11-26,images_kaufland/kaufland_offer_186.jpg,0
ÜLTJE,Swavy,"€ 1,99",,1 kg = 11.71 - 16.59,nur,je 120 - 170-g-Packg.,Nein,Dieses Angebot findest du vom 20.11. bis 26.11. in deiner Kaufland-Filiale.,2025-11-20,2025-11-26,images_kaufland/kaufland_offer_224.jpg,0
K-WINTER EDITION,Mini-Weihnachtsfiguren,"€ 2,22",2.99,1 kg = 17.76,-25%,je 125-g-Packg.,Nein,Dieses Angebot findest du vom 20.11. bis 26.11. in deiner Kaufland-Filiale.,2025-11-20,2025-11-26,images_kaufland/kaufland_offer_226.jpg,0
K-WINTER EDITION,Marzipankartoffeln,"€ 1,19",1.49,1 kg = 9.52,-20%,je 125-g-Packg.,Nein,Dieses Angebot findest du vom 20.11. bis 26.11. in deiner Kaufland-Filiale.,2025-11-20,2025-11-26,images_kaufland/kaufland_offer_227.jpg,0
K-WINTER EDITION,Marzipanbrot,"€ 1,19",,1 kg = 6.80,nur,je 175-g-Packg.,Nein,Dieses Angebot findest du vom 20.11. bis 26.11. in deiner Kaufland-Filiale.,2025-11-20,2025-11-26,images_kaufland/kaufland_offer_228.jpg,0
K-WINTER EDITION,Eierlikörfässchen,"€ 1,89",2.29,1 kg = 15.12,-17%,je 125-g-Packg.,Nein,Dieses Angebot findest du vom 20.11. bis 26.11. in deiner Kaufland-Filiale.,2025-11-20,2025-11-26,images_kaufland/kaufland_offer_229.jpg,0
MILKA,Weihnachts- oder Schneemann,"€ 1,19",1.89,1 kg = 23.80 - 26.45,-37%,je 45 - 50-g-Stück,Nein,Dieses Angebot findest du vom 20.11. bis 26.11. in deiner Kaufland-Filiale.,2025-11-20,2025-11-26,images_kaufland/kaufland_offer_232.jpg,0
KINDER,Überraschung Riesen-Ei,"€ 7,29",,1 kg = 33.14,nur,je 220-g-Stück,Nein,Dieses Angebot findest du vom 20.11. bis 26.11. in deiner Kaufland-Filiale.,2025-11-20,2025-11-26,images_kaufland/kaufland_offer_233.jpg,0
STORCK,Toffifee,"€ 3,49",4.49,1 kg = 9.31,-22%,je 375-g-Packg.,Nein,Dieses Angebot findest du vom 20.11. bis 26.11. in deiner Kaufland-Filiale.,2025-11-20,2025-11-26,images_kaufland/kaufland_offer_234.jpg,0
LINDT,Weihnachtliche Kugeln oder Zapfen,"€ 3,49",4.99,1 kg = 34.56 - 38.78,-30%,je 90 - 101-g-Beutel,Nein,Dieses Angebot findest du vom 20.11. bis 26.11. in deiner Kaufland-Filiale.,2025-11-20,2025-11-26,images_kaufland/kaufland_offer_235.jpg,0
KINDER & FERRERO,Gefüllte Weihnachtssocke,"€ 7,99",,1 kg = 37.69,nur,je 212-g-Packg.,Nein,Dieses Angebot findest du vom 20.11. bis 26.11. in deiner Kaufland-Filiale.,2025-11-20,2025-11-26,images_kaufland/kaufland_offer_239.jpg,0
NUTELLA,Winterstiefel,"€ 7,99",,1 kg = 38.23,nur,je 209-g-Packg.,Nein,Dieses Angebot findest du vom 20.11. bis 26.11. in deiner Kaufland-Filiale.,2025-11-20,2025-11-26,images_kaufland/kaufland_offer_240.jpg,0
KINDER,Mix Stiefel oder Maxi Mix Stofftier,"€ 7,99",,1 kg = 36.49 - 60.08,nur,je 133 - 219-g-Packg.,Nein,Dieses Angebot findest du vom 20.11. bis 26.11. in deiner Kaufland-Filiale.,2025-11-20,2025-11-26,images_kaufland/kaufland_offer_241.jpg,0
BAD REICHENHALLER,Alpensalz,"€ 0,59",0.75,1 kg = 1.18,-21%,je 500-g-Packg.,Nein,Dieses Angebot findest du vom 20.11. bis 26.11. in deiner Kaufland-Filiale.,2025-11-20,2025-11-26,images_kaufland/kaufland_offer_199.jpg,0
MONDAMIN,Soßenbinder oder Mehlschwitze,"€ 1,29",,1 kg = 5.16,nur,je 250-g-Packg.,Nein,Dieses Angebot findest du vom 20.11. bis 26.11. in deiner Kaufland-Filiale.,2025-11-20,2025-11-26,images_kaufland/kaufland_offer_200.jpg,0
DR. OETKER,Kuchenbackmischung »Wolke«,"€ 2,49",,1 kg = 5.48 - 5.80,nur,je 430 - 455-g-Packg.,Nein,Dieses Angebot findest du vom 20.11. bis 26.11. in deiner Kaufland-Filiale.,2025-11-20,2025-11-26,images_kaufland/kaufland_offer_201.jpg,0
DR. OETKER,Paradiescreme,"€ 0,79",1.29,1 kg = 10.68 - 14.37,-38%,je 55 - 74-g-Beutel,Nein,Dieses Angebot findest du vom 20.11. bis 26.11. in deiner Kaufland-Filiale.,2025-11-20,2025-11-26,images_kaufland/kaufland_offer_202.jpg,0
FERRERO,Die Besten,"€ 5,99",7.49,1 kg = 22.27,-20%,je 26 St. = 269-g-Packg.,Nein,Dieses Angebot findest du vom 20.11. bis 26.11. in deiner Kaufland-Filiale.,2025-11-20,2025-11-26,images_kaufland/kaufland_offer_220.jpg,0
"LION, NUTS, KITKAT oder",SMARTIES,"€ 1,79",,1 kg = 10.79 - 13.17,nur,je 4 - 5 St. = 136 - 166-g-Packg.,Nein,Dieses Angebot findest du vom 20.11. bis 26.11. in deiner Kaufland-Filiale.,2025-11-20,2025-11-26,images_kaufland/kaufland_offer_222.jpg,0
OSANN,Kindersitz »Four360 S«,"€ 129,00",UVP229.95,Kein Mengenpreis,"-43%; 111.00€, mit Kaufland Card",je,Nein,Dieses Angebot findest du vom 20.11. bis 26.11. in deiner Kaufland-Filiale.,2025-11-20,2025-11-26,images_kaufland/kaufland_offer_43.jpg,0
LENOR,Wäscheparfüm,"€ 4,99",,1 kg = 18.15 / 1 kg = 16.15**,"nur; 4.44€, mit Kaufland Card",je 275-g-Fl.,Nein,Dieses Angebot findest du vom 24.11. bis 26.11. in deiner Kaufland-Filiale.,2025-11-24,2025-11-26,images_kaufland/kaufland_offer_44.jpg,0
LILLET,Weinaperitif,"€ 10,99",16.49,1 l = 14.66 / 1 l = 13.32**,"-33%; 9.99€, mit Kaufland Card","je 0,75-l-Fl.",Nein,Dieses Angebot findest du vom 24.11. bis 26.11. in deiner Kaufland-Filiale.,2025-11-24,2025-11-26,images_kaufland/kaufland_offer_45.jpg,0
WEIHENSTEPHAN,Haltbarer od. frischer Kakao,"€ 1,59",2.19,Kein Mengenpreis,"-27%; 1.39€, mit Kaufland Card",je 1-l-Packg.,Nein,Dieses Angebot findest du vom 24.11. bis 26.11. in deiner Kaufland-Filiale.,2025-11-24,2025-11-26,images_kaufland/kaufland_offer_46.jpg,0
LANGNESE,Flotte Biene Honig,"€ 2,49",,1 kg = 9.96 / 1 kg = 7.96**,"nur; 1.99€, mit Kaufland Card",je 250-g-Fl.,Nein,Dieses Angebot findest du vom 24.11. bis 26.11. in deiner Kaufland-Filiale.,2025-11-24,2025-11-26,images_kaufland/kaufland_offer_47.jpg,0
Keine Marke,Span. Orangen,"€ 2,49",3.49,1 kg = 1.66,-28%,"je 1,5-kg-Netz",Nein,Dieses Angebot findest du vom 20.11. bis 26.11. in deiner Kaufland-Filiale.,2025-11-20,2025-11-26,images_kaufland/kaufland_offer_50.jpg,0
Keine Marke,Span./ital. Bio-Clementinen,"€ 2,49",2.99,1 kg = 3.32,-16%,je 750-g-Packg.,Nein,Dieses Angebot findest du vom 20.11. bis 26.11. in deiner Kaufland-Filiale.,2025-11-20,2025-11-26,images_kaufland/kaufland_offer_52.jpg,0
Keine Marke,Span./ital. Bio-Orangen,"€ 2,29",3.29,Kein Mengenpreis,-30%,je 1-kg-Netz,Nein,Dieses Angebot findest du vom 20.11. bis 26.11. in deiner Kaufland-Filiale.,2025-11-20,2025-11-26,images_kaufland/kaufland_offer_53.jpg,0
Keine Marke,"Span. Grapefruit rot oder Grapefruit »Sweetie«, lose","€ 0,79",0.99,Kein Mengenpreis,-20%,je Stück,Nein,Dieses Angebot findest du vom 20.11. bis 26.11. in deiner Kaufland-Filiale.,2025-11-20,2025-11-26,images_kaufland/kaufland_offer_54.jpg,0
Keine Marke,"Demeter dominik./ecuador. Bananen, lose","€ 1,99",2.49,Kein Mengenpreis,-20%,je kg,Nein,Dieses Angebot findest du vom 20.11. bis 26.11. in deiner Kaufland-Filiale.,2025-11-20,2025-11-26,images_kaufland/kaufland_offer_56.jpg,0
WEIHENSTEPHAN,Butter oder Die Streichzarte,"€ 1,59",,1 kg = 6.36 / 1 kg = 5.96**,"nur; 1.49€, mit Kaufland Card",je 250-g-Packg.,Nein,Dieses Angebot findest du vom 20.11. bis 26.11. in deiner Kaufland-Filiale.,2025-11-20,2025-11-26,images_kaufland/kaufland_offer_22.jpg,0
ROUGETTE,Ofenkäse,"€ 3,99",5.99,1 kg = 12.47 / 1 kg = 10.91**,"-33%; 3.49€, mit Kaufland Card",je 320-g-Packg.,Nein,Dieses Angebot findest du vom 20.11. bis 26.11. in deiner Kaufland-Filiale.,2025-11-20,2025-11-26,images_kaufland/kaufland_offer_23.jpg,0
COPPENRATH & WIESE,Unsere Goldstücke,"€ 1,49",2.29,1 kg = 2.76 - 4.97 / 1 kg = 2.39 - 4.30**,"-34%; 1.29€, mit Kaufland Card",je 9 St. = 300 - 540-g-Beutel,Nein,Dieses Angebot findest du vom 20.11. bis 26.11. in deiner Kaufland-Filiale.,2025-11-20,2025-11-26,images_kaufland/kaufland_offer_24.jpg,0
KINDER,Happy Hippo,"€ 1,79",,1 kg = 17.30,nur,"je 5 St. = 103,5-g-Packg.",Nein,Dieses Angebot findest du vom 20.11. bis 26.11. in deiner Kaufland-Filiale.,2025-11-20,2025-11-26,images_kaufland/kaufland_offer_223.jpg,0
GLENFIDDICH,»Projekt XX« Single Malt Scotch Whisky,"€ 39,99",49.99,1 l = 57.13,-20%,"je 0,7-l-Fl.",Nein,Dieses Angebot findest du vom 20.11. bis 26.11. in deiner Kaufland-Filiale.,2025-11-20,2025-11-26,images_kaufland/kaufland_offer_281.jpg,0
DICKMANN'S,»Oh Tannenschaum«,"€ 2,22",2.99,1 kg = 12.91,-25%,je 8 St. = 172-g-Packg.,Nein,Dieses Angebot findest du vom 20.11. bis 26.11. in deiner Kaufland-Filiale.,2025-11-20,2025-11-26,images_kaufland/kaufland_offer_242.jpg,0
KLETT,Schoko-Weihnachtsmann vegan,"€ 0,99",1.49,1 kg = 19.80,-33%,je 50-g-Stück,Nein,Dieses Angebot findest du vom 20.11. bis 26.11. in deiner Kaufland-Filiale.,2025-11-20,2025-11-26,images_kaufland/kaufland_offer_244.jpg,0
TIC TAC,Dragees,"€ 1,49",,1 kg = 27.60,nur,je 54-g-Packg.,Nein,Dieses Angebot findest du vom 20.11. bis 26.11. in deiner Kaufland-Filiale.,2025-11-20,2025-11-26,images_kaufland/kaufland_offer_246.jpg,0
PICK UP!,Keksriegel,"€ 1,99",,1 kg = 14.22,nur,je 5 x 28-g-Packg.,Nein,Dieses Angebot findest du vom 20.11. bis 26.11. in deiner Kaufland-Filiale.,2025-11-20,2025-11-26,images_kaufland/kaufland_offer_247.jpg,0
LEIBNIZ,Zoo,"€ 1,49",1.89,1 kg = 11.92,-21%,je 125-g-Packg.,Nein,Dieses Angebot findest du vom 20.11. bis 26.11. in deiner Kaufland-Filiale.,2025-11-20,2025-11-26,images_kaufland/kaufland_offer_248.jpg,0
VIO,Bio-Limo,"€ 1,29",1.69,Kein Mengenpreis,-23%,je 1-l-PET-Fl.,Nein,Dieses Angebot findest du vom 20.11. bis 26.11. in deiner Kaufland-Filiale.,2025-11-20,2025-11-26,images_kaufland/kaufland_offer_251.jpg,0
ORANGINA,Original,"€ 0,88",,1 l = 1.76,nur,"je 0,5-l-PET-Fl.",Nein,Dieses Angebot findest du vom 20.11. bis 26.11. in deiner Kaufland-Filiale.,2025-11-20,2025-11-26,images_kaufland/kaufland_offer_252.jpg,0
PREMIUM QUALITY,Erfrischungsgetränk,"€ 0,69",0.89,Kein Mengenpreis,-22%,je 1-l-PET-Fl.,Nein,Dieses Angebot findest du vom 20.11. bis 26.11. in deiner Kaufland-Filiale.,2025-11-20,2025-11-26,images_kaufland/kaufland_offer_253.jpg,0
VOLVIC,Touch oder Tee,"€ 1,19",,1 l = 0.80,nur,"je 1,5-l-PET-Fl.",Nein,Dieses Angebot findest du vom 20.11. bis 26.11. in deiner Kaufland-Filiale.,2025-11-20,2025-11-26,images_kaufland/kaufland_offer_255.jpg,0
NEUHÖFER,Saft oder Nektar,"€ 1,19",1.55,Kein Mengenpreis,-23%,je 1-l-Fl.,Nein,Dieses Angebot findest du vom 20.11. bis 26.11. in deiner Kaufland-Filiale.,2025-11-20,2025-11-26,images_kaufland/kaufland_offer_256.jpg,0
PARROT BAY,Coconut,"€ 5,99",,1 l = 8.56,nur,"je 0,7-l-Fl.",Nein,Dieses Angebot findest du vom 20.11. bis 26.11. in deiner Kaufland-Filiale.,2025-11-20,2025-11-26,images_kaufland/kaufland_offer_259.jpg,0
LE FAVORI,Triple Sec,"€ 8,49",,1 l = 12.13,nur,"je 0,7-l-Fl.",Nein,Dieses Angebot findest du vom 20.11. bis 26.11. in deiner Kaufland-Filiale.,2025-11-20,2025-11-26,images_kaufland/kaufland_offer_260.jpg,0
AMARULA,Cream & Marula Fruit,"€ 9,99",13.99,1 l = 14.28,-28%,"je 0,7-l-Fl.",Nein,Dieses Angebot findest du vom 20.11. bis 26.11. in deiner Kaufland-Filiale.,2025-11-20,2025-11-26,images_kaufland/kaufland_offer_261.jpg,0
SIERRA,Tequila Blanco o. Reposado,"€ 10,99",,1 l = 15.70,nur,"je 0,7-l-Fl.",Nein,Dieses Angebot findest du vom 20.11. bis 26.11. in deiner Kaufland-Filiale.,2025-11-20,2025-11-26,images_kaufland/kaufland_offer_262.jpg,0
BOMBAY,Sapphire London Dry Gin oder Citron Pressé,"€ 16,79",,1 l = 23.99,nur,"je 0,7-l-Fl.",Nein,Dieses Angebot findest du vom 20.11. bis 26.11. in deiner Kaufland-Filiale.,2025-11-20,2025-11-26,images_kaufland/kaufland_offer_263.jpg,0
OBERDORFER,Helles,"€ 13,99",18.99,1 l = 1.40,-26%,"je Ka. 20 x 0,5-l-Fl.",Nein,Dieses Angebot findest du vom 20.11. bis 26.11. in deiner Kaufland-Filiale.,2025-11-20,2025-11-26,images_kaufland/kaufland_offer_296.jpg,0
BECK'S,Pils oder Gold,"€ 9,99",,1 l = 1.00,nur,"je Ka. 20 x 0,5-l-Fl.",Nein,Dieses Angebot findest du vom 20.11. bis 26.11. in deiner Kaufland-Filiale.,2025-11-20,2025-11-26,images_kaufland/kaufland_offer_297.jpg,0
ORIGINAL OETTINGER,Bier oder Biermischgetränk,"€ 6,99",,1 l = 0.70,nur,"je Ka. 20 x 0,5-l-Fl.",Nein,Dieses Angebot findest du vom 20.11. bis 26.11. in deiner Kaufland-Filiale.,2025-11-20,2025-11-26,images_kaufland/kaufland_offer_298.jpg,0
FERNET-BRANCA,Kräuterbitter,"€ 11,99",16.99,1 l = 17.13,-29%,"je 0,7-l-Fl.",Nein,Dieses Angebot findest du vom 20.11. bis 26.11. in deiner Kaufland-Filiale.,2025-11-20,2025-11-26,images_kaufland/kaufland_offer_265.jpg,0
HAVANA CLUB,Alkoholisches Mixgetränk,"€ 1,99",,1 l = 6.03,nur,"je 0,33-l-Dose",Nein,Dieses Angebot findest du vom 20.11. bis 26.11. in deiner Kaufland-Filiale.,2025-11-20,2025-11-26,images_kaufland/kaufland_offer_267.jpg,0
"CAPTAIN MORGAN, SMIRNOFF,",GORDON'S oder JOHNNIE WALKER Alkoholisches Mixgetränk,"€ 1,99",2.69,1 l = 7.96,-26%,"je 0,25-l-Dose",Nein,Dieses Angebot findest du vom 20.11. bis 26.11. in deiner Kaufland-Filiale.,2025-11-20,2025-11-26,images_kaufland/kaufland_offer_268.jpg,0
MARIACRON,Weinbrand,"€ 6,49",8.49,1 l = 9.28,-23%,"je 0,7-l-Fl.",Nein,Dieses Angebot findest du vom 20.11. bis 26.11. in deiner Kaufland-Filiale.,2025-11-20,2025-11-26,images_kaufland/kaufland_offer_269.jpg,0
BULLEIT,Bourbon Frontier Whiskey,"€ 19,99",,1 l = 28.56,nur,"je 0,7-l-Fl.",Nein,Dieses Angebot findest du vom 20.11. bis 26.11. in deiner Kaufland-Filiale.,2025-11-20,2025-11-26,images_kaufland/kaufland_offer_270.jpg,0
TULLAMORE DEW,Irish Whiskey,"€ 13,99",,1 l = 19.99,nur,"je 0,7-l-Fl.",Nein,Dieses Angebot findest du vom 20.11. bis 26.11. in deiner Kaufland-Filiale.,2025-11-20,2025-11-26,images_kaufland/kaufland_offer_271.jpg,0
DUBLINER,Irish Whiskey Bourbon Cask,"€ 14,99",,1 l = 21.42,nur,"je 0,7-l-Fl.",Nein,Dieses Angebot findest du vom 20.11. bis 26.11. in deiner Kaufland-Filiale.,2025-11-20,2025-11-26,images_kaufland/kaufland_offer_272.jpg,0
HARDENBERG CLUB,Triple Malt Whiskey,"€ 19,99",,1 l = 28.56,nur,"je 0,7-l-Fl.",Nein,Dieses Angebot findest du vom 20.11. bis 26.11. in deiner Kaufland-Filiale.,2025-11-20,2025-11-26,images_kaufland/kaufland_offer_273.jpg,0
BEVERBACH,Single Malt German Whiskey Double Oak Aged,"€ 34,99",,1 l = 49.99,nur,"je 0,7-l-Fl.",Nein,Dieses Angebot findest du vom 20.11. bis 26.11. in deiner Kaufland-Filiale.,2025-11-20,2025-11-26,images_kaufland/kaufland_offer_274.jpg,0
LABEL 5,Blended Scotch Whisky,"€ 11,99",15.99,Kein Mengenpreis,-25%,je 1-l-Fl.,Nein,Dieses Angebot findest du vom 20.11. bis 26.11. in deiner Kaufland-Filiale.,2025-11-20,2025-11-26,images_kaufland/kaufland_offer_275.jpg,0
GLENMORANGIE,Triple Cask Reserve Single Malt Scotch Whisky,"€ 22,99",,1 l = 32.85,nur,"je 0,7-l-Fl.",Nein,Dieses Angebot findest du vom 20.11. bis 26.11. in deiner Kaufland-Filiale.,2025-11-20,2025-11-26,images_kaufland/kaufland_offer_277.jpg,0
BOWMORE,Single Malt Scotch Whisky The Original Islay,"€ 23,99",29.99,1 l = 34.28,-20%,"je 0,7-l-Fl.",Nein,Dieses Angebot findest du vom 20.11. bis 26.11. in deiner Kaufland-Filiale.,2025-11-20,2025-11-26,images_kaufland/kaufland_offer_278.jpg,0
LAPHROAIG ISLAY,Single Malt Scotch Whisky 10 Jahre,"€ 29,99",39.99,1 l = 42.85,-25%,"je 0,7-l-Fl.",Nein,Dieses Angebot findest du vom 20.11. bis 26.11. in deiner Kaufland-Filiale.,2025-11-20,2025-11-26,images_kaufland/kaufland_offer_280.jpg,0
TENA,Inkontinenz-Unterwäsche,"€ 7,99",9.95,Kein Mengenpreis,-19%,je 8 - 12-St.-Packg.,Nein,Dieses Angebot findest du vom 20.11. bis 26.11. in deiner Kaufland-Filiale.,2025-11-20,2025-11-26,images_kaufland/kaufland_offer_311.jpg,0
HEITMANN,Reine Citronensäure,"€ 2,49",3.25,1 kg = 7.12,-23%,je 350-g-Packg. oder 500-ml-Fl.,Nein,Dieses Angebot findest du vom 20.11. bis 26.11. in deiner Kaufland-Filiale.,2025-11-20,2025-11-26,images_kaufland/kaufland_offer_312.jpg,0
DRANO,Rohrfrei,"€ 2,79",,Kein Mengenpreis,nur,je 1-l-Fl.,Nein,Dieses Angebot findest du vom 20.11. bis 26.11. in deiner Kaufland-Filiale.,2025-11-20,2025-11-26,images_kaufland/kaufland_offer_313.jpg,0
WC-FRISCH,Kraft Aktiv,"€ 1,11",,1 kg = 22.20,nur,je 50-g-Packg.,Nein,Dieses Angebot findest du vom 20.11. bis 26.11. in deiner Kaufland-Filiale.,2025-11-20,2025-11-26,images_kaufland/kaufland_offer_314.jpg,0
GORBATSCHOW,Wodka Original oder Citron,"€ 5,88",,1 l = 8.40,nur,"je 0,7-l-Fl.",Nein,Dieses Angebot findest du vom 20.11. bis 26.11. in deiner Kaufland-Filiale.,2025-11-20,2025-11-26,images_kaufland/kaufland_offer_282.jpg,0
WZG MÖGLINGEN,Württemberger Rebsortenwein,"€ 3,49",,1 l = 4.66,nur,"je 0,75-l-Fl.",Nein,Dieses Angebot findest du vom 20.11. bis 26.11. in deiner Kaufland-Filiale.,2025-11-20,2025-11-26,images_kaufland/kaufland_offer_283.jpg,0
REBENBLICK,Dornfelder,"€ 1,99",2.39,1 l = 2.66,-16%,"je 0,75-l-Fl.",Nein,Dieses Angebot findest du vom 20.11. bis 26.11. in deiner Kaufland-Filiale.,2025-11-20,2025-11-26,images_kaufland/kaufland_offer_284.jpg,0
GRAND SUD,Merlot oder Chardonnay,"€ 8,88",12.99,1 l = 2.96,-31%,je 3-l-Packg.,Nein,Dieses Angebot findest du vom 20.11. bis 26.11. in deiner Kaufland-Filiale.,2025-11-20,2025-11-26,images_kaufland/kaufland_offer_286.jpg,0
BECKSTEINER WEINHAUS,Grauer Burgunder oder Schwarzriesling,"€ 3,99",,1 l = 5.32,nur,"je 0,75-l-Fl.",Nein,Dieses Angebot findest du vom 20.11. bis 26.11. in deiner Kaufland-Filiale.,2025-11-20,2025-11-26,images_kaufland/kaufland_offer_287.jpg,0
BLANCHET,"Blanc de Blancs, Rosé oder Rouge de France","€ 2,99",3.99,1 l = 3.99,-25%,"je 0,75-l-Fl.",Nein,Dieses Angebot findest du vom 20.11. bis 26.11. in deiner Kaufland-Filiale.,2025-11-20,2025-11-26,images_kaufland/kaufland_offer_288.jpg,0
MUMM,Jahrgangssekt,"€ 3,99",,1 l = 5.32,nur,"je 0,75-l-Fl.",Nein,Dieses Angebot findest du vom 20.11. bis 26.11. in deiner Kaufland-Filiale.,2025-11-20,2025-11-26,images_kaufland/kaufland_offer_290.jpg,0
ROTKÄPPCHEN,Fruchtsecco,"€ 0,99",,1 l = 4.95,nur,"je 0,2-l-Fl.",Nein,Dieses Angebot findest du vom 20.11. bis 26.11. in deiner Kaufland-Filiale.,2025-11-20,2025-11-26,images_kaufland/kaufland_offer_291.jpg,0
JEVER,Pilsener oder Fun Alkoholfrei,"€ 11,99",,1 l = 1.20,nur,"je Ka. 20 x 0,5-l-Fl.",Nein,Dieses Angebot findest du vom 20.11. bis 26.11. in deiner Kaufland-Filiale.,2025-11-20,2025-11-26,images_kaufland/kaufland_offer_292.jpg,0
PERONI,Nastro Azzurro,"€ 4,99",,1 l = 2.52,nur,"je Packg. 6 x 0,33-l-Fl.",Nein,Dieses Angebot findest du vom 20.11. bis 26.11. in deiner Kaufland-Filiale.,2025-11-20,2025-11-26,images_kaufland/kaufland_offer_293.jpg,0
SAN MIGUEL,Especial,"€ 15,99",,1 l = 2.02,nur,"je Ka. 24 x 0,33-l-Fl.",Nein,Dieses Angebot findest du vom 20.11. bis 26.11. in deiner Kaufland-Filiale.,2025-11-20,2025-11-26,images_kaufland/kaufland_offer_294.jpg,0
CORONA,Extra,"€ 9,99",12.19,1 l = 2.35,-18%,"je Packg. 12 x 0,355-l-Fl.",Nein,Dieses Angebot findest du vom 20.11. bis 26.11. in deiner Kaufland-Filiale.,2025-11-20,2025-11-26,images_kaufland/kaufland_offer_295.jpg,0
COREGA,Ultra Haftcreme,"€ 2,99",3.95,1 kg = 74.75,-24%,je 40-g-Tube,Nein,Dieses Angebot findest du vom 20.11. bis 26.11. in deiner Kaufland-Filiale.,2025-11-20,2025-11-26,images_kaufland/kaufland_offer_330.jpg,0
PHILIPS,"LED-Filament-Birnen E27 4,3 W, 470 lm, 2.700 K","€ 2,99",,Kein Mengenpreis,nur,je 3-St.-Packg.,Nein,Dieses Angebot findest du vom 20.11. bis 26.11. in deiner Kaufland-Filiale.,2025-11-20,2025-11-26,images_kaufland/kaufland_offer_331.jpg,0
BOSCH,Beutelloser Bodenstaubsauger »BGS05A225«,"€ 69,99",,Kein Mengenpreis,nur,je,Nein,Dieses Angebot findest du vom 20.11. bis 26.11. in deiner Kaufland-Filiale.,2025-11-20,2025-11-26,images_kaufland/kaufland_offer_332.jpg,0
COOCAA,UHD-Smart-TV »43R5GY«,"€ 199,00",UVP399.00,Kein Mengenpreis,-50%,je,Nein,Dieses Angebot findest du vom 20.11. bis 26.11. in deiner Kaufland-Filiale.,2025-11-20,2025-11-26,images_kaufland/kaufland_offer_333.jpg,0
DENVER,Tragbarer Monitor »PMO-15604K«,"€ 79,99",UVP199.00,Kein Mengenpreis,-59%,je,Nein,Dieses Angebot findest du vom 20.11. bis 26.11. in deiner Kaufland-Filiale.,2025-11-20,2025-11-26,images_kaufland/kaufland_offer_334.jpg,0
ERDINGER,Weißbier oder Alkoholfrei,"€ 13,99",,1 l = 1.40,nur,"je Ka. 20 x 0,5-l-Fl.",Nein,Dieses Angebot findest du vom 20.11. bis 26.11. in deiner Kaufland-Filiale.,2025-11-20,2025-11-26,images_kaufland/kaufland_offer_299.jpg,0
KARLSBERG,Mixery,"€ 0,99",,1 l = 1.98,nur,"je 0,5-l-Dose",Nein,Dieses Angebot findest du vom 20.11. bis 26.11. in deiner Kaufland-Filiale.,2025-11-20,2025-11-26,images_kaufland/kaufland_offer_300.jpg,0
GÖNRGY,Energy Drink by MontanaBlack,"€ 1,29",,1 l = 2.58,nur,"je 0,5-l-Dose",Nein,Dieses Angebot findest du vom 20.11. bis 26.11. in deiner Kaufland-Filiale.,2025-11-20,2025-11-26,images_kaufland/kaufland_offer_302.jpg,0
K-CLASSIC,Iso-Drink,"€ 0,59",0.79,1 l = 0.79,-25%,"je 0,75-l-PET-Fl.",Nein,Dieses Angebot findest du vom 20.11. bis 26.11. in deiner Kaufland-Filiale.,2025-11-20,2025-11-26,images_kaufland/kaufland_offer_303.jpg,0
ARIZONA,Eistee,"€ 0,79",,1 l = 1.58,nur,"je 0,5-l-PET-Fl.",Nein,Dieses Angebot findest du vom 20.11. bis 26.11. in deiner Kaufland-Filiale.,2025-11-20,2025-11-26,images_kaufland/kaufland_offer_304.jpg,0
HIPP,Bio-Fertiggericht,"€ 1,79",,1 kg = 7.16,nur,je 250-g-Schale,Nein,Dieses Angebot findest du vom 20.11. bis 26.11. in deiner Kaufland-Filiale.,2025-11-20,2025-11-26,images_kaufland/kaufland_offer_305.jpg,0
L'ORÉAL PARIS,Elvital Shampoo oder Spülung,"€ 2,99",3.79,1 l = 9.97 - 11.96,-21%,je 250 - 300-ml-Fl.,Nein,Dieses Angebot findest du vom 20.11. bis 26.11. in deiner Kaufland-Filiale.,2025-11-20,2025-11-26,images_kaufland/kaufland_offer_306.jpg,0
SYOSS,Haarspray,"€ 3,99",,1 l = 9.98,nur,je 400-ml-Dose,Nein,Dieses Angebot findest du vom 20.11. bis 26.11. in deiner Kaufland-Filiale.,2025-11-20,2025-11-26,images_kaufland/kaufland_offer_307.jpg,0
JOSI CAT oder JOSI DOG,Katzen- oder Hundenahrung,"€ 0,88",,1 kg = 2.12 - 2.20,nur,je 400 - 415-g-Dose,Nein,Dieses Angebot findest du vom 20.11. bis 26.11. in deiner Kaufland-Filiale.,2025-11-20,2025-11-26,images_kaufland/kaufland_offer_308.jpg,0
VITAKRAFT,Katzen-Snacks,"€ 1,69",1.99,1 kg = 18.78 - 22.54,-15%,je 5 - 6 St. = 75 - 90-g-Packg.,Nein,Dieses Angebot findest du vom 20.11. bis 26.11. in deiner Kaufland-Filiale.,2025-11-20,2025-11-26,images_kaufland/kaufland_offer_309.jpg,0
PELY,Gefrierbeutel,"€ 0,99",1.39,Kein Mengenpreis,-28%,je Packg.,Nein,Dieses Angebot findest du vom 20.11. bis 26.11. in deiner Kaufland-Filiale.,2025-11-20,2025-11-26,images_kaufland/kaufland_offer_310.jpg,0
PHILIPS,Bodenstaubsauger »FC8240/09«,"€ 69,99",,Kein Mengenpreis,nur,je,Nein,Dieses Angebot findest du vom 20.11. bis 26.11. in deiner Kaufland-Filiale.,2025-11-20,2025-11-26,images_kaufland/kaufland_offer_348.jpg,0
ENERGIZER,Knopfzellen CR2025,"€ 1,99",UVP12.29,Kein Mengenpreis,-83%,je 4-St.-Packg.,Nein,Dieses Angebot findest du vom 20.11. bis 26.11. in deiner Kaufland-Filiale.,2025-11-20,2025-11-26,images_kaufland/kaufland_offer_349.jpg,0
PHILIPS,"LED-Filament-Birnen E27 7 W, 806 lm, 2.700 K","€ 2,99",,Kein Mengenpreis,nur,je 3-St.-Packg.,Nein,Dieses Angebot findest du vom 20.11. bis 26.11. in deiner Kaufland-Filiale.,2025-11-20,2025-11-26,images_kaufland/kaufland_offer_350.jpg,0
CANON,WLAN-Multifunktionsdrucker »PIXMA TS3350«,"€ 49,99",UVP85.00,Kein Mengenpreis,-41%,je,Nein,Dieses Angebot findest du vom 20.11. bis 26.11. in deiner Kaufland-Filiale.,2025-11-20,2025-11-26,images_kaufland/kaufland_offer_351.jpg,0
GRUNDIG,TWS-In-Ear-Kopfhörer »27071«/»27072«,"€ 7,99",UVP16.99,Kein Mengenpreis,-52%,je,Nein,Dieses Angebot findest du vom 20.11. bis 26.11. in deiner Kaufland-Filiale.,2025-11-20,2025-11-26,images_kaufland/kaufland_offer_352.jpg,0
K-CLASSIC,Toilettenpapier Soft,"€ 2,75",,Kein Mengenpreis,nur,je Packg. = 3 x 100 Blatt,Nein,Dieses Angebot findest du vom 20.11. bis 26.11. in deiner Kaufland-Filiale.,2025-11-20,2025-11-26,images_kaufland/kaufland_offer_316.jpg,0
WEISSER RIESE,Waschmittel,"€ 6,99",,pro Anwendung = 0.14,nur,je,Nein,Dieses Angebot findest du vom 20.11. bis 26.11. in deiner Kaufland-Filiale.,2025-11-20,2025-11-26,images_kaufland/kaufland_offer_317.jpg,0
BRUNO BANANI,Deospray,"€ 2,79",3.75,1 l = 18.60,-25%,je 150-ml-Dose,Nein,Dieses Angebot findest du vom 20.11. bis 26.11. in deiner Kaufland-Filiale.,2025-11-20,2025-11-26,images_kaufland/kaufland_offer_318.jpg,0
DER GENERAL,Allzweckreiniger,"€ 1,59",1.95,1 l = 2.12,-18%,je 750-ml-Fl.,Nein,Dieses Angebot findest du vom 20.11. bis 26.11. in deiner Kaufland-Filiale.,2025-11-20,2025-11-26,images_kaufland/kaufland_offer_319.jpg,0
DR. BEST,Zahnbürste Hoch-Tief,"€ 1,59",1.95,Kein Mengenpreis,-18%,je 1-St.-Packg.,Nein,Dieses Angebot findest du vom 20.11. bis 26.11. in deiner Kaufland-Filiale.,2025-11-20,2025-11-26,images_kaufland/kaufland_offer_320.jpg,0
WC-ENTE,WC-Reiniger,"€ 1,89",2.25,1 l = 2.52,-16%,je 750-ml-Fl.,Nein,Dieses Angebot findest du vom 20.11. bis 26.11. in deiner Kaufland-Filiale.,2025-11-20,2025-11-26,images_kaufland/kaufland_offer_321.jpg,0
SENSODYNE,Zahncreme,"€ 3,49",,1 l = 46.54,nur,je 75-ml-Tube,Nein,Dieses Angebot findest du vom 20.11. bis 26.11. in deiner Kaufland-Filiale.,2025-11-20,2025-11-26,images_kaufland/kaufland_offer_323.jpg,0
OLD SPICE,Deospray oder -stick,"€ 2,99",3.45,1 l = 19.94 - 59.80,-13%,je 50 - 150-ml-Fl.,Nein,Dieses Angebot findest du vom 20.11. bis 26.11. in deiner Kaufland-Filiale.,2025-11-20,2025-11-26,images_kaufland/kaufland_offer_325.jpg,0
DUSCHDAS,Duschgel XXXL,"€ 2,49",,1 l = 3.69,nur,je 3 x 225-ml-Fl.,Nein,Dieses Angebot findest du vom 20.11. bis 26.11. in deiner Kaufland-Filiale.,2025-11-20,2025-11-26,images_kaufland/kaufland_offer_326.jpg,0
PURINA GOURMET,Perle,"€ 0,49",,1 kg = 5.77,nur,je 85-g-Beutel,Nein,Dieses Angebot findest du vom 20.11. bis 26.11. in deiner Kaufland-Filiale.,2025-11-20,2025-11-26,images_kaufland/kaufland_offer_327.jpg,0
PRIL,Geschirrspülmittel,"€ 1,39",,1 l = 2.06 - 3.09,nur,je 450 - 675-ml-Fl.,Nein,Dieses Angebot findest du vom 20.11. bis 26.11. in deiner Kaufland-Filiale.,2025-11-20,2025-11-26,images_kaufland/kaufland_offer_329.jpg,0
DE'LONGHI,Entkalker »EcoDecalk«,"€ 6,99",UVP12.99,1 l = 13.98,-46%,je 500-ml-Flasche,Nein,Dieses Angebot findest du vom 20.11. bis 26.11. in deiner Kaufland-Filiale.,2025-11-20,2025-11-26,images_kaufland/kaufland_offer_362.jpg,0
VALE,Android-Tablet »V10A-4128«,"€ 89,99",UVP149.00,Kein Mengenpreis,-39%,je,Nein,Dieses Angebot findest du vom 20.11. bis 26.11. in deiner Kaufland-Filiale.,2025-11-20,2025-11-26,images_kaufland/kaufland_offer_363.jpg,0
PHILIPS,6-in-1-Multigroomer »MG3710/15«,"€ 17,99",UVP32.99,Kein Mengenpreis,-45%,je,Nein,Dieses Angebot findest du vom 20.11. bis 26.11. in deiner Kaufland-Filiale.,2025-11-20,2025-11-26,images_kaufland/kaufland_offer_364.jpg,0
PHILIPS,Dampfglätter Series 1000 »STH1010/10«,"€ 19,99",UVP34.99,Kein Mengenpreis,-42%,je,Nein,Dieses Angebot findest du vom 20.11. bis 26.11. in deiner Kaufland-Filiale.,2025-11-20,2025-11-26,images_kaufland/kaufland_offer_365.jpg,0
PHILIPS,"LED-Reflektoren GU10 4,7 W","€ 2,99",,Kein Mengenpreis,nur,je 3-St.-Packg.,Nein,Dieses Angebot findest du vom 20.11. bis 26.11. in deiner Kaufland-Filiale.,2025-11-20,2025-11-26,images_kaufland/kaufland_offer_367.jpg,0
SEVERIN,2-in-1-Mikrowelle »MW 7781«,"€ 49,99",UVP99.99,Kein Mengenpreis,-50%,je,Nein,Dieses Angebot findest du vom 20.11. bis 26.11. in deiner Kaufland-Filiale.,2025-11-20,2025-11-26,images_kaufland/kaufland_offer_368.jpg,0
ONE FOR ALL,TV-Wandhalterung »WM2410«,"€ 5,99",UVP21.99,Kein Mengenpreis,-72%,je,Nein,Dieses Angebot findest du vom 20.11. bis 26.11. in deiner Kaufland-Filiale.,2025-11-20,2025-11-26,images_kaufland/kaufland_offer_335.jpg,0
DE'LONGHI,Wasserfilter »DLS C002«,"€ 5,99",UVP9.99,Kein Mengenpreis,-40%,je,Nein,Dieses Angebot findest du vom 20.11. bis 26.11. in deiner Kaufland-Filiale.,2025-11-20,2025-11-26,images_kaufland/kaufland_offer_336.jpg,0
DENVER,Wildtierkamera »WCS-5023«,"€ 29,99",UVP89.95,Kein Mengenpreis,-66%,je,Nein,Dieses Angebot findest du vom 20.11. bis 26.11. in deiner Kaufland-Filiale.,2025-11-20,2025-11-26,images_kaufland/kaufland_offer_338.jpg,0
PHILIPS,"LED-Kerzen E14 4,9 W","€ 2,99",,Kein Mengenpreis,nur,je 3-St.-Packg.,Nein,Dieses Angebot findest du vom 20.11. bis 26.11. in deiner Kaufland-Filiale.,2025-11-20,2025-11-26,images_kaufland/kaufland_offer_339.jpg,0
ENERGIZER,Knopfzellen CR2032,"€ 1,99",UVP12.29,Kein Mengenpreis,-83%,je 4-St.-Packg.,Nein,Dieses Angebot findest du vom 20.11. bis 26.11. in deiner Kaufland-Filiale.,2025-11-20,2025-11-26,images_kaufland/kaufland_offer_341.jpg,0
TEFAL,Kontaktgrill »Inicio Compact GC270D«,"€ 34,99",UVP64.99,Kein Mengenpreis,-46%,je,Nein,Dieses Angebot findest du vom 20.11. bis 26.11. in deiner Kaufland-Filiale.,2025-11-20,2025-11-26,images_kaufland/kaufland_offer_343.jpg,0
HISENSE,Party-Lautsprecher »Party Storm 1«,"€ 189,00",UVP399.00,Kein Mengenpreis,-52%,je,Nein,Dieses Angebot findest du vom 20.11. bis 26.11. in deiner Kaufland-Filiale.,2025-11-20,2025-11-26,images_kaufland/kaufland_offer_344.jpg,0
PHILIPS,Dampfbügeleisen »DST1030«,"€ 14,99",24.99,Kein Mengenpreis,-40%,je,Nein,Dieses Angebot findest du vom 20.11. bis 26.11. in deiner Kaufland-Filiale.,2025-11-20,2025-11-26,images_kaufland/kaufland_offer_345.jpg,0
ONE FOR ALL,TV-Wandhalterung »WM2660«,"€ 29,99",UVP89.99,Kein Mengenpreis,-66%,je,Nein,Dieses Angebot findest du vom 20.11. bis 26.11. in deiner Kaufland-Filiale.,2025-11-20,2025-11-26,images_kaufland/kaufland_offer_346.jpg,0
HISENSE,QLED-Smart-TV »58E77Q«,"€ 349,00",UVP749.00,Kein Mengenpreis,-53%,je,Nein,Dieses Angebot findest du vom 20.11. bis 26.11. in deiner Kaufland-Filiale.,2025-11-20,2025-11-26,images_kaufland/kaufland_offer_347.jpg,0
SILIT,Bratpfanne »Talis« Größe ca. Ø 24 cm,"€ 24,99",UVP37.99,Kein Mengenpreis,-34%,je,Nein,Dieses Angebot findest du vom 20.11. bis 26.11. in deiner Kaufland-Filiale.,2025-11-20,2025-11-26,images_kaufland/kaufland_offer_379.jpg,0
BRITA,Wasserflter-Kartuschen »MAXTRA PRO Extra Kalksch.«,"€ 49,99",UVP77.49,Kein Mengenpreis,-35%,je 12-St.-Packg.,Nein,Dieses Angebot findest du vom 20.11. bis 26.11. in deiner Kaufland-Filiale.,2025-11-20,2025-11-26,images_kaufland/kaufland_offer_380.jpg,0
LEIFHEIT,"Isolierflasche »Coco« 0,5 l","€ 9,99",UVP18.99,Kein Mengenpreis,-47%,je,Nein,Dieses Angebot findest du vom 20.11. bis 26.11. in deiner Kaufland-Filiale.,2025-11-20,2025-11-26,images_kaufland/kaufland_offer_381.jpg,0
SOEHNLE,Digitale Personenwaage »Style Sense Compact 100«,"€ 9,99",UVP17.99,Kein Mengenpreis,-44%,je,Nein,Dieses Angebot findest du vom 20.11. bis 26.11. in deiner Kaufland-Filiale.,2025-11-20,2025-11-26,images_kaufland/kaufland_offer_382.jpg,0
LEONARDO,Thermogläser »Trentino« für Latte macchiato,"€ 7,99",UVP15.95,Kein Mengenpreis,-49%,je 2-St.-Packg.,Nein,Dieses Angebot findest du vom 20.11. bis 26.11. in deiner Kaufland-Filiale.,2025-11-20,2025-11-26,images_kaufland/kaufland_offer_383.jpg,0
Keine Marke,Pumpisolierkanne »Airpot«,"€ 19,99",39.99,Kein Mengenpreis,-50%,je,Nein,Dieses Angebot findest du vom 20.11. bis 26.11. in deiner Kaufland-Filiale.,2025-11-20,2025-11-26,images_kaufland/kaufland_offer_384.jpg,0
SILIT,Bratpfanne »Talis« Größe ca. Ø 28 cm,"€ 29,99",UVP54.99,Kein Mengenpreis,-45%,je,Nein,Dieses Angebot findest du vom 20.11. bis 26.11. in deiner Kaufland-Filiale.,2025-11-20,2025-11-26,images_kaufland/kaufland_offer_385.jpg,0
ROWENTA,Haartrockner Express Style »CV1810«,"€ 9,99",UVP29.99,Kein Mengenpreis,-66%,je,Nein,Dieses Angebot findest du vom 20.11. bis 26.11. in deiner Kaufland-Filiale.,2025-11-20,2025-11-26,images_kaufland/kaufland_offer_353.jpg,0
WMF,Wasserkocher »Bueno«,"€ 27,99",UVP49.99,Kein Mengenpreis,-44%,je,Nein,Dieses Angebot findest du vom 20.11. bis 26.11. in deiner Kaufland-Filiale.,2025-11-20,2025-11-26,images_kaufland/kaufland_offer_354.jpg,0
KENWOOD,Doppel-Heißluftfritteuse »HFM20.000MB«,"€ 69,99",UVP149.00,Kein Mengenpreis,-53%,je,Nein,Dieses Angebot findest du vom 20.11. bis 26.11. in deiner Kaufland-Filiale.,2025-11-20,2025-11-26,images_kaufland/kaufland_offer_355.jpg,0
EMERIO,Raclette-Grill »RG-120656«,"€ 14,99",,Kein Mengenpreis,nur,je,Nein,Dieses Angebot findest du vom 20.11. bis 26.11. in deiner Kaufland-Filiale.,2025-11-20,2025-11-26,images_kaufland/kaufland_offer_356.jpg,0
BRAUN,Herrenrasierer Series 5 »51-M1000s«,"€ 69,99",,Kein Mengenpreis,nur,je,Nein,Dieses Angebot findest du vom 20.11. bis 26.11. in deiner Kaufland-Filiale.,2025-11-20,2025-11-26,images_kaufland/kaufland_offer_357.jpg,0
HISENSE,2.1-Soundbar »HS2000«,"€ 69,99",UVP129.00,Kein Mengenpreis,-45%,je,Nein,Dieses Angebot findest du vom 20.11. bis 26.11. in deiner Kaufland-Filiale.,2025-11-20,2025-11-26,images_kaufland/kaufland_offer_358.jpg,0
PHILIPS,"LED-Filament-Kerzen E14 4,3 W, 470 lm, 2.700 K","€ 2,99",,Kein Mengenpreis,nur,je 3-St.-Packg.,Nein,Dieses Angebot findest du vom 20.11. bis 26.11. in deiner Kaufland-Filiale.,2025-11-20,2025-11-26,images_kaufland/kaufland_offer_359.jpg,0
PHILIPS,Haarschneider »HC3505/15«,"€ 14,99",UVP26.99,Kein Mengenpreis,-44%,je,Nein,Dieses Angebot findest du vom 20.11. bis 26.11. in deiner Kaufland-Filiale.,2025-11-20,2025-11-26,images_kaufland/kaufland_offer_360.jpg,0
DENVER,Powerbank »PBS-10010«,"€ 7,99",UVP24.95,Kein Mengenpreis,-67%,je,Nein,Dieses Angebot findest du vom 20.11. bis 26.11. in deiner Kaufland-Filiale.,2025-11-20,2025-11-26,images_kaufland/kaufland_offer_361.jpg,0
CAT,Trolley »Peoria« Gr. L,"€ 49,99",,Kein Mengenpreis,nur,je,Nein,Dieses Angebot findest du vom 20.11. bis 26.11. in deiner Kaufland-Filiale.,2025-11-20,2025-11-26,images_kaufland/kaufland_offer_396.jpg,0
MY PROJECT®,Autoscheiben-Innenreiniger,"€ 1,29",,Kein Mengenpreis,nur,je,Nein,Dieses Angebot findest du vom 20.11. bis 26.11. in deiner Kaufland-Filiale.,2025-11-20,2025-11-26,images_kaufland/kaufland_offer_397.jpg,0
CAT,Herren-Thermo-Arbeitssocken,"€ 4,99",UVP13.00,Kein Mengenpreis,-61%,je 2 Paar,Nein,Dieses Angebot findest du vom 20.11. bis 26.11. in deiner Kaufland-Filiale.,2025-11-20,2025-11-26,images_kaufland/kaufland_offer_398.jpg,0
MY PROJECT®,Leichtlauf-Motorenöl 10W-40 »Power«,"€ 14,99",24.99,1 l = 3.00,-40%,je 5-l-Kanister,Nein,Dieses Angebot findest du vom 20.11. bis 26.11. in deiner Kaufland-Filiale.,2025-11-20,2025-11-26,images_kaufland/kaufland_offer_399.jpg,0
MY PROJECT®,Beheizbare Sitzauflage »UASB 12 C2«,"€ 14,99",,Kein Mengenpreis,nur,je,Nein,Dieses Angebot findest du vom 20.11. bis 26.11. in deiner Kaufland-Filiale.,2025-11-20,2025-11-26,images_kaufland/kaufland_offer_400.jpg,0
NIKE,Herren-Sweathoodie,"€ 34,99",UVP54.95,Kein Mengenpreis,-36%,je,Nein,Dieses Angebot findest du vom 20.11. bis 26.11. in deiner Kaufland-Filiale.,2025-11-20,2025-11-26,images_kaufland/kaufland_offer_401.jpg,0
MY PROJECT®,Motorenöl 15W-40 »Universal«,"€ 14,99",18.99,1 l = 3.00,-21%,je 5-l-Kanister,Nein,Dieses Angebot findest du vom 20.11. bis 26.11. in deiner Kaufland-Filiale.,2025-11-20,2025-11-26,images_kaufland/kaufland_offer_402.jpg,0
DENVER,Mini-LED-Beamer »PR-2500K«,"€ 44,99",UVP99.95,Kein Mengenpreis,-54%,je,Nein,Dieses Angebot findest du vom 20.11. bis 26.11. in deiner Kaufland-Filiale.,2025-11-20,2025-11-26,images_kaufland/kaufland_offer_369.jpg,0
PHILIPS,Rotationsrasierer »S1134/00«,"€ 24,99",UVP39.99,Kein Mengenpreis,-37%,je,Nein,Dieses Angebot findest du vom 20.11. bis 26.11. in deiner Kaufland-Filiale.,2025-11-20,2025-11-26,images_kaufland/kaufland_offer_370.jpg,0
PHILIPS,SENSEO® Kaffeepadmaschine »HD6553/50«,"€ 39,99",UVP84.99,Kein Mengenpreis,-52%,je,Nein,Dieses Angebot findest du vom 20.11. bis 26.11. in deiner Kaufland-Filiale.,2025-11-20,2025-11-26,images_kaufland/kaufland_offer_372.jpg,0
CASO,Profi-Partypfanne »1491«,"€ 19,99",UVP44.99,Kein Mengenpreis,-55%,je,Nein,Dieses Angebot findest du vom 20.11. bis 26.11. in deiner Kaufland-Filiale.,2025-11-20,2025-11-26,images_kaufland/kaufland_offer_373.jpg,0
DE’LONGHI,Kaffeevollautomat Magnifica S »ECAM12.121B«,"€ 222,00",,Kein Mengenpreis,nur,je,Nein,Dieses Angebot findest du vom 20.11. bis 26.11. in deiner Kaufland-Filiale.,2025-11-20,2025-11-26,images_kaufland/kaufland_offer_374.jpg,0
PHILIPS,LED-Birnen E27 8 W,"€ 2,99",,Kein Mengenpreis,nur,je 3-St.-Packg.,Nein,Dieses Angebot findest du vom 20.11. bis 26.11. in deiner Kaufland-Filiale.,2025-11-20,2025-11-26,images_kaufland/kaufland_offer_375.jpg,0
PHILIPS,Rasierer One Blade »QP2724/17«,"€ 24,99",UVP39.99,Kein Mengenpreis,-37%,je,Nein,Dieses Angebot findest du vom 20.11. bis 26.11. in deiner Kaufland-Filiale.,2025-11-20,2025-11-26,images_kaufland/kaufland_offer_376.jpg,0
LEONARDO,Thermogläser »Trentino« für Tee,"€ 7,99",UVP15.95,Kein Mengenpreis,-49%,je 2-St.-Packg.,Nein,Dieses Angebot findest du vom 20.11. bis 26.11. in deiner Kaufland-Filiale.,2025-11-20,2025-11-26,images_kaufland/kaufland_offer_377.jpg,0
SILIT,Wok-Pfanne Größe ca. Ø 32 cm,"€ 24,99",UVP49.99,Kein Mengenpreis,-50%,je,Nein,Dieses Angebot findest du vom 20.11. bis 26.11. in deiner Kaufland-Filiale.,2025-11-20,2025-11-26,images_kaufland/kaufland_offer_378.jpg,0
MY PROJECT®,Mobile Autostarthilfe mit Powerbank »MPMAP 12000«,"€ 29,99",,Kein Mengenpreis,nur,je,Nein,Dieses Angebot findest du vom 20.11. bis 26.11. in deiner Kaufland-Filiale.,2025-11-20,2025-11-26,images_kaufland/kaufland_offer_407.jpg,0
NIKE,Herren-Sweathose,"€ 29,99",UVP44.95,Kein Mengenpreis,-33%,je,Nein,Dieses Angebot findest du vom 20.11. bis 26.11. in deiner Kaufland-Filiale.,2025-11-20,2025-11-26,images_kaufland/kaufland_offer_408.jpg,0
WALSER,Kfz-Verbandtasche,"€ 4,99",12.99,Kein Mengenpreis,-61%,je,Nein,Dieses Angebot findest du vom 20.11. bis 26.11. in deiner Kaufland-Filiale.,2025-11-20,2025-11-26,images_kaufland/kaufland_offer_409.jpg,0
MY PROJECT®,Scheibenklar Frostschutz -50 °C,"€ 6,99",9.99,1 l = 1.40,-30%,MyProject_DIY_Auto,Nein,Dieses Angebot findest du vom 20.11. bis 26.11. in deiner Kaufland-Filiale.,2025-11-20,2025-11-26,images_kaufland/kaufland_offer_410.jpg,0
MY PROJECT®,Baby-Autospiegel,"€ 5,99",,Kein Mengenpreis,nur,je,Nein,Dieses Angebot findest du vom 20.11. bis 26.11. in deiner Kaufland-Filiale.,2025-11-20,2025-11-26,images_kaufland/kaufland_offer_411.jpg,0
MY PROJECT®,Kühlerfrostschutz G11 Konzentrat,"€ 2,99",4.99,Kein Mengenpreis,-40%,je 1-l-Flasche,Nein,Dieses Angebot findest du vom 20.11. bis 26.11. in deiner Kaufland-Filiale.,2025-11-20,2025-11-26,images_kaufland/kaufland_offer_412.jpg,0
NIKE,Rucksack,"€ 14,99",UVP32.99,Kein Mengenpreis,-54%,je,Nein,Dieses Angebot findest du vom 20.11. bis 26.11. in deiner Kaufland-Filiale.,2025-11-20,2025-11-26,images_kaufland/kaufland_offer_414.jpg,0
CAT,Herren-Thermoshirt Langarm,"€ 9,99",UVP24.00,Kein Mengenpreis,-58%,je,Nein,Dieses Angebot findest du vom 20.11. bis 26.11. in deiner Kaufland-Filiale.,2025-11-20,2025-11-26,images_kaufland/kaufland_offer_415.jpg,0
MY PROJECT®,Anti-Marder-Spray,"€ 3,99",,1 l = 9.98,nur,je 400-ml-Dose,Nein,Dieses Angebot findest du vom 20.11. bis 26.11. in deiner Kaufland-Filiale.,2025-11-20,2025-11-26,images_kaufland/kaufland_offer_416.jpg,0
MY PROJECT®,Eiskratzer,"€ 1,29",,Kein Mengenpreis,nur,je,Nein,Dieses Angebot findest du vom 20.11. bis 26.11. in deiner Kaufland-Filiale.,2025-11-20,2025-11-26,images_kaufland/kaufland_offer_417.jpg,0
NIKE,Tennissocken,"€ 9,99",UVP12.95,Kein Mengenpreis,-22%,je 3 Paar,Nein,Dieses Angebot findest du vom 20.11. bis 26.11. in deiner Kaufland-Filiale.,2025-11-20,2025-11-26,images_kaufland/kaufland_offer_418.jpg,0
LEIFHEIT,Isolierflasche »Coco« 1 l,"€ 12,99",UVP26.99,Kein Mengenpreis,-51%,je,Nein,Dieses Angebot findest du vom 20.11. bis 26.11. in deiner Kaufland-Filiale.,2025-11-20,2025-11-26,images_kaufland/kaufland_offer_388.jpg,0
SILIT,Besteck-Garnitur »Midi«,"€ 29,99",UVP51.89,Kein Mengenpreis,-42%,je 30-teilig,Nein,Dieses Angebot findest du vom 20.11. bis 26.11. in deiner Kaufland-Filiale.,2025-11-20,2025-11-26,images_kaufland/kaufland_offer_391.jpg,0
LEIFHEIT,Isolierkanne »Bolero«,"€ 7,99",UVP14.99,Kein Mengenpreis,-46%,je,Nein,Dieses Angebot findest du vom 20.11. bis 26.11. in deiner Kaufland-Filiale.,2025-11-20,2025-11-26,images_kaufland/kaufland_offer_393.jpg,0
BRITA,Wasserfilter-Kartuschen »MAXTRA PRO PURE PERFORM.«,"€ 44,99",UVP73.89,Kein Mengenpreis,-39%,je 12-St.-Packg.,Nein,Dieses Angebot findest du vom 20.11. bis 26.11. in deiner Kaufland-Filiale.,2025-11-20,2025-11-26,images_kaufland/kaufland_offer_394.jpg,0
CAT,Herren-Boxershorts,"€ 6,99",14.99,Kein Mengenpreis,-53%,je 2-St.-Packg.,Nein,Dieses Angebot findest du vom 20.11. bis 26.11. in deiner Kaufland-Filiale.,2025-11-20,2025-11-26,images_kaufland/kaufland_offer_395.jpg,0
NIKE,Damen-Sweathoodie,"€ 34,99",UVP59.99,Kein Mengenpreis,-41%,je,Nein,Dieses Angebot findest du vom 20.11. bis 26.11. in deiner Kaufland-Filiale.,2025-11-20,2025-11-26,images_kaufland/kaufland_offer_424.jpg,0
CAT,Herren-Arbeitssocken,"€ 4,99",UVP12.00,Kein Mengenpreis,-58%,je 3 Paar,Nein,Dieses Angebot findest du vom 20.11. bis 26.11. in deiner Kaufland-Filiale.,2025-11-20,2025-11-26,images_kaufland/kaufland_offer_426.jpg,0
CARTREND,Vollgarage,"€ 19,99",UVP49.99,Kein Mengenpreis,-60%,je,Nein,Dieses Angebot findest du vom 20.11. bis 26.11. in deiner Kaufland-Filiale.,2025-11-20,2025-11-26,images_kaufland/kaufland_offer_427.jpg,0
MY PROJECT®,AdBlue®,"€ 3,99",8.99,1 l = 0.80,-55%,je 5-l-Kanister,Nein,Dieses Angebot findest du vom 20.11. bis 26.11. in deiner Kaufland-Filiale.,2025-11-20,2025-11-26,images_kaufland/kaufland_offer_428.jpg,0
MY PROJECT®,Parkscheibe,"€ 1,29",,Kein Mengenpreis,nur,je,Nein,Dieses Angebot findest du vom 20.11. bis 26.11. in deiner Kaufland-Filiale.,2025-11-20,2025-11-26,images_kaufland/kaufland_offer_431.jpg,0
NIKE,Damen-Sweathose,"€ 29,99",UVP49.99,Kein Mengenpreis,-40%,je,Nein,Dieses Angebot findest du vom 20.11. bis 26.11. in deiner Kaufland-Filiale.,2025-11-20,2025-11-26,images_kaufland/kaufland_offer_432.jpg,0
MY PROJECT®,Starthilfe-Spray,"€ 3,99",,1 l = 9.98,nur,je 400-ml-Dose,Nein,Dieses Angebot findest du vom 20.11. bis 26.11. in deiner Kaufland-Filiale.,2025-11-20,2025-11-26,images_kaufland/kaufland_offer_433.jpg,0
CAT,Herren-Thermohose,"€ 9,99",UVP24.00,Kein Mengenpreis,-58%,je,Nein,Dieses Angebot findest du vom 20.11. bis 26.11. in deiner Kaufland-Filiale.,2025-11-20,2025-11-26,images_kaufland/kaufland_offer_434.jpg,0
MY PROJECT®,Scheibenklar Frostschutz -30 °C,"€ 5,99",7.99,1 l = 1.20,-25%,je 5-l-Kanister,Nein,Dieses Angebot findest du vom 20.11. bis 26.11. in deiner Kaufland-Filiale.,2025-11-20,2025-11-26,images_kaufland/kaufland_offer_435.jpg,0
NIKE,Sporttasche,"€ 17,99",UVP32.99,Kein Mengenpreis,-45%,je,Nein,Dieses Angebot findest du vom 20.11. bis 26.11. in deiner Kaufland-Filiale.,2025-11-20,2025-11-26,images_kaufland/kaufland_offer_436.jpg,0
CAT,Herren-Arbeitshose,"€ 34,99",UVP64.99,Kein Mengenpreis,-46%,je,Nein,Dieses Angebot findest du vom 20.11. bis 26.11. in deiner Kaufland-Filiale.,2025-11-20,2025-11-26,images_kaufland/kaufland_offer_439.jpg,0
CAT,Herren-Sweatjacke,"€ 44,99",UVP69.99,Kein Mengenpreis,-35%,je,Nein,Dieses Angebot findest du vom 20.11. bis 26.11. in deiner Kaufland-Filiale.,2025-11-20,2025-11-26,images_kaufland/kaufland_offer_440.jpg,0
CAT,Herren-Steppweste,"€ 39,99",UVP59.99,Kein Mengenpreis,-33%,je,Nein,Dieses Angebot findest du vom 20.11. bis 26.11. in deiner Kaufland-Filiale.,2025-11-20,2025-11-26,images_kaufland/kaufland_offer_403.jpg,0
MY PROJECT®,Hochtemperaturlack Schwarz matt,"€ 3,99",,1 l = 9.98,nur,je 400-ml-Dose,Nein,Dieses Angebot findest du vom 20.11. bis 26.11. in deiner Kaufland-Filiale.,2025-11-20,2025-11-26,images_kaufland/kaufland_offer_404.jpg,0
UHU,Luftentfeuchter- Nachfüllbeutel,"€ 1,99",5.99,1 kg = 4.43,-66%,je 450-g-Packg.,Nein,Dieses Angebot findest du vom 20.11. bis 26.11. in deiner Kaufland-Filiale.,2025-11-20,2025-11-26,images_kaufland/kaufland_offer_405.jpg,0
MY PROJECT®,Scheiben-Enteiser- Nachfüllflasche,"€ 1,99",2.99,Kein Mengenpreis,-33%,je 1-l-Flasche,Nein,Dieses Angebot findest du vom 20.11. bis 26.11. in deiner Kaufland-Filiale.,2025-11-20,2025-11-26,images_kaufland/kaufland_offer_406.jpg,0
MY PROJECT®,Eiskratzer mit Bürste,"€ 1,29",,Kein Mengenpreis,nur,je,Nein,Dieses Angebot findest du vom 20.11. bis 26.11. in deiner Kaufland-Filiale.,2025-11-20,2025-11-26,images_kaufland/kaufland_offer_445.jpg,0
MY PROJECT®,Reifen-Pannenspray,"€ 3,99",,1 l = 7.98,nur,je 500-ml-Dose,Nein,Dieses Angebot findest du vom 20.11. bis 26.11. in deiner Kaufland-Filiale.,2025-11-20,2025-11-26,images_kaufland/kaufland_offer_446.jpg,0
MY PROJECT®,Leichtlauf-Motorenöl 5W-30 »Longlife III«,"€ 22,99",41.99,1 l = 4.60,-45%,je 5-l-Kanister,Nein,Dieses Angebot findest du vom 20.11. bis 26.11. in deiner Kaufland-Filiale.,2025-11-20,2025-11-26,images_kaufland/kaufland_offer_447.jpg,0
MY PROJECT®,Scheibenklar Frostschutz -20 °C,"€ 3,99",6.99,1 l = 0.80,-42%,je 5-l-Kanister,Nein,Dieses Angebot findest du vom 20.11. bis 26.11. in deiner Kaufland-Filiale.,2025-11-20,2025-11-26,images_kaufland/kaufland_offer_448.jpg,0
MY PROJECT®,Scheiben-Enteiser-Spray,"€ 1,49",1.99,1 l = 2.98,-25%,je 500-ml-Flasche,Nein,Dieses Angebot findest du vom 20.11. bis 26.11. in deiner Kaufland-Filiale.,2025-11-20,2025-11-26,images_kaufland/kaufland_offer_449.jpg,0
BEBECONFORT,Kindersitzerhöhung »Gaia i-Safe« DISNEY,"€ 17,99",UVP29.99,Kein Mengenpreis,-40%,je,Nein,Dieses Angebot findest du vom 20.11. bis 26.11. in deiner Kaufland-Filiale.,2025-11-20,2025-11-26,images_kaufland/kaufland_offer_450.jpg,0
CAT,Trolley »Peoria« Gr. M,"€ 39,99",,Kein Mengenpreis,nur,je,Nein,Dieses Angebot findest du vom 20.11. bis 26.11. in deiner Kaufland-Filiale.,2025-11-20,2025-11-26,images_kaufland/kaufland_offer_451.jpg,0
MY PROJECT®,Kofferraum-Hängeorganizer,"€ 5,99",,Kein Mengenpreis,nur,je,Nein,Dieses Angebot findest du vom 20.11. bis 26.11. in deiner Kaufland-Filiale.,2025-11-20,2025-11-26,images_kaufland/kaufland_offer_452.jpg,0
WD-40,Multifunktionsspray,"€ 2,79",UVP6.29,1 l = 18.60,-55%,je 150-ml-Dose,Nein,Dieses Angebot findest du vom 20.11. bis 26.11. in deiner Kaufland-Filiale.,2025-11-20,2025-11-26,images_kaufland/kaufland_offer_453.jpg,0
UHU,Luftentfeuchter,"€ 3,99",8.99,1 kg = 8.87,-55%,je 450-g-Packg.,Nein,Dieses Angebot findest du vom 20.11. bis 26.11. in deiner Kaufland-Filiale.,2025-11-20,2025-11-26,images_kaufland/kaufland_offer_454.jpg,0
CAT,Trolley »Peoria« Gr. S,"€ 29,99",,Kein Mengenpreis,nur,je,Nein,Dieses Angebot findest du vom 20.11. bis 26.11. in deiner Kaufland-Filiale.,2025-11-20,2025-11-26,images_kaufland/kaufland_offer_455.jpg,0
MY PROJECT®,Bremsen-Reiniger,"€ 3,99",,1 l = 9.98,nur,je 400-ml-Dose,Nein,Dieses Angebot findest du vom 20.11. bis 26.11. in deiner Kaufland-Filiale.,2025-11-20,2025-11-26,images_kaufland/kaufland_offer_456.jpg,0
NIKE,Sneakersocken,"€ 9,99",UVP12.95,Kein Mengenpreis,-22%,je 3 Paar,Nein,Dieses Angebot findest du vom 20.11. bis 26.11. in deiner Kaufland-Filiale.,2025-11-20,2025-11-26,images_kaufland/kaufland_offer_457.jpg,0
MY PROJECT®,Kofferraum-Organizer,"€ 5,99",,Kein Mengenpreis,nur,je,Nein,Dieses Angebot findest du vom 20.11. bis 26.11. in deiner Kaufland-Filiale.,2025-11-20,2025-11-26,images_kaufland/kaufland_offer_419.jpg,0
MY PROJECT®,Thermo-Scheibenschutz mit Spiegelabdeckungen,"€ 3,49",,Kein Mengenpreis,nur,je,Nein,Dieses Angebot findest du vom 20.11. bis 26.11. in deiner Kaufland-Filiale.,2025-11-20,2025-11-26,images_kaufland/kaufland_offer_422.jpg,0
MY PROJECT®,Kofferraum-Schondecke,"€ 5,99",,Kein Mengenpreis,nur,je,Nein,Dieses Angebot findest du vom 20.11. bis 26.11. in deiner Kaufland-Filiale.,2025-11-20,2025-11-26,images_kaufland/kaufland_offer_423.jpg,0
FERDI FUCHS,Mini-Würstchen,"€ 1,11",,1 kg = 8.54 - 23.13 / 1 kg = 7.62 - 20.63**,"nur; 0.99€, mit Kaufland Card",je 48 - 130-g-Packg.,Nein,Dieses Angebot findest du vom 20.11. bis 26.11. in deiner Kaufland-Filiale.,2025-11-20,2025-11-26,images_kaufland/kaufland_offer_21.jpg,0
ARGETA,Aufstrich,"€ 0,99",1.49,1 kg = 10.43,-33%,je 95-g-Dose,Nein,Dieses Angebot findest du vom 24.11. bis 26.11. in deiner Kaufland-Filiale.,2025-11-24,2025-11-26,images_kaufland/kaufland_offer_553.jpg,0
K-CLASSIC,Cashewkerne versch. Sorten,"€ 1,99",,1 kg = 13.27,nur,je 150-g-Dose,Nein,Dieses Angebot findest du vom 24.11. bis 26.11. in deiner Kaufland-Filiale.,2025-11-24,2025-11-26,images_kaufland/kaufland_offer_554.jpg,0
Keine Marke,"Ital. Tafeltrauben, rot","€ 1,79",2.29,1 kg = 3.58,-21%,je 500-g-Packg.,Nein,Dieses Angebot findest du vom 24.11. bis 26.11. in deiner Kaufland-Filiale.,2025-11-24,2025-11-26,images_kaufland/kaufland_offer_535.jpg,0
STAATL. FACHINGEN,Heilwasser still oder Mineralwasser medium,"€ 6,99",,1 l = 0.78,nur,"je Ka. 12 x 0,75-l-Fl.",Nein,Dieses Angebot findest du vom 24.11. bis 26.11. in deiner Kaufland-Filiale.,2025-11-24,2025-11-26,images_kaufland/kaufland_offer_536.jpg,0
Keine Marke,Dinkel-Vollkornbrot,"€ 1,29",1.65,1 kg = 2.58,-21%,je 500-g-Stück,Nein,Dieses Angebot findest du vom 24.11. bis 26.11. in deiner Kaufland-Filiale.,2025-11-24,2025-11-26,images_kaufland/kaufland_offer_537.jpg,0
K-PURLAND,Steakburger vom Rind,"€ 3,99",,1 kg = 11.09,nur,je 2 St. = 360-g-Packg.,Nein,Dieses Angebot findest du vom 24.11. bis 26.11. in deiner Kaufland-Filiale.,2025-11-24,2025-11-26,images_kaufland/kaufland_offer_538.jpg,0
Keine Marke,Span. Eisbergsalat,"€ 0,69",0.99,Kein Mengenpreis,-30%,je Stück,Nein,Dieses Angebot findest du vom 24.11. bis 26.11. in deiner Kaufland-Filiale.,2025-11-24,2025-11-26,images_kaufland/kaufland_offer_539.jpg,0
LIPTON,Ice Tea oder Green,"€ 1,11",1.69,1 l = 0.89,-34%,"je 1,25-l-PET-Fl.",Nein,Dieses Angebot findest du vom 24.11. bis 26.11. in deiner Kaufland-Filiale.,2025-11-24,2025-11-26,images_kaufland/kaufland_offer_541.jpg,0
K-CLASSIC,Thunfischfilets,"€ 0,99",1.29,1 kg = 5.36,-23%,je 185 - 195-g-Dose,Nein,Dieses Angebot findest du vom 24.11. bis 26.11. in deiner Kaufland-Filiale.,2025-11-24,2025-11-26,images_kaufland/kaufland_offer_546.jpg,0
K-CLASSIC,Nuts Royal,"€ 2,22",,1 kg = 11.10,nur,je 200-g-Packg.,Nein,Dieses Angebot findest du vom 24.11. bis 26.11. in deiner Kaufland-Filiale.,2025-11-24,2025-11-26,images_kaufland/kaufland_offer_549.jpg,0
HITSCHIES,Saures Fruchtgummi,"€ 0,89",1.39,1 kg = 7.12,-35%,je 125-g-Packg.,Nein,Dieses Angebot findest du vom 24.11. bis 26.11. in deiner Kaufland-Filiale.,2025-11-24,2025-11-26,images_kaufland/kaufland_offer_550.jpg,0
Keine Marke,Adventsgesteck,"€ 6,99",,Kein Mengenpreis,nur,je,Nein,Dieses Angebot findest du vom 24.11. bis 26.11. in deiner Kaufland-Filiale.,2025-11-24,2025-11-26,images_kaufland/kaufland_offer_552.jpg,0
MY PROJECT®,Kühlerfrostschutz G12+ Konzentrat,"€ 2,99",4.99,Kein Mengenpreis,-40%,je 1-l-Flasche,Nein,Dieses Angebot findest du vom 20.11. bis 26.11. in deiner Kaufland-Filiale.,2025-11-20,2025-11-26,images_kaufland/kaufland_offer_441.jpg,0
MY PROJECT®,Aluminium-Zinkspray,"€ 3,99",,1 l = 9.98,nur,je 400-ml-Dose,Nein,Dieses Angebot findest du vom 20.11. bis 26.11. in deiner Kaufland-Filiale.,2025-11-20,2025-11-26,images_kaufland/kaufland_offer_442.jpg,0
CARTREND,Auto-Halbgarage,"€ 9,99",UVP23.99,Kein Mengenpreis,-58%,je,Nein,Dieses Angebot findest du vom 20.11. bis 26.11. in deiner Kaufland-Filiale.,2025-11-20,2025-11-26,images_kaufland/kaufland_offer_443.jpg,0
ALMA,Vorarlberger Bergkäse,"€ 1,49",2.99,Kein Mengenpreis,-50%,je 100 g,Nein,Dieses Angebot findest du vom 24.11. bis 26.11. in deiner Kaufland-Filiale.,2025-11-24,2025-11-26,images_kaufland/kaufland_offer_06.jpg,0
WILTMANN,Bio-Fleischkäse oder Bio-Geflügel-Lyoner,"€ 1,19",,1 kg = 14.88,nur,je 80-g-Packg.,Nein,Dieses Angebot findest du vom 24.11. bis 26.11. in deiner Kaufland-Filiale.,2025-11-24,2025-11-26,images_kaufland/kaufland_offer_574.jpg,0
Keine Marke,"Dtsch./ital. Tafeläpfel, rot","€ 1,79",,1 kg = 0.90,nur,je 2-kg-Beutel,Nein,Dieses Angebot findest du vom 24.11. bis 26.11. in deiner Kaufland-Filiale.,2025-11-24,2025-11-26,images_kaufland/kaufland_offer_532.jpg,0
BACARDI,Rum oder Rum-Spirituose,"€ 9,99",14.49,1 l = 14.28,-31%,"je 0,7-l-Fl.",Nein,Dieses Angebot findest du vom 24.11. bis 26.11. in deiner Kaufland-Filiale.,2025-11-24,2025-11-26,images_kaufland/kaufland_offer_533.jpg,0
LINDT,Weihnachtsmann,"€ 2,22",3.99,1 kg = 31.72,-44%,je 70-g-Stück,Nein,Dieses Angebot findest du vom 20.11. bis 26.11. in deiner Kaufland-Filiale.,2025-11-20,2025-11-26,images_kaufland/kaufland_offer_09.jpg,0
FUNNY-FRISCH,Knuspersnack,"€ 1,11",1.99,1 kg = 11.10 - 14.80 / 1 kg = 9.90 - 13.20**,"-44%; 0.99€, mit Kaufland Card",je 75 - 100-g-Packg.,Nein,Dieses Angebot findest du vom 20.11. bis 26.11. in deiner Kaufland-Filiale.,2025-11-20,2025-11-26,images_kaufland/kaufland_offer_10.jpg,0
Keine Marke,Span. Broccoli,"€ 0,99",1.79,1 kg = 1.98,-44%,je 500-g-Packg.,Nein,Dieses Angebot findest du vom 20.11. bis 26.11. in deiner Kaufland-Filiale.,2025-11-20,2025-11-26,images_kaufland/kaufland_offer_11.jpg,0
Keine Marke,PRINGLES,"€ 1,49",2.49,1 kg = 9.03 - 9.32,-40%,je 160 - 165-g-Dose,Nein,Dieses Angebot findest du vom 20.11. bis 26.11. in deiner Kaufland-Filiale.,2025-11-20,2025-11-26,images_kaufland/kaufland_offer_12.jpg,0
MEGGLE,Schnitt- oder Hartkäse,"€ 1,49",2.49,1 kg = 9.94 - 11.92,-40%,je 125 - 150-g-Packg.,Nein,Dieses Angebot findest du vom 24.11. bis 26.11. in deiner Kaufland-Filiale.,2025-11-24,2025-11-26,images_kaufland/kaufland_offer_14.jpg,0
ZABLER,Hochzeit Nudeln,"€ 1,99",3.29,1 kg = 3.98,-39%,je 500-g-Beutel,Nein,Dieses Angebot findest du vom 20.11. bis 26.11. in deiner Kaufland-Filiale.,2025-11-20,2025-11-26,images_kaufland/kaufland_offer_15.jpg,0
Keine Marke,Marokk. Miniromatomaten,"€ 0,79",1.29,1 kg = 3.16,-38%,je 250-g-Packg.,Nein,Dieses Angebot findest du vom 20.11. bis 26.11. in deiner Kaufland-Filiale.,2025-11-20,2025-11-26,images_kaufland/kaufland_offer_16.jpg,0
ALMDUDLER,Kräuterlimonade,"€ 0,99",1.59,Kein Mengenpreis,-37%,je 1-l-PET-Fl.,Nein,Dieses Angebot findest du vom 24.11. bis 26.11. in deiner Kaufland-Filiale.,2025-11-24,2025-11-26,images_kaufland/kaufland_offer_17.jpg,0
IGLO,Rahm-Spinat,"€ 1,49",2.39,1 kg = 2.98,-37%,je 500-g-Packg.,Nein,Dieses Angebot findest du vom 24.11. bis 26.11. in deiner Kaufland-Filiale.,2025-11-24,2025-11-26,images_kaufland/kaufland_offer_18.jpg,0
NORDSEE,Fischspezialitäten,"€ 2,22",3.49,1 kg = 8.99 - 12.07,-36%,je 184 - 247-g-Packg.,Nein,Dieses Angebot findest du vom 24.11. bis 26.11. in deiner Kaufland-Filiale.,2025-11-24,2025-11-26,images_kaufland/kaufland_offer_19.jpg,0
7 DAYS,Croissants,"€ 1,79",2.79,1 kg = 7.46,-35%,je 4 St. = 240-g-Packg.,Nein,Dieses Angebot findest du vom 20.11. bis 26.11. in deiner Kaufland-Filiale.,2025-11-20,2025-11-26,images_kaufland/kaufland_offer_20.jpg,0
MÜLLER,Joghurt mit der Ecke,"€ 0,35",0.89,1 kg = 2.34 - 3.10,-60%,je 113 - 150-g-Becher,Nein,Dieses Angebot findest du vom 24.11. bis 26.11. in deiner Kaufland-Filiale.,2025-11-24,2025-11-26,images_kaufland/kaufland_offer_01.jpg,0
