Produkt,Marke,Preis,Vorheriger Preis,Preis_kg,Hinweis,Nur_online,Gueltig_raw,Gueltig_von,Gueltig_bis,Bildpfad,Score
Coca Cola*,Keine Marke,"€ 13,99",Kein vorheriger Preis,"1 l = 1,77 €","verschiedene Sorten, Fanta, Mezzo Mix* oder Sprite *koffeinhaltige Limonade, 24 x 0,33 Liter Kasten + 5,10 Pfand, (1 l = 1,77 €)",Nein,Gültig vom 24.11.2025 bis zum 29.11.2025,2025-11-24,2025-11-29,images_edeka/coca-cola.jpg,6
Coca-Cola*,Keine Marke,"€ 1,19",Kein vorheriger Preis,"1 l = 0,95 €","verschiedene Sorten, Fanta, Mezzo Mix* oder Sprite *koffeinhaltige Limonade, 1,25 Liter Flasche + 0,25 Pfand, (1 l = 0,95 €)",Nein,Gültig vom 24.11.2025 bis zum 29.11.2025,2025-11-24,2025-11-29,images_edeka/coca-cola.jpg,6
Arla Skyr,Keine Marke,"€ 1,49",Kein vorheriger Preis,"1 kg = 3,73/3,31 €","verschiedene Sorten, 400/450 g Becher, (1 kg = 3,73/3,31 €)",Nein,Gültig vom 24.11.2025 bis zum 29.11.2025,2025-11-24,2025-11-29,images_edeka/arla-skyr.jpg,4
"Milram Gewürz Quark, Veganer Aufstrich",Keine Marke,"€ 0,99",Kein vorheriger Preis,"1 kg = 6,39/5,35 €","verschiedene Sorten und Fettstufen, Sour Cream, Zaziki oder Aioli, 155/185 g Becher, (1 kg = 6,39/5,35 €)",Nein,Gültig vom 24.11.2025 bis zum 29.11.2025,2025-11-24,2025-11-29,images_edeka/milram-gew-rz-quark-veganer-aufstrich.jpg,3
Minus L H-Kakao oder H-Milch,Keine Marke,"€ 0,89",Kein vorheriger Preis,"1 l = 1,78 €","1,5 % Fett, laktosefrei, 500 ml Packung, (1 l = 1,78 €)",Nein,Gültig vom 24.11.2025 bis zum 29.11.2025,2025-11-24,2025-11-29,images_edeka/minus-l-h-kakao-oder-h-milch.jpg,2
Dr. Oetker Paula Snack,Keine Marke,"€ 1,79",Kein vorheriger Preis,"1 kg = 15,98 €","Creme Vanillegeschmack mit Schokosoße, 4er, 112 g Packung, (1 kg = 15,98 €)",Nein,Gültig vom 24.11.2025 bis zum 29.11.2025,2025-11-24,2025-11-29,images_edeka/dr-oetker-paula-snack.jpg,1
Gut & Günstig Speisekartoffeln,Keine Marke,"€ 1,79",Kein vorheriger Preis,"1 kg = 0,57","vorwiegend festkochend, Sorte siehe Etikett, aus Deutschland, 2,5 kg Netz + 25% mehr Inhalt GRATIS, (1 kg = 0,57)",Nein,Gültig vom 24.11.2025 bis zum 29.11.2025,2025-11-24,2025-11-29,images_edeka/gut-g-nstig-speisekartoffeln.jpg,1
müller Milch Reis,Keine Marke,"€ 0,44",Kein vorheriger Preis,"1 kg = 2,44/2,20 €","verschiedene Sorten, 180/200 g Becher, (1 kg = 2,44/2,20 €)",Nein,Gültig vom 24.11.2025 bis zum 29.11.2025,2025-11-24,2025-11-29,images_edeka/m-ller-milch-reis.jpg,1
"Puten-Schnitte Art ""Cordon bleu"" oder Wiener Art",Keine Marke,"€ 1,29",Kein vorheriger Preis,Kein Mengenpreis,100 g,Nein,Gültig vom 24.11.2025 bis zum 29.11.2025,2025-11-24,2025-11-29,images_edeka/puten-schnitte-art-cordon-bleu-oder-wiener-art.jpg,1
Papa Joe´s Tomaten Ketchup,Keine Marke,"€ 1,79",Kein vorheriger Preis,"1 l = 3,58 €","verschiedene Sorten oder Original Mayonnaise, 500 ml Flasche, (1 l = 3,58 €)",Nein,Gültig vom 24.11.2025 bis zum 29.11.2025,2025-11-24,2025-11-29,images_edeka/papa-joe-s-tomaten-ketchup.jpg,1
"3 Stück Kakis ""Rojo Briliante""",Keine Marke,"€ 1,00",Kein vorheriger Preis,Kein Mengenpreis,"aus Spanien, Kl. l, 3 Stück",Nein,Gültig vom 24.11.2025 bis zum 29.11.2025,2025-11-24,2025-11-29,images_edeka/3-st-ck-kakis-rojo-briliante.jpg,0
Gut & Günstig Rispentomaten,Keine Marke,"€ 1,49",Kein vorheriger Preis,"1 kg = 1,49","aus den Niederlanden / Belgien, Kl. l, (1 kg = 1,49)",Nein,Gültig vom 24.11.2025 bis zum 29.11.2025,2025-11-24,2025-11-29,images_edeka/gut-g-nstig-rispentomaten.jpg,0
Leerdammer Käse,Keine Marke,"€ 1,69",Kein vorheriger Preis,"1 kg = 10,56-16,90 €","verschiedene Sorten und Fettstufen *Nur solange der Vorrat reicht., 100-160* g Packung, (1 kg = 10,56-16,90 €)",Nein,Gültig vom 24.11.2025 bis zum 29.11.2025,2025-11-24,2025-11-29,images_edeka/leerdammer-k-se.jpg,0
kerrygold Original Irische Butter oder extra,Keine Marke,"€ 1,99",Kein vorheriger Preis,"1 kg = 9,95/7,96 €","verschiedene Sorten Je nach Verfügbarkeit des Marktes., 200/250 g Stück/Becher, (1 kg = 9,95/7,96 €)",Nein,Gültig vom 24.11.2025 bis zum 29.11.2025,2025-11-24,2025-11-29,images_edeka/kerrygold-original-irische-butter-oder-extra.jpg,0
EDEKA Herzstücke WWF Apeel Orangen oder Clementinen,Keine Marke,"€ 2,99",Kein vorheriger Preis,Kein Mengenpreis,"Sorte siehe Etikett, aus Spanien, Kl. I",Nein,Gültig vom 24.11.2025 bis zum 29.11.2025,2025-11-24,2025-11-29,images_edeka/edeka-herzst-cke-wwf-apeel-orangen-oder-clementinen.jpg,0
müller Froop,Keine Marke,"€ 0,44",Kein vorheriger Preis,"1 kg = 2,93 €","verschiedene Sorten, 150 g Becher, (1 kg = 2,93 €)",Nein,Gültig vom 24.11.2025 bis zum 29.11.2025,2025-11-24,2025-11-29,images_edeka/m-ller-froop.jpg,0
St. Mang Original Allgäuer Limburger oder Rubius,Keine Marke,"€ 1,99",Kein vorheriger Preis,"1 kg = 9,95-11,71 €","verschiedene Sorten und Fettstufen Je nach Verfügbarkeit des Marktes., 170-200 g Packung, (1 kg = 9,95-11,71 €)",Nein,Gültig vom 24.11.2025 bis zum 29.11.2025,2025-11-24,2025-11-29,images_edeka/st-mang-original-allg-uer-limburger-oder-rubius.jpg,0
Mini Babybel,Keine Marke,"€ 1,59",Kein vorheriger Preis,"1 kg = 15,90 €","verschiedene Sorten und Fettstufen, 5er Je nach Verfügbarkeit des Marktes., 100 g Packung, (1 kg = 15,90 €)",Nein,Gültig vom 24.11.2025 bis zum 29.11.2025,2025-11-24,2025-11-29,images_edeka/mini-babybel.jpg,0
Zott Sahne Joghurt,Keine Marke,"€ 0,39",Kein vorheriger Preis,"1 kg = 2,79 €","verschiedene Sorten und Fettstufen, 140 g Becher, (1 kg = 2,79 €)",Nein,Gültig vom 24.11.2025 bis zum 29.11.2025,2025-11-24,2025-11-29,images_edeka/zott-sahne-joghurt.jpg,0
Arla Kærgården,Keine Marke,"€ 1,79",Kein vorheriger Preis,"1 kg = 8,95 €","verschiedene Sorten oder Bio ungesalzen, 200 g Becher, (1 kg = 8,95 €)",Nein,Gültig vom 24.11.2025 bis zum 29.11.2025,2025-11-24,2025-11-29,images_edeka/arla-k-rg-rden.jpg,0
Arla Buko Frischkäse oder -zubereitung,Keine Marke,"€ 0,99",Kein vorheriger Preis,"1 kg = 4,95 €","verschiedene Sorten und Fettstufen, 200 g Becher, (1 kg = 4,95 €)",Nein,Gültig vom 24.11.2025 bis zum 29.11.2025,2025-11-24,2025-11-29,images_edeka/arla-buko-frischk-se-oder-zubereitung.jpg,0
kerrygold Frisch & Cremig,Keine Marke,"€ 1,00",Kein vorheriger Preis,"1 kg = 6,67 €","aus original irischem Frischkäse, verschiedene Sorten, 150 g Becher, (1 kg = 6,67 €)",Nein,Gültig vom 24.11.2025 bis zum 29.11.2025,2025-11-24,2025-11-29,images_edeka/kerrygold-frisch-cremig.jpg,0
Lätta,Keine Marke,"€ 1,00",Kein vorheriger Preis,"1 kg = 2,22 €","verschiedene Sorten und Fettstufen, 450 g Becher, (1 kg = 2,22 €)",Nein,Gültig vom 24.11.2025 bis zum 29.11.2025,2025-11-24,2025-11-29,images_edeka/l-tta.jpg,0
Le Rustique Raclette,Keine Marke,"€ 3,99",Kein vorheriger Preis,"1 kg = 11,08/9,98 €","verschiedene Sorten, mindestens 48 % Fett i. Tr., 360/400 g Packung, (1 kg = 11,08/9,98 €)",Nein,Gültig vom 24.11.2025 bis zum 29.11.2025,2025-11-24,2025-11-29,images_edeka/le-rustique-raclette.jpg,0
Switzerland Tête de Moine AOP,Keine Marke,"€ 3,99",Kein vorheriger Preis,"1 kg = 39,90 €","schweizer Schnittkäse mit Rohmilch, 51 % Fett i. Tr., 100 g Packung, (1 kg = 39,90 €)",Nein,Gültig vom 24.11.2025 bis zum 29.11.2025,2025-11-24,2025-11-29,images_edeka/switzerland-t-te-de-moine-aop.jpg,0
Bauer Butterkäse,Keine Marke,"€ 0,99",Kein vorheriger Preis,Kein Mengenpreis,"deutscher halbfester Schnittkäse, 45 % Fett i. Tr., mild bis fein aromatisch, 100 g",Nein,Gültig vom 24.11.2025 bis zum 29.11.2025,2025-11-24,2025-11-29,images_edeka/bauer-butterk-se.jpg,0
Elsässer Winzerkäse,Keine Marke,"€ 1,79",Kein vorheriger Preis,Kein Mengenpreis,"französischer Weichkäse, 50 % Fett i. Tr., 14 Tage gereift, rote Rinde, würzig, herzhaft im Geschmack, auch als SB-Stück erhältlich, 100 g",Nein,Gültig vom 24.11.2025 bis zum 29.11.2025,2025-11-24,2025-11-29,images_edeka/els-sser-winzerk-se.jpg,0
Herz Allgäuer Emmentaler,Keine Marke,"€ 1,29",Kein vorheriger Preis,Kein Mengenpreis,"deutscher Hartkäse mit tagfrischer Heu-Rohmilch, 45 % Fett i. Tr., typisch mit großen Löchern, mild-nussiger Geschmack, rindengereift, 100 g",Nein,Gültig vom 24.11.2025 bis zum 29.11.2025,2025-11-24,2025-11-29,images_edeka/herz-allg-uer-emmentaler.jpg,0
Ehrmann Grand Dessert Mousse,Keine Marke,"€ 0,99",Kein vorheriger Preis,"1 kg = 5,82 €","verschiedene Sorten, 170 g Becher, (1 kg = 5,82 €)",Nein,Gültig vom 24.11.2025 bis zum 29.11.2025,2025-11-24,2025-11-29,images_edeka/ehrmann-grand-dessert-mousse.jpg,0
Purist Raclette,Keine Marke,"€ 1,79",Kein vorheriger Preis,Kein Mengenpreis,"schweizer Schnittkäse 45 % Fett i.Tr., Feinwürzig-vollmundiger Raclette, zartschmelzende Textur, glatte, feste Naturrinde, mindestens 3 Monate gereift, 100 g",Nein,Gültig vom 24.11.2025 bis zum 29.11.2025,2025-11-24,2025-11-29,images_edeka/purist-raclette.jpg,0
Actimel Drink,Keine Marke,"€ 2,22",Kein vorheriger Preis,"1 kg = 2,78 €","verschiedene Sorten und Fettstufen, 8er, 800 g Packung, (1 kg = 2,78 €)",Nein,Gültig vom 24.11.2025 bis zum 29.11.2025,2025-11-24,2025-11-29,images_edeka/actimel-drink.jpg,0
Melitta Bella Crema,Keine Marke,"€ 13,99",Kein vorheriger Preis,"1 kg = 13,99 €","ganze Bohnen, 100 % Arabica, verschiedene Sorten, 1000 g Packung, (1 kg = 13,99 €)",Nein,Gültig vom 24.11.2025 bis zum 29.11.2025,2025-11-24,2025-11-29,images_edeka/melitta-bella-crema.jpg,0
Dallmayr prodomo Kaffee,Keine Marke,"€ 7,49",Kein vorheriger Preis,"1 kg = 14,98 €","100 % Arabica, verschiedene Sorten, 500 g Packung, (1 kg = 14,98 €)",Nein,Gültig vom 24.11.2025 bis zum 29.11.2025,2025-11-24,2025-11-29,images_edeka/dallmayr-prodomo-kaffee.jpg,0
Teekanne Ländertee,Keine Marke,"€ 1,69",Kein vorheriger Preis,"1 kg = 30,73-56,33 €","verschiedene Sorten, 18/20er, 30-55 g Packung, (1 kg = 30,73-56,33 €)",Nein,Gültig vom 24.11.2025 bis zum 29.11.2025,2025-11-24,2025-11-29,images_edeka/teekanne-l-ndertee.jpg,0
skai Kaugummis,Keine Marke,"€ 0,49",Kein vorheriger Preis,"1 kg = 7,66 €","verschiedene Sorten, 64 g Packung, (1 kg = 7,66 €)",Nein,Gültig vom 24.11.2025 bis zum 29.11.2025,2025-11-24,2025-11-29,images_edeka/skai-kaugummis.jpg,0
Ritter Sport Schokolade Vegan,Keine Marke,"€ 1,99",Kein vorheriger Preis,"1 kg = 19,90 €","verschiedene Sorten, 100 g Tafel, (1 kg = 19,90 €)",Nein,Gültig vom 24.11.2025 bis zum 29.11.2025,2025-11-24,2025-11-29,images_edeka/ritter-sport-schokolade-vegan.jpg,0
Melitta Kaffee Pads,Keine Marke,"€ 2,00",Kein vorheriger Preis,"1 kg = 18,69/17,86 €","verschiedene Sorten, 16er, 107/112 g Packung, (1 kg = 18,69/17,86 €)",Nein,Gültig vom 24.11.2025 bis zum 29.11.2025,2025-11-24,2025-11-29,images_edeka/melitta-kaffee-pads.jpg,0
Eduscho Caffè Crema,Keine Marke,"€ 13,99",Kein vorheriger Preis,"1 kg = 13,99 €","verschiedene Sorten, ganze Bohnen Je nach Verfügbarkeit des Marktes., 1 kg Packung, (1 kg = 13,99 €)",Nein,Gültig vom 24.11.2025 bis zum 29.11.2025,2025-11-24,2025-11-29,images_edeka/eduscho-caff-crema.jpg,0
Dallmayr capsa,Keine Marke,"€ 2,59",Kein vorheriger Preis,"1 kg = 46,25 €","verschiedene Sorten, 10er Für die Verwendung in Nespresso?* Kaffeemaschinen geeignet. *Markenzeichen eines Dritt-Unternehmens., 56 g Packung, (1 kg = 46,25 €)",Nein,Gültig vom 24.11.2025 bis zum 29.11.2025,2025-11-24,2025-11-29,images_edeka/dallmayr-capsa.jpg,0
Gut & Günstig Hausmacher Senf,Keine Marke,"€ 0,99",Kein vorheriger Preis,"1 l = 3,96 €","süß, 250 ml Glas, (1 l = 3,96 €)",Nein,Gültig vom 24.11.2025 bis zum 29.11.2025,2025-11-24,2025-11-29,images_edeka/gut-g-nstig-hausmacher-senf.jpg,0
Thomy Les Sauces,Keine Marke,"€ 0,99",Kein vorheriger Preis,"1 l = 3,96 €","verschiedene Sorten, 250 ml Packung, (1 l = 3,96 €)",Nein,Gültig vom 24.11.2025 bis zum 29.11.2025,2025-11-24,2025-11-29,images_edeka/thomy-les-sauces.jpg,0
Pfanni Semmel Knödel,Keine Marke,"€ 1,49",Kein vorheriger Preis,"1 kg = 7,45 €","6er, in Kochbeuteln, 200 g Packung, (1 kg = 7,45 €)",Nein,Gültig vom 24.11.2025 bis zum 29.11.2025,2025-11-24,2025-11-29,images_edeka/pfanni-semmel-kn-del.jpg,0
3 Glocken Genuss Pur Teigwaren,Keine Marke,"€ 1,49",Kein vorheriger Preis,"1 kg = 1,49 €","verschiedene Ausformungen Nur solange der Vorrat reicht., 1 kg Packung, (1 kg = 1,49 €)",Nein,Gültig vom 24.11.2025 bis zum 29.11.2025,2025-11-24,2025-11-29,images_edeka/3-glocken-genuss-pur-teigwaren.jpg,0
Knorr Fix,Keine Marke,"€ 0,49",Kein vorheriger Preis,"1 kg = 5,44-17,50 €","verschiedene Sorten, 28-90 g Packung, (1 kg = 5,44-17,50 €)",Nein,Gültig vom 24.11.2025 bis zum 29.11.2025,2025-11-24,2025-11-29,images_edeka/knorr-fix.jpg,0
"EDEKA Herzstücke Apeel Avocado ""Hass""",Keine Marke,"€ 1,99",Kein vorheriger Preis,Kein Mengenpreis,"aus Chile, Kl. l, Stück",Nein,Gültig vom 24.11.2025 bis zum 29.11.2025,2025-11-24,2025-11-29,images_edeka/edeka-herzst-cke-apeel-avocado-hass.jpg,0
3 Stück Kiwis Grün,Keine Marke,"€ 1,00",Kein vorheriger Preis,Kein Mengenpreis,"aus Griechenland, Kl. l, 3 Stück",Nein,Gültig vom 24.11.2025 bis zum 29.11.2025,2025-11-24,2025-11-29,images_edeka/3-st-ck-kiwis-gr-n.jpg,0
Gut & Günstig Eisbergsalat,Keine Marke,"€ 0,99",Kein vorheriger Preis,Kein Mengenpreis,"aus Spanien, Kl. I, Stück",Nein,Gültig vom 24.11.2025 bis zum 29.11.2025,2025-11-24,2025-11-29,images_edeka/gut-g-nstig-eisbergsalat.jpg,0
Gut & Günstig MSC Thunfisch Filets,Keine Marke,"€ 1,00",Kein vorheriger Preis,"1 kg = 5,13-6,67 €","verschiedene Sorten oder Stücke mit Gemüse Ausgenommen Filets in Olivenöl., 150-195 g Dose, (1 kg = 5,13-6,67 €)",Nein,Gültig vom 24.11.2025 bis zum 29.11.2025,2025-11-24,2025-11-29,images_edeka/gut-g-nstig-msc-thunfisch-filets.jpg,0
EDEKA Herzstücke original italienische Pasta,Keine Marke,"€ 0,99",Kein vorheriger Preis,"1 kg = 1,98 €","verschiedene Ausformungen Ausgenommen Tagliatelle N.71, N.70 und Lasagne., 500 g Packung, (1 kg = 1,98 €)",Nein,Gültig vom 24.11.2025 bis zum 29.11.2025,2025-11-24,2025-11-29,images_edeka/edeka-herzst-cke-original-italienische-pasta.jpg,0
Lacroix Fond,Keine Marke,"€ 1,99",Kein vorheriger Preis,"1 l = 4,98 €","verschiedene Sorten *Je nach Verfügbarkeit des Marktes., 300*/400 ml Glas, (1 l = 4,98 €)",Nein,Gültig vom 24.11.2025 bis zum 29.11.2025,2025-11-24,2025-11-29,images_edeka/lacroix-fond.jpg,0
Argeta Geflügel Aufstrich,Keine Marke,"€ 1,29",Kein vorheriger Preis,"1 kg = 13,58 €","verschiedene Sorten, 95 g Dose, (1 kg = 13,58 €)",Nein,Gültig vom 24.11.2025 bis zum 29.11.2025,2025-11-24,2025-11-29,images_edeka/argeta-gefl-gel-aufstrich.jpg,0
Zentis Frühstücks-Konfitüre,Keine Marke,"€ 0,99",Kein vorheriger Preis,"1 kg = 4,71/4,30 €","verschiedene Sorten oder Marmelade Orange* *Nur solange der Vorrat reicht., 210/230 g Glas, (1 kg = 4,71/4,30 €)",Nein,Gültig vom 24.11.2025 bis zum 29.11.2025,2025-11-24,2025-11-29,images_edeka/zentis-fr-hst-cks-konfit-re.jpg,0
Dr. Oetker Vitalis Müsli oder Paula Müslispaß,Keine Marke,"€ 2,49",Kein vorheriger Preis,"1 kg = 4,15-7,55 €","verschiedene Sorten Ausgenommen Müsli ohne Zucker Zusatz., 330-600 g Packung, (1 kg = 4,15-7,55 €)",Nein,Gültig vom 24.11.2025 bis zum 29.11.2025,2025-11-24,2025-11-29,images_edeka/dr-oetker-vitalis-m-sli-oder-paula-m-slispa.jpg,0
Hengstenberg Cornichons,Keine Marke,"€ 1,99",Kein vorheriger Preis,"1 kg = 10,47 €","verschiedene Sorten, 330 g Glas (Abtropfgewicht 190 g), (1 kg = 10,47 €)",Nein,Gültig vom 24.11.2025 bis zum 29.11.2025,2025-11-24,2025-11-29,images_edeka/hengstenberg-cornichons.jpg,0
Saupiquet MSC Thunfisch-Salat,Keine Marke,"€ 1,99",Kein vorheriger Preis,"1 kg = 12,44 €","verschiedene Sorten, 160 g Packung, (1 kg = 12,44 €)",Nein,Gültig vom 24.11.2025 bis zum 29.11.2025,2025-11-24,2025-11-29,images_edeka/saupiquet-msc-thunfisch-salat.jpg,0
Giovanni Rana Tradizionali oder Amore di Pesto Pasta,Keine Marke,"€ 2,79",Kein vorheriger Preis,"1 kg = 11,16 €","verschiedene Sorten, 250 g Packung, (1 kg = 11,16 €)",Nein,Gültig vom 24.11.2025 bis zum 29.11.2025,2025-11-24,2025-11-29,images_edeka/giovanni-rana-tradizionali-oder-amore-di-pesto-pasta.jpg,0
Pahmeyer Auflauf,Keine Marke,"€ 2,29",Kein vorheriger Preis,"1 kg = 7,63 €","verschiedene Sorten, vegetarisch, 300 g Packung, (1 kg = 7,63 €)",Nein,Gültig vom 24.11.2025 bis zum 29.11.2025,2025-11-24,2025-11-29,images_edeka/pahmeyer-auflauf.jpg,0
Ribella Hummus oder Grab & Go!,Keine Marke,"€ 1,79",Kein vorheriger Preis,"1 kg = 13,77/8,95 €","Hummus und Cracker, verschiedene Sorten, vegan, 130/200 g Becher/Packung, (1 kg = 13,77/8,95 €)",Nein,Gültig vom 24.11.2025 bis zum 29.11.2025,2025-11-24,2025-11-29,images_edeka/ribella-hummus-oder-grab-go.jpg,0
Fritz & Felix Schüttelbrot,Keine Marke,"€ 1,49",Kein vorheriger Preis,"1 kg = 11,92/9,93 €","verschiedene Sorten, 125/150 g Packung, (1 kg = 11,92/9,93 €)",Nein,Gültig vom 24.11.2025 bis zum 29.11.2025,2025-11-24,2025-11-29,images_edeka/fritz-felix-sch-ttelbrot.jpg,0
Allgäuer Nudelsalat,Keine Marke,"€ 0,69",Kein vorheriger Preis,Kein Mengenpreis,"Nudeln mit grünen Erbsen, Karotten und knackigen Gewürzgurken, in feiner Salatmayonnaise, 100 g",Nein,Gültig vom 24.11.2025 bis zum 29.11.2025,2025-11-24,2025-11-29,images_edeka/allg-uer-nudelsalat.jpg,0
Pilzsalat,Keine Marke,"€ 1,59",Kein vorheriger Preis,Kein Mengenpreis,100 g,Nein,Gültig vom 24.11.2025 bis zum 29.11.2025,2025-11-24,2025-11-29,images_edeka/pilzsalat.jpg,0
Dr. Oetker Mousse,Keine Marke,"€ 1,39",Kein vorheriger Preis,"1 kg = 15,11-23,17 €","verschiedene Sorten oder Tiramisu Creme, 60-92 g Packung, (1 kg = 15,11-23,17 €)",Nein,Gültig vom 24.11.2025 bis zum 29.11.2025,2025-11-24,2025-11-29,images_edeka/dr-oetker-mousse.jpg,0
Alberto Pasta Fertiggericht,Keine Marke,"€ 2,22",Kein vorheriger Preis,"1 kg = 5,55 €","verschiedene Sorten, tiefgefroren, 400 g Packung, (1 kg = 5,55 €)",Nein,Gültig vom 24.11.2025 bis zum 29.11.2025,2025-11-24,2025-11-29,images_edeka/alberto-pasta-fertiggericht.jpg,0
Coppenrath & Wiese Meister Torte,Keine Marke,"€ 5,99",Kein vorheriger Preis,"1 kg = 5,45-11,98 €","verschiedene Sorten, tiefgefroren, 500-1100 g Packung, (1 kg = 5,45-11,98 €)",Nein,Gültig vom 24.11.2025 bis zum 29.11.2025,2025-11-24,2025-11-29,images_edeka/coppenrath-wiese-meister-torte.jpg,0
Gut & Günstig Gemüse,Keine Marke,"€ 2,00",Kein vorheriger Preis,"1 kg = 2,00 €","verschiedene Sorten, erntefrisch tiefgefroren Ausgenommen Suppengemüse 1 kg., 1000 g Packung, (1 kg = 2,00 €)",Nein,Gültig vom 24.11.2025 bis zum 29.11.2025,2025-11-24,2025-11-29,images_edeka/gut-g-nstig-gem-se.jpg,0
"Original Wagner Die Backfrische, Big City Pizza oder Piccolinis",Keine Marke,"€ 1,99",Kein vorheriger Preis,"1 kg = 4,57-8,19 €","verschiedene Sorten, tiefgefroren, 243-435 g Packung, (1 kg = 4,57-8,19 €)",Nein,Gültig vom 24.11.2025 bis zum 29.11.2025,2025-11-24,2025-11-29,images_edeka/original-wagner-die-backfrische-big-city-pizza-oder-piccolinis.jpg,0
Langnese Magnum Eis,Keine Marke,"€ 3,29",Kein vorheriger Preis,"1 l = 11,75/5,48 €","verschiedene Sorten, 6/8er, 280/600 ml Packung, (1 l = 11,75/5,48 €)",Nein,Gültig vom 24.11.2025 bis zum 29.11.2025,2025-11-24,2025-11-29,images_edeka/langnese-magnum-eis.jpg,0
Gustavo Gusto Steinofenpizza,Keine Marke,"€ 3,49",Kein vorheriger Preis,"1 kg = 7,35-9,06 €","verschiedene Sorten, tiefgefroren, 385-475 g Packung, (1 kg = 7,35-9,06 €)",Nein,Gültig vom 24.11.2025 bis zum 29.11.2025,2025-11-24,2025-11-29,images_edeka/gustavo-gusto-steinofenpizza.jpg,0
EDEKA Herzstücke Butter Croissants,Keine Marke,"€ 2,99",Kein vorheriger Preis,"1 kg = 8,31 €","zum Fertigbacken, 6er, tiefgefroren, 360 g Packung, (1 kg = 8,31 €)",Nein,Gültig vom 24.11.2025 bis zum 29.11.2025,2025-11-24,2025-11-29,images_edeka/edeka-herzst-cke-butter-croissants.jpg,0
EDEKA Genussmomente Barbarieente,Keine Marke,"€ 6,66",Kein vorheriger Preis,Kein Mengenpreis,"Hkl. A, mit Hals, ohne Innereien, verschiedene Gewichte, tiefgefroren Abbildung ähnlich., 1 kg",Nein,Gültig vom 24.11.2025 bis zum 29.11.2025,2025-11-24,2025-11-29,images_edeka/edeka-genussmomente-barbarieente.jpg,0
Victoriabarschfilet,Keine Marke,"€ 1,89",Kein vorheriger Preis,Kein Mengenpreis,"ohne Haut, ideal zum Braten, 100 g",Nein,Gültig vom 24.11.2025 bis zum 29.11.2025,2025-11-24,2025-11-29,images_edeka/victoriabarschfilet.jpg,0
Bücklinge,Keine Marke,"€ 0,99",Kein vorheriger Preis,Kein Mengenpreis,"rund oder ausgenommen, geräuchert, 100 g",Nein,Gültig vom 24.11.2025 bis zum 29.11.2025,2025-11-24,2025-11-29,images_edeka/b-cklinge.jpg,0
Dorade,Keine Marke,"€ 1,59",Kein vorheriger Preis,Kein Mengenpreis,"weißes, aromatisch festes und schmackhaftes Fleisch, natur oder mariniert, pfannenfertig, 100 g",Nein,Gültig vom 24.11.2025 bis zum 29.11.2025,2025-11-24,2025-11-29,images_edeka/dorade.jpg,0
Rot- oder Weißgelegter,Keine Marke,"€ 1,29",Kein vorheriger Preis,Kein Mengenpreis,"nach überlieferter Rezeptur, 100 g",Nein,Gültig vom 24.11.2025 bis zum 29.11.2025,2025-11-24,2025-11-29,images_edeka/rot-oder-wei-gelegter.jpg,0
Bauernschätze Wacholderschinken,Keine Marke,"€ 2,19",Kein vorheriger Preis,Kein Mengenpreis,"gegart, saftig, 100 g",Nein,Gültig vom 24.11.2025 bis zum 29.11.2025,2025-11-24,2025-11-29,images_edeka/bauernsch-tze-wacholderschinken.jpg,0
Weißwürstchen,Keine Marke,"€ 0,99",Kein vorheriger Preis,Kein Mengenpreis,"milder Geschmack, 100 g",Nein,Gültig vom 24.11.2025 bis zum 29.11.2025,2025-11-24,2025-11-29,images_edeka/wei-w-rstchen.jpg,0
Knoblauch- oder Kornsalami,Keine Marke,"€ 1,69",Kein vorheriger Preis,Kein Mengenpreis,100 g,Nein,Gültig vom 24.11.2025 bis zum 29.11.2025,2025-11-24,2025-11-29,images_edeka/knoblauch-oder-kornsalami.jpg,0
iglo Schlemmer Filet,Keine Marke,"€ 2,79",Kein vorheriger Preis,"1 kg = 7,34 €","verschiedene Sorten, tiefgefroren, 380 g Packung, (1 kg = 7,34 €)",Nein,Gültig vom 24.11.2025 bis zum 29.11.2025,2025-11-24,2025-11-29,images_edeka/iglo-schlemmer-filet.jpg,0
Gut & Günstig Walnuss-Kerne,Keine Marke,"€ 3,00",Kein vorheriger Preis,"1 kg = 15,00 €","naturbelassen, 200 g Packung, (1 kg = 15,00 €)",Nein,Gültig vom 24.11.2025 bis zum 29.11.2025,2025-11-24,2025-11-29,images_edeka/gut-g-nstig-walnuss-kerne.jpg,0
Geflügelfrikadellen,Keine Marke,"€ 1,19",Kein vorheriger Preis,Kein Mengenpreis,"herzhaft, 100 g",Nein,Gültig vom 24.11.2025 bis zum 29.11.2025,2025-11-24,2025-11-29,images_edeka/gefl-gelfrikadellen.jpg,0
"Hähnchenbrustpastete ""Tex Mex""",Keine Marke,"€ 1,99",Kein vorheriger Preis,Kein Mengenpreis,"mit exotischen Gewürzen verfeinert und goldbraun gebacken, 100 g",Nein,Gültig vom 24.11.2025 bis zum 29.11.2025,2025-11-24,2025-11-29,images_edeka/h-hnchenbrustpastete-tex-mex.jpg,0
Debrecziner,Keine Marke,"€ 1,49",Kein vorheriger Preis,Kein Mengenpreis,"herzhaft gewürzt, 100 g",Nein,Gültig vom 24.11.2025 bis zum 29.11.2025,2025-11-24,2025-11-29,images_edeka/debrecziner.jpg,0
Heidefrühstück,Keine Marke,"€ 1,39",Kein vorheriger Preis,Kein Mengenpreis,"eine herzhafte Spezialität aus der Lüneburger Heide, im Geleemantel, für eine deftige Brotzeit, 100 g",Nein,Gültig vom 24.11.2025 bis zum 29.11.2025,2025-11-24,2025-11-29,images_edeka/heidefr-hst-ck.jpg,0
Wildkräuter- oder Senfschinken,Keine Marke,"€ 1,69",Kein vorheriger Preis,Kein Mengenpreis,"mit einer Kruste aus Senfkörnern, 100 g",Nein,Gültig vom 24.11.2025 bis zum 29.11.2025,2025-11-24,2025-11-29,images_edeka/wildkr-uter-oder-senfschinken.jpg,0
Räucherbauchfleisch,Keine Marke,"€ 1,39",Kein vorheriger Preis,Kein Mengenpreis,"ohne Rippen, 100 g",Nein,Gültig vom 24.11.2025 bis zum 29.11.2025,2025-11-24,2025-11-29,images_edeka/r-ucherbauchfleisch.jpg,0
"Bier-, Gelb-, Paprika-, Schinken- oder Jagdwurst",Keine Marke,"€ 2,49",Kein vorheriger Preis,"1 kg = 9,96 €","250 g Stück, (1 kg = 9,96 €)",Nein,Gültig vom 24.11.2025 bis zum 29.11.2025,2025-11-24,2025-11-29,images_edeka/bier-gelb-paprika-schinken-oder-jagdwurst.jpg,0
Stadtwurst,Keine Marke,"€ 0,99",Kein vorheriger Preis,Kein Mengenpreis,"rot oder weiß, pikant gewürzt im Ring, 100 g",Nein,Gültig vom 24.11.2025 bis zum 29.11.2025,2025-11-24,2025-11-29,images_edeka/stadtwurst.jpg,0
Delikatess Kassler Leberwurst,Keine Marke,"€ 1,19",Kein vorheriger Preis,Kein Mengenpreis,100 g,Nein,Gültig vom 24.11.2025 bis zum 29.11.2025,2025-11-24,2025-11-29,images_edeka/delikatess-kassler-leberwurst.jpg,0
Ochsenmaulsalat,Keine Marke,"€ 1,59",Kein vorheriger Preis,Kein Mengenpreis,"Ochsenmaulfleisch in einer herzhaften Kräutervinaigrette mit Zwiebeln, Petersilie und Schnittlauch, 100 g",Nein,Gültig vom 24.11.2025 bis zum 29.11.2025,2025-11-24,2025-11-29,images_edeka/ochsenmaulsalat.jpg,0
Rügenwalder Mühle Teewurst,Keine Marke,"€ 1,49",Kein vorheriger Preis,"1 kg = 11,92 €","verschiedene Sorten, 125 g Becher, (1 kg = 11,92 €)",Nein,Gültig vom 24.11.2025 bis zum 29.11.2025,2025-11-24,2025-11-29,images_edeka/r-genwalder-m-hle-teewurst.jpg,0
Rügenwalder Mühle Pommersche Leberwurst,Keine Marke,"€ 1,49",Kein vorheriger Preis,"1 kg = 11,92 €","verschiedene Sorten, 125 g Becher, (1 kg = 11,92 €)",Nein,Gültig vom 24.11.2025 bis zum 29.11.2025,2025-11-24,2025-11-29,images_edeka/r-genwalder-m-hle-pommersche-leberwurst.jpg,0
Wiltmann Bio Salami,Keine Marke,"€ 1,99",Kein vorheriger Preis,"1 kg = 24,88 €","verschiedene Sorten, 80 g Packung, (1 kg = 24,88 €)",Nein,Gültig vom 24.11.2025 bis zum 29.11.2025,2025-11-24,2025-11-29,images_edeka/wiltmann-bio-salami.jpg,0
Houdek Kabanos,Keine Marke,"€ 1,99",Kein vorheriger Preis,"1 kg = 13,27 €","verschiedene Sorten, 150 g Packung, (1 kg = 13,27 €)",Nein,Gültig vom 24.11.2025 bis zum 29.11.2025,2025-11-24,2025-11-29,images_edeka/houdek-kabanos.jpg,0
Hackfleisch gemischt,Keine Marke,"€ 0,99",Kein vorheriger Preis,Kein Mengenpreis,"Schwein und Rind, 100 g",Nein,Gültig vom 24.11.2025 bis zum 29.11.2025,2025-11-24,2025-11-29,images_edeka/hackfleisch-gemischt.jpg,0
Schweinekammbraten,Keine Marke,"€ 0,66",Kein vorheriger Preis,Kein Mengenpreis,"ohne Knochen auch in Scheiben erhältlich, 100 g = 0,79 € (gewürzt, 100 g = 0,89 €), 100 g",Nein,Gültig vom 24.11.2025 bis zum 29.11.2025,2025-11-24,2025-11-29,images_edeka/schweinekammbraten.jpg,0
Deutsches Suppenfleisch,Keine Marke,"€ 1,19",Kein vorheriger Preis,Kein Mengenpreis,"mit Knochen, vom Jungbullen, 100 g",Nein,Gültig vom 24.11.2025 bis zum 29.11.2025,2025-11-24,2025-11-29,images_edeka/deutsches-suppenfleisch.jpg,0
Rinderzunge,Keine Marke,"€ 1,19",Kein vorheriger Preis,Kein Mengenpreis,"gepökelt oder gepökelt und geräuchert, 100 g",Nein,Gültig vom 24.11.2025 bis zum 29.11.2025,2025-11-24,2025-11-29,images_edeka/rinderzunge.jpg,0
"Putenschnitzel, -brustbraten, -steaks oder -gulasch",Keine Marke,"€ 1,29",Kein vorheriger Preis,Kein Mengenpreis,"auch in gewürzt erhältlich, 100 g = 1,39 €, 100 g",Nein,Gültig vom 24.11.2025 bis zum 29.11.2025,2025-11-24,2025-11-29,images_edeka/putenschnitzel-brustbraten-steaks-oder-gulasch.jpg,0
Bauernschätze Lachsrolle,Keine Marke,"€ 1,11",Kein vorheriger Preis,Kein Mengenpreis,"vom Schweinerücken, natur, am Stück auch in Scheiben natur erhältlich, 100 g = 1,19 € (auch in gewürzt erhältlich, 100 g = 1,29 €), 100 g",Nein,Gültig vom 24.11.2025 bis zum 29.11.2025,2025-11-24,2025-11-29,images_edeka/bauernsch-tze-lachsrolle.jpg,0
Bauernschätze Schweineschnitzel,Keine Marke,"€ 1,11",Kein vorheriger Preis,Kein Mengenpreis,"aus der Keule, 100 g",Nein,Gültig vom 24.11.2025 bis zum 29.11.2025,2025-11-24,2025-11-29,images_edeka/bauernsch-tze-schweineschnitzel.jpg,0
Bauernschätze Hackbraten,Keine Marke,"€ 0,99",Kein vorheriger Preis,Kein Mengenpreis,"vom Schwein, verschieden gewürzt, 100 g",Nein,Gültig vom 24.11.2025 bis zum 29.11.2025,2025-11-24,2025-11-29,images_edeka/bauernsch-tze-hackbraten.jpg,0
Bauernschätze Putenrollbraten,Keine Marke,"€ 1,79",Kein vorheriger Preis,Kein Mengenpreis,"aus der Brust, gewürzt auch in natur erhältlich, 100 g = 1,69 €, 100 g",Nein,Gültig vom 24.11.2025 bis zum 29.11.2025,2025-11-24,2025-11-29,images_edeka/bauernsch-tze-putenrollbraten.jpg,0
Spießbraten,Keine Marke,"€ 0,89",Kein vorheriger Preis,Kein Mengenpreis,100 g,Nein,Gültig vom 24.11.2025 bis zum 29.11.2025,2025-11-24,2025-11-29,images_edeka/spie-braten.jpg,0
Kohlroulade,Keine Marke,"€ 6,99",Kein vorheriger Preis,"1 kg = 11,65 €","verschiedene Gewichte, auch in Bedienung erhältlich, z. B. 600 g SB-Packung, (1 kg = 11,65 €)",Nein,Gültig vom 24.11.2025 bis zum 29.11.2025,2025-11-24,2025-11-29,images_edeka/kohlroulade.jpg,0
Hähnchen Flügel,Keine Marke,"€ 2,99",Kein vorheriger Preis,"1 kg = 7,48 €","ohne Spitze, frisch, gewürzt, verschiedene Gewichte, z. B. 400 g SB-Packung, (1 kg = 7,48 €)",Nein,Gültig vom 24.11.2025 bis zum 29.11.2025,2025-11-24,2025-11-29,images_edeka/h-hnchen-fl-gel.jpg,0
Schweineschnitzel,Keine Marke,"€ 8,49",Kein vorheriger Preis,"1 kg = 8,49 €","aus der Keule, 1 kg XXL-SB-Packung, (1 kg = 8,49 €)",Nein,Gültig vom 24.11.2025 bis zum 29.11.2025,2025-11-24,2025-11-29,images_edeka/schweineschnitzel.jpg,0
MM Extra Sekt,Keine Marke,"€ 3,00",Kein vorheriger Preis,"1 l = 4,00 €","verschiedene Sorten oder Alkoholfrei, 0,75 Liter Flasche, (1 l = 4,00 €)",Nein,Gültig vom 24.11.2025 bis zum 29.11.2025,2025-11-24,2025-11-29,images_edeka/mm-extra-sekt.jpg,0
Freixenet Premium Sparkling Wine,Keine Marke,"€ 3,99",Kein vorheriger Preis,"1 l = 5,32 €","verschiedene Sorten, 0,75 Liter Flasche, (1 l = 5,32 €)",Nein,Gültig vom 24.11.2025 bis zum 29.11.2025,2025-11-24,2025-11-29,images_edeka/freixenet-premium-sparkling-wine.jpg,0
"EDEKA Herzstücke Saft, Nektar oder Fruchtsaftgetränk",Keine Marke,"€ 1,49",Kein vorheriger Preis,"1 l = 1,49 €","verschiedene Sorten, 1 Liter Flasche + 0,25 Pfand, (1 l = 1,49 €)",Nein,Gültig vom 24.11.2025 bis zum 29.11.2025,2025-11-24,2025-11-29,images_edeka/edeka-herzst-cke-saft-nektar-oder-fruchtsaftgetr-nk.jpg,0
Lachsschinken,Keine Marke,"€ 1,59",Kein vorheriger Preis,Kein Mengenpreis,"roh, mild im Geschmack, 100 g",Nein,Gültig vom 24.11.2025 bis zum 29.11.2025,2025-11-24,2025-11-29,images_edeka/lachsschinken.jpg,0
iglo Filegro oder Goldknusper Filet,Keine Marke,"€ 2,79",Kein vorheriger Preis,"1 kg = 9,30-12,68 €","verschiedene Sorten, tiefgefroren, 220-300 g Packung, (1 kg = 9,30-12,68 €)",Nein,Gültig vom 24.11.2025 bis zum 29.11.2025,2025-11-24,2025-11-29,images_edeka/iglo-filegro-oder-goldknusper-filet.jpg,0
Fürst von Metternich Sekt,Keine Marke,"€ 1,99",Kein vorheriger Preis,"1 l = 9,95 €","verschiedene Sorten Je nach Verfügbarkeit des Marktes., 0,2 Liter Piccolo-Flasche, (1 l = 9,95 €)",Nein,Gültig vom 24.11.2025 bis zum 29.11.2025,2025-11-24,2025-11-29,images_edeka/f-rst-von-metternich-sekt.jpg,0
Adelholzener Mineralwasser,Keine Marke,"€ 5,79",Kein vorheriger Preis,"1 l = 0,64 €","verschiedene Sorten, 12 x 0,75 Liter Kasten + 3,30 Pfand, (1 l = 0,64 €)",Nein,Gültig vom 24.11.2025 bis zum 29.11.2025,2025-11-24,2025-11-29,images_edeka/adelholzener-mineralwasser.jpg,0
Cointreau Likör,Keine Marke,"€ 14,99",Kein vorheriger Preis,"1 l = 21,41 €","40 % Vol., 0,7 Liter Flasche, (1 l = 21,41 €)",Nein,Gültig vom 24.11.2025 bis zum 29.11.2025,2025-11-24,2025-11-29,images_edeka/cointreau-lik-r.jpg,0
Franken Qualitätswein,Keine Marke,"€ 2,99",Kein vorheriger Preis,"1 l = 2,99 €","aus Franken, verschiedene Sorten Ausgenommen Fränkischer Hausschoppen weiß und rot., 1 Liter Flasche, (1 l = 2,99 €)",Nein,Gültig vom 24.11.2025 bis zum 29.11.2025,2025-11-24,2025-11-29,images_edeka/franken-qualit-tswein.jpg,0
Pott Rum oder Eierlikör,Keine Marke,"€ 8,99",Kein vorheriger Preis,"1 l = 12,84 €","40/16 % Vol., 0,7 Liter Flasche, (1 l = 12,84 €)",Nein,Gültig vom 24.11.2025 bis zum 29.11.2025,2025-11-24,2025-11-29,images_edeka/pott-rum-oder-eierlik-r.jpg,0
Zubrowka Vodka,Keine Marke,"€ 9,99",Kein vorheriger Preis,"1 l = 14,27 €","verschiedene Sorten oder Bison Grass mit Grashalm 30-37,5 % Vol. Je nach Verfügbarkeit des Marktes., 0,7 Liter Flasche, (1 l = 14,27 €)",Nein,Gültig vom 24.11.2025 bis zum 29.11.2025,2025-11-24,2025-11-29,images_edeka/zubrowka-vodka.jpg,0
Tullamore D.E.W. Irish Whiskey,Keine Marke,"€ 13,99",Kein vorheriger Preis,"1 l = 19,99 €","verschiedene Sorten, 35/40 % Vol. Je nach Verfügbarkeit des Marktes., 0,7 Liter Flasche, (1 l = 19,99 €)",Nein,Gültig vom 24.11.2025 bis zum 29.11.2025,2025-11-24,2025-11-29,images_edeka/tullamore-d-e-w-irish-whiskey.jpg,0
Rheinberg Kellerei Dornfelder,Keine Marke,"€ 2,49",Kein vorheriger Preis,"1 l = 3,32 €","verschiedene Sorten, Kerner, Morio Muskat, Riesling, Grauburgunder oder Chardonnay aus der Pfalz, 0,75 Liter Flasche, (1 l = 3,32 €)",Nein,Gültig vom 24.11.2025 bis zum 29.11.2025,2025-11-24,2025-11-29,images_edeka/rheinberg-kellerei-dornfelder.jpg,0
Lillet Apéritif,Keine Marke,"€ 10,99",Kein vorheriger Preis,"1 l = 14,65 €","verschiedene Sorten, 17 % Vol., 0,75 Liter Flasche, (1 l = 14,65 €)",Nein,Gültig vom 24.11.2025 bis zum 29.11.2025,2025-11-24,2025-11-29,images_edeka/lillet-ap-ritif.jpg,0
Red Bull Energy Drink oder Bio Organics Erfrischungsgetränk,Keine Marke,"€ 1,00",Kein vorheriger Preis,"1 l = 4,00/3,03 €","verschiedene Sorten Je nach Verfügbarkeit des Marktes., 0,25/0,33 Liter Dose + 0,25 Pfand, (1 l = 4,00/3,03 €)",Nein,Gültig vom 24.11.2025 bis zum 29.11.2025,2025-11-24,2025-11-29,images_edeka/red-bull-energy-drink-oder-bio-organics-erfrischungsgetr-nk.jpg,0
EDEKA Herzstücke Sirup,Keine Marke,"€ 1,79",Kein vorheriger Preis,"1 l = 3,58 €","verschiedene Sorten, 0,5 Liter Flasche, (1 l = 3,58 €)",Nein,Gültig vom 24.11.2025 bis zum 29.11.2025,2025-11-24,2025-11-29,images_edeka/edeka-herzst-cke-sirup.jpg,0
Volvic Juicy,Keine Marke,"€ 1,29",Kein vorheriger Preis,"1 l = 1,29 €","verschiedene Sorten, 1 Liter Flasche + 0,25 Pfand, (1 l = 1,29 €)",Nein,Gültig vom 24.11.2025 bis zum 29.11.2025,2025-11-24,2025-11-29,images_edeka/volvic-juicy.jpg,0
Gut & Günstig Smoothie,Keine Marke,"€ 1,00",Kein vorheriger Preis,"1 l = 4,00 €","verschiedene Sorten, 250 ml Flasche + 0,25 Pfand, (1 l = 4,00 €)",Nein,Gültig vom 24.11.2025 bis zum 29.11.2025,2025-11-24,2025-11-29,images_edeka/gut-g-nstig-smoothie.jpg,0
Carlsberg Beer,Keine Marke,"€ 14,99",Kein vorheriger Preis,"1 l = 1,50 €","verschiedene Sorten Je nach Verfügbarkeit des Marktes., 20 x 0,5 Liter Kasten + 3,10 Pfand, (1 l = 1,50 €)",Nein,Gültig vom 24.11.2025 bis zum 29.11.2025,2025-11-24,2025-11-29,images_edeka/carlsberg-beer.jpg,0
Köstritzer Schwarzbier,Keine Marke,"€ 13,99",Kein vorheriger Preis,"1 l = 1,40 €","20 x 0,5 Liter Kasten + 3,10 Pfand, (1 l = 1,40 €)",Nein,Gültig vom 24.11.2025 bis zum 29.11.2025,2025-11-24,2025-11-29,images_edeka/k-stritzer-schwarzbier.jpg,0
Campari Bitter Aperitive,Keine Marke,"€ 10,99",Kein vorheriger Preis,"1 l = 15,70 €","25 % Vol., 0,7 Liter Flasche, (1 l = 15,70 €)",Nein,Gültig vom 24.11.2025 bis zum 29.11.2025,2025-11-24,2025-11-29,images_edeka/campari-bitter-aperitive.jpg,0
Krombacher Bier,Keine Marke,"€ 3,99",Kein vorheriger Preis,"1 l = 2,02 €","verschiedene Sorten, 6 x 0,33 Liter Packung + 0,48 Pfand, (1 l = 2,02 €)",Nein,Gültig vom 24.11.2025 bis zum 29.11.2025,2025-11-24,2025-11-29,images_edeka/krombacher-bier.jpg,0
Paulaner Münchner Hell,Keine Marke,"€ 13,99",Kein vorheriger Preis,"1 l = 1,40 €","verschiedene Sorten, 20 x 0,5 Liter Kasten + 3,10 Pfand, (1 l = 1,40 €)",Nein,Gültig vom 24.11.2025 bis zum 29.11.2025,2025-11-24,2025-11-29,images_edeka/paulaner-m-nchner-hell.jpg,0
Mönchshof Bier,Keine Marke,"€ 12,99",Kein vorheriger Preis,"1 l = 1,30 €","verschiedene Sorten Je nach Verfügbarkeit des Marktes., 20 x 0,5 Liter Kasten + 4,50 Pfand, (1 l = 1,30 €)",Nein,Gültig vom 24.11.2025 bis zum 29.11.2025,2025-11-24,2025-11-29,images_edeka/m-nchshof-bier.jpg,0
Maisel's Weisse,Keine Marke,"€ 14,99",Kein vorheriger Preis,"1 l = 1,50 €","verschiedene Sorten, 20 x 0,5 Liter Kasten + 3,10 Pfand, (1 l = 1,50 €)",Nein,Gültig vom 24.11.2025 bis zum 29.11.2025,2025-11-24,2025-11-29,images_edeka/maisel-s-weisse.jpg,0
Milka Schokolade,Keine Marke,"€ 2,99",Kein vorheriger Preis,"1 kg = 9,97-11,96 €","verschiedene Sorten, 250-300 g Tafel, (1 kg = 9,97-11,96 €)",Nein,Gültig vom 24.11.2025 bis zum 29.11.2025,2025-11-24,2025-11-29,images_edeka/milka-schokolade.jpg,0
Lindt Maître Chocolatier Schokolade,Keine Marke,"€ 1,79",Kein vorheriger Preis,"1 kg = 17,90 €","verschiedene Sorten, 100 g Tafel, (1 kg = 17,90 €)",Nein,Gültig vom 24.11.2025 bis zum 29.11.2025,2025-11-24,2025-11-29,images_edeka/lindt-ma-tre-chocolatier-schokolade.jpg,0
Lindt Pralinés,Keine Marke,"€ 11,99",Kein vorheriger Preis,"1 kg = 59,95 €","Confiserie für Kenner, verschiedene Sorten Je nach Verfügbarkeit des Marktes., 200 g Packung, (1 kg = 59,95 €)",Nein,Gültig vom 24.11.2025 bis zum 29.11.2025,2025-11-24,2025-11-29,images_edeka/lindt-pralin-s.jpg,0
Lays Kartoffelchips,Keine Marke,"€ 0,99",Kein vorheriger Preis,"1 kg = 6,60 €","verschiedene Sorten, 150 g Packung, (1 kg = 6,60 €)",Nein,Gültig vom 24.11.2025 bis zum 29.11.2025,2025-11-24,2025-11-29,images_edeka/lays-kartoffelchips.jpg,0
Katjes Family Fruchtgummi,Keine Marke,"€ 1,19",Kein vorheriger Preis,Kein Mengenpreis,"verschiedene Sorten, vegetarisch Je nach Verfügbarkeit des Marktes.",Nein,Gültig vom 24.11.2025 bis zum 29.11.2025,2025-11-24,2025-11-29,images_edeka/katjes-family-fruchtgummi.jpg,0
Milka Weihnachtsmann,Keine Marke,"€ 1,11",Kein vorheriger Preis,"1 kg = 24,67/22,20 €","verschiedene Sorten oder Schneemann Nur solange der Vorrat reicht., 45/50 g Stück, (1 kg = 24,67/22,20 €)",Nein,Gültig vom 24.11.2025 bis zum 29.11.2025,2025-11-24,2025-11-29,images_edeka/milka-weihnachtsmann.jpg,0
Milka Feine Kugeln oder Bonbons,Keine Marke,"€ 2,29",Kein vorheriger Preis,"1 kg = 26,63/25,44 €","verschiedene Sorten Nur solange der Vorrat reicht., 86/90 g Packung, (1 kg = 26,63/25,44 €)",Nein,Gültig vom 24.11.2025 bis zum 29.11.2025,2025-11-24,2025-11-29,images_edeka/milka-feine-kugeln-oder-bonbons.jpg,0
Milka Snow Balls,Keine Marke,"€ 3,49",Kein vorheriger Preis,"1 kg = 31,16 €","verschiedene Sorten Nur solange der Vorrat reicht., 112 g Packung, (1 kg = 31,16 €)",Nein,Gültig vom 24.11.2025 bis zum 29.11.2025,2025-11-24,2025-11-29,images_edeka/milka-snow-balls.jpg,0
Milka Weihnachts-Mischbeutel,Keine Marke,"€ 3,33",Kein vorheriger Preis,"1 kg = 26,43 €","Nur solange der Vorrat reicht., 126 g Packung, (1 kg = 26,43 €)",Nein,Gültig vom 24.11.2025 bis zum 29.11.2025,2025-11-24,2025-11-29,images_edeka/milka-weihnachts-mischbeutel.jpg,0
Bahlsen Spekulatius,Keine Marke,"€ 1,49",Kein vorheriger Preis,"1 kg = 7,76/7,45 €","verschiedene Sorten Nur solange der Vorrat reicht., 192/200 g Packung, (1 kg = 7,76/7,45 €)",Nein,Gültig vom 24.11.2025 bis zum 29.11.2025,2025-11-24,2025-11-29,images_edeka/bahlsen-spekulatius.jpg,0
Ferrero hanuta Minis,Keine Marke,"€ 2,59",Kein vorheriger Preis,"1 kg = 11,77 €","Nur solange der Vorrat reicht., 200 g Packung + 10% GRATIS, (1 kg = 11,77 €)",Nein,Gültig vom 24.11.2025 bis zum 29.11.2025,2025-11-24,2025-11-29,images_edeka/ferrero-hanuta-minis.jpg,0
Haribo Minis,Keine Marke,"€ 1,79",Kein vorheriger Preis,"1 kg = 7,16-8,14 €","verschiedene Sorten, 220-250 g Packung, (1 kg = 7,16-8,14 €)",Nein,Gültig vom 24.11.2025 bis zum 29.11.2025,2025-11-24,2025-11-29,images_edeka/haribo-minis.jpg,0
Lindt Weihnachts-Mischbeutel,Keine Marke,"€ 4,99",Kein vorheriger Preis,"1 kg = 33,27 €","Tanne Nur solange der Vorrat reicht., 150 g Packung, (1 kg = 33,27 €)",Nein,Gültig vom 24.11.2025 bis zum 29.11.2025,2025-11-24,2025-11-29,images_edeka/lindt-weihnachts-mischbeutel.jpg,0
Ferrero duplo,Keine Marke,"€ 3,99",Kein vorheriger Preis,"1 kg = 12,20 €","18er, 327,6 g Packung, (1 kg = 12,20 €)",Nein,Gültig vom 24.11.2025 bis zum 29.11.2025,2025-11-24,2025-11-29,images_edeka/ferrero-duplo.jpg,0
kinder Riegel,Keine Marke,"€ 3,99",Kein vorheriger Preis,"1 kg = 10,56 €","18er, 378 g Packung, (1 kg = 10,56 €)",Nein,Gültig vom 24.11.2025 bis zum 29.11.2025,2025-11-24,2025-11-29,images_edeka/kinder-riegel.jpg,0
"Nestlé KitKat, Lion",Keine Marke,"€ 1,99",Kein vorheriger Preis,"1 kg = 11,99-14,63 €","verschiedene Sorten, Smarties oder Nuts, 136-166 g Packung, (1 kg = 11,99-14,63 €)",Nein,Gültig vom 24.11.2025 bis zum 29.11.2025,2025-11-24,2025-11-29,images_edeka/nestl-kitkat-lion.jpg,0
duplo Weihnachtsmann oder Yogurette Eisbär,Keine Marke,"€ 2,49",Kein vorheriger Preis,"1 kg = 33,20 €","Nur solange der Vorrat reicht., 75 g Stück, (1 kg = 33,20 €)",Nein,Gültig vom 24.11.2025 bis zum 29.11.2025,2025-11-24,2025-11-29,images_edeka/duplo-weihnachtsmann-oder-yogurette-eisb-r.jpg,0
Gut & Günstig Stollen,Keine Marke,"€ 1,49",Kein vorheriger Preis,"1 kg = 7,45 €","verschiedene Sorten Nur solange der Vorrat reicht., 200 g Stück, (1 kg = 7,45 €)",Nein,Gültig vom 24.11.2025 bis zum 29.11.2025,2025-11-24,2025-11-29,images_edeka/gut-g-nstig-stollen.jpg,0
Gut & Günstig Aachener Domino Steine,Keine Marke,"€ 2,99",Kein vorheriger Preis,"1 kg = 11,96 €","verschiedene Sorten Nur solange der Vorrat reicht., 250 g Packung, (1 kg = 11,96 €)",Nein,Gültig vom 24.11.2025 bis zum 29.11.2025,2025-11-24,2025-11-29,images_edeka/gut-g-nstig-aachener-domino-steine.jpg,0
Gut & Günstig Stollenkonfekt,Keine Marke,"€ 3,29",Kein vorheriger Preis,"1 kg = 10,97/9,40 €","verschiedene Sorten Nur solange der Vorrat reicht., 300/350 g Packung, (1 kg = 10,97/9,40 €)",Nein,Gültig vom 24.11.2025 bis zum 29.11.2025,2025-11-24,2025-11-29,images_edeka/gut-g-nstig-stollenkonfekt.jpg,0
Gut & Günstig Lebkuchen,Keine Marke,"€ 3,79",Kein vorheriger Preis,"1 kg = 7,58 €","Herzen, Sterne, Brezeln, verschiedene Sorten Nur solange der Vorrat reicht., 500 g Packung, (1 kg = 7,58 €)",Nein,Gültig vom 24.11.2025 bis zum 29.11.2025,2025-11-24,2025-11-29,images_edeka/gut-g-nstig-lebkuchen.jpg,0
Gut & Günstig Lebkuchen Herzen,Keine Marke,"€ 2,99",Kein vorheriger Preis,"1 kg = 9,97 €","gefüllt oder ungefüllt, verschiedene Sorten Nur solange der Vorrat reicht., 300 g Packung, (1 kg = 9,97 €)",Nein,Gültig vom 24.11.2025 bis zum 29.11.2025,2025-11-24,2025-11-29,images_edeka/gut-g-nstig-lebkuchen-herzen.jpg,0
Gut & Günstig Oblaten Lebkuchen,Keine Marke,"€ 1,99",Kein vorheriger Preis,"1 kg = 9,95 €","verschiedene Sorten Nur solange der Vorrat reicht., 200 g Packung, (1 kg = 9,95 €)",Nein,Gültig vom 24.11.2025 bis zum 29.11.2025,2025-11-24,2025-11-29,images_edeka/gut-g-nstig-oblaten-lebkuchen.jpg,0
duplo Knusperperlen,Keine Marke,"€ 2,79",Kein vorheriger Preis,"1 kg = 28,76 €","Nur solange der Vorrat reicht., 97,5 g Packung, (1 kg = 28,76 €)",Nein,Gültig vom 24.11.2025 bis zum 29.11.2025,2025-11-24,2025-11-29,images_edeka/duplo-knusperperlen.jpg,0
Gut & Günstig Gewürz Spekulatius,Keine Marke,"€ 1,49",Kein vorheriger Preis,"1 kg = 2,48 €","Nur solange der Vorrat reicht., 600 g Packung, (1 kg = 2,48 €)",Nein,Gültig vom 24.11.2025 bis zum 29.11.2025,2025-11-24,2025-11-29,images_edeka/gut-g-nstig-gew-rz-spekulatius.jpg,0
Storck Mamba,Keine Marke,"€ 0,79",Kein vorheriger Preis,"1 kg = 7,45 €","verschiedene Sorten, 4er Je nach Verfügbarkeit des Marktes., 106 g Packung, (1 kg = 7,45 €)",Nein,Gültig vom 24.11.2025 bis zum 29.11.2025,2025-11-24,2025-11-29,images_edeka/storck-mamba.jpg,0
Dermaris Steinofen Weihnachtssterne,Keine Marke,"€ 1,69",Kein vorheriger Preis,"1 kg = 6,26 €","verschiedene Sorten Nur solange der Vorrat reicht., 270 g Packung, (1 kg = 6,26 €)",Nein,Gültig vom 24.11.2025 bis zum 29.11.2025,2025-11-24,2025-11-29,images_edeka/dermaris-steinofen-weihnachtssterne.jpg,0
Gut & Günstig design Toilettenpapier,Keine Marke,"€ 5,99",Kein vorheriger Preis,Kein Mengenpreis,"3-lagig Nur solange der Vorrat reicht., 20 x 200 Blatt XXL Packung",Nein,Gültig vom 24.11.2025 bis zum 29.11.2025,2025-11-24,2025-11-29,images_edeka/gut-g-nstig-design-toilettenpapier.jpg,0
Weißer Riese oder Spee Vollwaschmittel,Keine Marke,"€ 3,49",Kein vorheriger Preis,"1 Waschladung = 0,16-0,19 €","verschiedene Sorten, 18-22 WL Packung/Flasche, (1 Waschladung = 0,16-0,19 €)",Nein,Gültig vom 24.11.2025 bis zum 29.11.2025,2025-11-24,2025-11-29,images_edeka/wei-er-riese-oder-spee-vollwaschmittel.jpg,0
Softlan Weichspüler,Keine Marke,"€ 0,94",Kein vorheriger Preis,"1 Waschladung = 0,03/0,02 €","verschiedene Sorten, 31/45 WL Flasche, (1 Waschladung = 0,03/0,02 €)",Nein,Gültig vom 24.11.2025 bis zum 29.11.2025,2025-11-24,2025-11-29,images_edeka/softlan-weichsp-ler.jpg,0
Regina Haushaltstücher mit Herzen,Keine Marke,"€ 2,49",Kein vorheriger Preis,Kein Mengenpreis,"3-lagig, 4 x 43 Blatt Packung",Nein,Gültig vom 24.11.2025 bis zum 29.11.2025,2025-11-24,2025-11-29,images_edeka/regina-haushaltst-cher-mit-herzen.jpg,0
Axe Duschgel,Keine Marke,"€ 2,00",Kein vorheriger Preis,"1 l = 8,00 €","verschiedene Sorten, 250 ml Flasche, (1 l = 8,00 €)",Nein,Gültig vom 24.11.2025 bis zum 29.11.2025,2025-11-24,2025-11-29,images_edeka/axe-duschgel.jpg,0
Axe Deodorant Bodyspray,Keine Marke,"€ 3,49",Kein vorheriger Preis,"1 l = 23,27 €","verschiedene Sorten Ausgenommen Premium., 150 ml Dose, (1 l = 23,27 €)",Nein,Gültig vom 24.11.2025 bis zum 29.11.2025,2025-11-24,2025-11-29,images_edeka/axe-deodorant-bodyspray.jpg,0
Sensodyne Fluorid Zahncreme,Keine Marke,"€ 2,49",Kein vorheriger Preis,"1 l = 33,20 €","verschiedene Sorten, 75 ml Tube, (1 l = 33,20 €)",Nein,Gültig vom 24.11.2025 bis zum 29.11.2025,2025-11-24,2025-11-29,images_edeka/sensodyne-fluorid-zahncreme.jpg,0
Listerine Mundspülung,Keine Marke,"€ 3,00",Kein vorheriger Preis,"1 l = 6,00 €","verschiedene Sorten Ausgenommen Total Care, Advanced White und Smart Kidz., 500 ml Flasche, (1 l = 6,00 €)",Nein,Gültig vom 24.11.2025 bis zum 29.11.2025,2025-11-24,2025-11-29,images_edeka/listerine-mundsp-lung.jpg,0
Ajax Allzweckreiniger,Keine Marke,"€ 1,39",Kein vorheriger Preis,"1 l = 1,39 €","verschiedene Sorten, 1 Liter Flasche, (1 l = 1,39 €)",Nein,Gültig vom 24.11.2025 bis zum 29.11.2025,2025-11-24,2025-11-29,images_edeka/ajax-allzweckreiniger.jpg,0
Somat Maschinengeschirr-Reiniger,Keine Marke,"€ 7,99",Kein vorheriger Preis,Kein Mengenpreis,verschiedene Sorten,Nein,Gültig vom 24.11.2025 bis zum 29.11.2025,2025-11-24,2025-11-29,images_edeka/somat-maschinengeschirr-reiniger.jpg,0
Gut & Günstig Hello my cat Schlemmerhappen,Keine Marke,"€ 0,25",Kein vorheriger Preis,"1 kg = 2,50 €","verschiedene Sorten, 100 g Schale, (1 kg = 2,50 €)",Nein,Gültig vom 24.11.2025 bis zum 29.11.2025,2025-11-24,2025-11-29,images_edeka/gut-g-nstig-hello-my-cat-schlemmerhappen.jpg,0
Vitakraft Hunde-Snacks,Keine Marke,"€ 1,79",Kein vorheriger Preis,"1 kg = 22,38 €","verschiedene Sorten, 80 g Packung, (1 kg = 22,38 €)",Nein,Gültig vom 24.11.2025 bis zum 29.11.2025,2025-11-24,2025-11-29,images_edeka/vitakraft-hunde-snacks.jpg,0
Roggenkruste,Keine Marke,"€ 1,39",Kein vorheriger Preis,"1 kg = 1,31 €","Abbildung ähnlich., 1000 g Laib, (1 kg = 1,31 €)",Nein,Gültig vom 24.11.2025 bis zum 29.11.2025,2025-11-24,2025-11-29,images_edeka/roggenkruste.jpg,0
Mehrkornbrötchen,Keine Marke,"€ 0,25",Kein vorheriger Preis,Kein Mengenpreis,"Abbildung ähnlich., Stück",Nein,Gültig vom 24.11.2025 bis zum 29.11.2025,2025-11-24,2025-11-29,images_edeka/mehrkornbr-tchen.jpg,0
Laugenecke,Keine Marke,"€ 0,39",Kein vorheriger Preis,Kein Mengenpreis,"Abbildung ähnlich., Stück",Nein,Gültig vom 24.11.2025 bis zum 29.11.2025,2025-11-24,2025-11-29,images_edeka/laugenecke.jpg,0
Spinat-Käse-Schiffchen,Keine Marke,"€ 0,89",Kein vorheriger Preis,Kein Mengenpreis,"Plunderteigtasche mit Spinat- und käsehaltiger Füllung, bestreut mit geriebenem Gouda Abbildung ähnlich., Stück",Nein,Gültig vom 24.11.2025 bis zum 29.11.2025,2025-11-24,2025-11-29,images_edeka/spinat-k-se-schiffchen.jpg,0
Nuss-Nougat Croissant,Keine Marke,"€ 0,55",Kein vorheriger Preis,Kein Mengenpreis,"Abbildung ähnlich., Stück",Nein,Gültig vom 24.11.2025 bis zum 29.11.2025,2025-11-24,2025-11-29,images_edeka/nuss-nougat-croissant.jpg,0
