Produkt,Marke,Preis,Vorheriger Preis,Preis_kg,RAW_Preis_kg,Hinweis,Nur_online,Gueltig_raw,Gueltig_von,Gueltig_bis,Bildpfad,assigned_labels,Einheit,nutrition_link,reference_row_id,rough_match_observation_ids,exact_match_observation_ids,brand_extracted,brand_normalized
Niedriglehner-Auflage,BELAVI,"€ 5,99",,"pro Einheit = 5,99","pro Einheit = 5,99",,Nein,Gültig bis 18.04,2026-04-13,2026-04-18,../images/aldi/aldi_offer_001.jpg,cat_non_food,,,ref_000001,,,,
Fettarmer Joghurt,Milsani,"€ 0,49",,"pro Einheit = 0,79","pro Einheit = 0,79",,Nein,Gültig bis 18.04,2026-04-13,2026-04-18,../images/aldi/aldi_offer_002.jpg,"cat_molkerei_kaese,diet_vegetarian,sub_joghurt_skyr_quark,sub_milchprodukte",,,ref_000002,obs_0000001772|obs_0000026710|obs_0000020687|obs_0000020689|obs_0000028966|obs_0000023030|obs_0000008703|obs_0000025171|obs_0000017127|obs_0000023284|obs_0000025392|obs_0000033696|obs_0000009180|obs_0000021506|obs_0000021508|obs_0000025811|obs_0000015673|obs_0000019794|obs_0000009663|obs_0000034580,obs_0000001772,,
Wurst,Wurst,"€ 2,49",,"1 kg = 9,96","1 kg = 9,96",,Nein,Gültig bis 18.04,2026-04-13,2026-04-18,../images/aldi/aldi_offer_003.jpg,"cat_fleisch_wurst,sub_wurst,tag_ultra_processed",,BLS-W241000,ref_000003,obs_0000031747|obs_0000028070|obs_0000014920|obs_0000015756|obs_0000013485|obs_0000027861|obs_0000026616|obs_0000009050|obs_0000030908|obs_0000001025|obs_0000028762|obs_0000031771|obs_0000029520|obs_0000031515|obs_0000032063|obs_0000001487,,,
Bettwäsche,Bettwäsche,"€ 6,99",,"pro Einheit = 6,99","pro Einheit = 6,99",,Nein,Gültig bis 18.04,2026-04-13,2026-04-18,../images/aldi/aldi_offer_004.jpg,cat_drogerie,,BLS-R421300,ref_000004,obs_0000026412|obs_0000024321|obs_0000026120|obs_0000017548|obs_0000025742|obs_0000002705|obs_0000003991|obs_0000004639|obs_0000003106|obs_0000018594|obs_0000020258|obs_0000001575|obs_0000016431|obs_0000025267|obs_0000002231|obs_0000019128|obs_0000000955|obs_0000019131|obs_0000001981|obs_0000004418|obs_0000000323|obs_0000005066|obs_0000017361|obs_0000021077|obs_0000017238|obs_0000000474|obs_0000023897|obs_0000001133|obs_0000004845|obs_0000018670|obs_0000004212|obs_0000000127|obs_0000016902|obs_0000019633|obs_0000010547|obs_0000017206|obs_0000024761|obs_0000025921|obs_0000012228|obs_0000012230|obs_0000016078|obs_0000023887|obs_0000023139|obs_0000008944|obs_0000022132|obs_0000024310|obs_0000018173|obs_0000010354|obs_0000012156|obs_0000004635,obs_0000026412,,
Ananas lose,Ananas lose,"€ 1,15",,"pro Einheit = 1,15","pro Einheit = 1,15",,Nein,Gültig bis 18.04,2026-04-13,2026-04-18,../images/aldi/aldi_offer_005.jpg,"cat_obst_gemuese,diet_gluten_free,diet_lactose_free,diet_vegan,diet_vegetarian,sub_exoten,sub_frisches_gemuese,sub_frisches_obst,tag_whole_food",,BLS-F501100,ref_000005,obs_0000001306|obs_0000028967|obs_0000014138|obs_0000005512|obs_0000027077|obs_0000007137,obs_0000001306,,
Champignons weiß,Champignons weiß,"€ 1,35",,"pro Einheit = 1,99","pro Einheit = 1,99",,Nein,Gültig bis 18.04,2026-04-13,2026-04-18,../images/aldi/aldi_offer_006.jpg,"cat_obst_gemuese,diet_gluten_free,diet_lactose_free,diet_vegan,diet_vegetarian,sub_frisches_gemuese,sub_pilze,tag_whole_food",,BLS-K701100,ref_000006,obs_0000000877|obs_0000014978|obs_0000027283|obs_0000028450|obs_0000031799|obs_0000008021|obs_0000014046|obs_0000027747|obs_0000026991|obs_0000001277|obs_0000005123|obs_0000007133,obs_0000000877,,
Bunter Salat mit Wurzelballen,Bunter Salat mit Wurzelballen,"€ 1,11",,"pro Einheit = 1,11","pro Einheit = 1,11",,Nein,Gültig bis 18.04,2026-04-13,2026-04-18,../images/aldi/aldi_offer_007.jpg,"cat_obst_gemuese,diet_vegetarian,sub_frisches_gemuese,sub_salate,sub_wurst,tag_ultra_processed",,,ref_000007,obs_0000025985,,,
Heidelbeeren,Heidelbeeren,"€ 1,69",,"1 kg = 11,27","1 kg = 11,27",,Nein,Gültig bis 18.04,2026-04-13,2026-04-18,../images/aldi/aldi_offer_008.jpg,"cat_obst_gemuese,diet_gluten_free,diet_lactose_free,diet_vegan,diet_vegetarian,sub_frisches_obst,tag_whole_food",,BLS-F304100,ref_000008,obs_0000033682|obs_0000000695|obs_0000034122|obs_0000000880|obs_0000033918|obs_0000002819|obs_0000026376|obs_0000032523|obs_0000027788|obs_0000003088|obs_0000025384|obs_0000025769|obs_0000031149|obs_0000007729|obs_0000000051|obs_0000030262|obs_0000003000|obs_0000016699|obs_0000032326|obs_0000019143|obs_0000026698|obs_0000029138|obs_0000030560|obs_0000028260|obs_0000001513|obs_0000027502|obs_0000034918|obs_0000006409|obs_0000030472|obs_0000034319|obs_0000030138|obs_0000030919|obs_0000022353|obs_0000005509|obs_0000005525|obs_0000005120|obs_0000006958|obs_0000005692|obs_0000007128|obs_0000007143|obs_0000005713|obs_0000005894,obs_0000002819|obs_0000026376|obs_0000032523|obs_0000027788|obs_0000003088|obs_0000033682|obs_0000025384|obs_0000025769|obs_0000031149|obs_0000007729|obs_0000000051|obs_0000030262|obs_0000000695|obs_0000003000|obs_0000016699|obs_0000032326|obs_0000019143|obs_0000026698|obs_0000034122|obs_0000029138|obs_0000030560|obs_0000028260|obs_0000001513|obs_0000027502|obs_0000000880|obs_0000033918|obs_0000034918,,
Erdbeeren,KLEINE SCHÄTZE,"€ 2,49",,"1 kg = 6,23","1 kg = 6,23",,Nein,Gültig bis 18.04,2026-04-13,2026-04-18,../images/aldi/aldi_offer_009.jpg,"cat_obst_gemuese,diet_gluten_free,diet_lactose_free,diet_vegan,diet_vegetarian,sub_frisches_obst,tag_whole_food",,BLS-F301100,ref_000009,obs_0000022919|obs_0000006408|obs_0000030617|obs_0000027419|obs_0000031261|obs_0000029494|obs_0000030915|obs_0000024529|obs_0000031576|obs_0000030564|obs_0000031462|obs_0000000875|obs_0000006265|obs_0000032512|obs_0000033793|obs_0000012233|obs_0000013901|obs_0000034400|obs_0000030989|obs_0000005687|obs_0000006083|obs_0000006092|obs_0000015717|obs_0000013414|obs_0000013418|obs_0000011389|obs_0000030428,obs_0000022919|obs_0000006408|obs_0000030617|obs_0000027419|obs_0000031261|obs_0000029494|obs_0000030915|obs_0000024529|obs_0000031576|obs_0000030564|obs_0000031462|obs_0000001513|obs_0000000875|obs_0000006265|obs_0000032512,,
Orangen,Orangen,"€ 2,49",,"pro Einheit = 1,25","pro Einheit = 1,25",,Nein,Gültig bis 18.04,2026-04-13,2026-04-18,../images/aldi/aldi_offer_010.jpg,"cat_obst_gemuese,diet_gluten_free,diet_lactose_free,diet_vegan,diet_vegetarian,sub_frisches_obst,tag_ultra_processed,tag_whole_food",,BLS-F603100,ref_000010,obs_0000024463|obs_0000031118|obs_0000028048|obs_0000008977|obs_0000021906|obs_0000028056|obs_0000014361|obs_0000029592|obs_0000024992|obs_0000025768|obs_0000019119|obs_0000008755|obs_0000010164|obs_0000034743|obs_0000026554|obs_0000009787|obs_0000032059|obs_0000032323|obs_0000016457|obs_0000029131|obs_0000027858|obs_0000027355|obs_0000029277|obs_0000009316|obs_0000030565|obs_0000030827|obs_0000017005|obs_0000031473|obs_0000029823|obs_0000034315|obs_0000033934|obs_0000001301|obs_0000029591|obs_0000014877|obs_0000030120|obs_0000031152|obs_0000033716|obs_0000026166|obs_0000033854|obs_0000012742|obs_0000010184|obs_0000015310|obs_0000025425|obs_0000006483|obs_0000016210|obs_0000015711|obs_0000010976|obs_0000013417|obs_0000034020|obs_0000027756,obs_0000031118|obs_0000024463|obs_0000028048|obs_0000008977|obs_0000021906|obs_0000028056|obs_0000014361|obs_0000029592|obs_0000024992|obs_0000025768|obs_0000019119|obs_0000008755|obs_0000010164|obs_0000034743|obs_0000026554|obs_0000009787|obs_0000032059|obs_0000032323|obs_0000016457|obs_0000029131|obs_0000027858|obs_0000027355|obs_0000029277|obs_0000009316|obs_0000030565|obs_0000030827|obs_0000017005|obs_0000031473|obs_0000029823,,
Hüftsteak,Meine Metzgerei,"€ 4,99",,"pro Einheit = 5,72","pro Einheit = 5,72",,Nein,Gültig bis 18.04,2026-04-13,2026-04-18,../images/aldi/aldi_offer_011.jpg,"cat_fleisch_wurst,sub_rind,sub_schwein",,,ref_000011,obs_0000009267|obs_0000014036|obs_0000010998|obs_0000008440|obs_0000001879|obs_0000019035|obs_0000030552|obs_0000014451|obs_0000012276,obs_0000009267|obs_0000014036|obs_0000010998|obs_0000008440|obs_0000001879,,
Hähnchen-Innenfilets,Meine Metzgerei,"€ 6,88",,"pro Einheit = 8,99","pro Einheit = 8,99",,Nein,Gültig bis 18.04,2026-04-13,2026-04-18,../images/aldi/aldi_offer_012.jpg,"cat_fleisch_wurst,sub_gefluegel,tag_proteinreich",,,ref_000012,obs_0000004143|obs_0000000424|obs_0000004570|obs_0000000506|obs_0000004997|obs_0000003117|obs_0000001309|obs_0000027339|obs_0000027678|obs_0000026398|obs_0000000055|obs_0000000701|obs_0000003524|obs_0000001849,obs_0000004143|obs_0000000055|obs_0000000424|obs_0000004570|obs_0000000506|obs_0000027339|obs_0000004997|obs_0000027678|obs_0000003117|obs_0000001309|obs_0000026398,,
Lachsfiletportion,Golden Seafood,"€ 4,49",,"pro Einheit = 5,79","pro Einheit = 5,79",,Nein,Gültig bis 18.04,2026-04-13,2026-04-18,../images/aldi/aldi_offer_013.jpg,"cat_fisch_meeresfruechte,diet_lactose_free,tag_high_protein,tag_proteinreich",,,ref_000013,obs_0000018881|obs_0000018244|obs_0000023368,obs_0000003619,,
Minutensteaks,Meine Metzgerei,"€ 2,49",,"pro Einheit = 3,19","pro Einheit = 3,19",,Nein,Gültig bis 18.04,2026-04-13,2026-04-18,../images/aldi/aldi_offer_014.jpg,"cat_fleisch_wurst,sub_gefluegel,sub_schwein",,,ref_000014,obs_0000001076|obs_0000003641|obs_0000000647|obs_0000001311|obs_0000000511|obs_0000009481|obs_0000004659|obs_0000004232|obs_0000003221|obs_0000002514|obs_0000003029|obs_0000005086|obs_0000019469|obs_0000017431|obs_0000010329|obs_0000026233|obs_0000025247|obs_0000027813|obs_0000010441|obs_0000023241|obs_0000018759|obs_0000027483|obs_0000025436|obs_0000024473|obs_0000028078|obs_0000024048|obs_0000021638|obs_0000019641|obs_0000022244|obs_0000023366|obs_0000020819|obs_0000012630|obs_0000028671|obs_0000016310|obs_0000030271|obs_0000011413|obs_0000024869|obs_0000032587|obs_0000030197,obs_0000001076|obs_0000003641|obs_0000000647|obs_0000009481|obs_0000001311|obs_0000000511,,
Marinierte Nackensteaks,BBQ,"€ 3,99",,"pro Einheit = 4,79","pro Einheit = 4,79",,Nein,Gültig bis 18.04,2026-04-13,2026-04-18,../images/aldi/aldi_offer_015.jpg,"cat_fleisch_wurst,diet_gluten_free,diet_vegetarian",,,ref_000015,obs_0000004364|obs_0000000290|obs_0000004791|obs_0000003937|obs_0000003066|obs_0000000649,obs_0000004364|obs_0000000290|obs_0000004791|obs_0000003937|obs_0000003066,,
Hähnchen-Filetspieße,Hähnchen-Filetspieße,"€ 4,29",,"pro Einheit = 5,29","pro Einheit = 5,29",,Nein,Gültig bis 18.04,2026-04-13,2026-04-18,../images/aldi/aldi_offer_016.jpg,"cat_fleisch_wurst,sub_gefluegel,tag_high_protein,tag_proteinreich",,,ref_000016,,,,
Bio-Hackfleisch,Keine Marke,"€ 4,79",,"pro Einheit = 6,49","pro Einheit = 6,49",,Nein,Gültig bis 18.04,2026-04-13,2026-04-18,../images/aldi/aldi_offer_017.jpg,"cat_fleisch_wurst,diet_lactose_free,diet_vegan,diet_vegetarian,sub_hackfleisch,sub_rind,sub_schwein,tag_high_protein,tag_proteinreich,tag_whole_food",,,ref_000017,obs_0000000505|obs_0000009524|obs_0000001646|obs_0000010463|obs_0000019685|obs_0000028433|obs_0000000646|obs_0000000826|obs_0000001083|obs_0000029295|obs_0000029566|obs_0000030194|obs_0000030444|obs_0000030969|obs_0000030975|obs_0000030976|obs_0000033726|obs_0000034323,,,
Hähnchen-Geschnetzeltes,Meine Metzgerei,"€ 3,79",,"pro Einheit = 4,99","pro Einheit = 4,99",,Nein,Gültig bis 18.04,2026-04-13,2026-04-18,../images/aldi/aldi_offer_018.jpg,"cat_fleisch_wurst,diet_lactose_free,sub_gefluegel,sub_schwein,tag_high_protein,tag_proteinreich,tag_whole_food",,,ref_000018,obs_0000002535|obs_0000000706|obs_0000002755|obs_0000003642|obs_0000020776|obs_0000026931|obs_0000007249|obs_0000021595|obs_0000027806|obs_0000031919|obs_0000021757|obs_0000017696|obs_0000028082|obs_0000011847|obs_0000026228|obs_0000016549|obs_0000017057,obs_0000020776|obs_0000026931|obs_0000002535|obs_0000000706|obs_0000002755|obs_0000007249|obs_0000021595|obs_0000027806|obs_0000031919|obs_0000021757|obs_0000017696|obs_0000028082|obs_0000003642|obs_0000011847|obs_0000026228,,x
Der Große Bauer,Bauer,"€ 0,49",,"pro Einheit = 0,99","pro Einheit = 0,99",,Nein,Gültig bis 18.04,2026-04-13,2026-04-18,../images/aldi/aldi_offer_019.jpg,"cat_molkerei_kaese,diet_vegetarian,sub_milchprodukte",,,ref_000019,obs_0000002725|obs_0000032366|obs_0000032201|obs_0000000067|obs_0000014832|obs_0000011774|obs_0000030119,obs_0000032366|obs_0000002725|obs_0000032201,,
Brotaufstrich,Brunch,"€ 1,29",,"pro Einheit = 1,89","pro Einheit = 1,89",,Nein,Gültig bis 18.04,2026-04-13,2026-04-18,../images/aldi/aldi_offer_020.jpg,"cat_sonstiges,diet_vegan,diet_vegetarian,sub_huelsenfruechte",,BLS-S131100,ref_000020,obs_0000008458|obs_0000015391|obs_0000031930|obs_0000013124|obs_0000023659|obs_0000010497|obs_0000010510|obs_0000034334|obs_0000012207|obs_0000034763|obs_0000031182|obs_0000018403|obs_0000014956|obs_0000013042|obs_0000019544|obs_0000009622|obs_0000013999|obs_0000014255|obs_0000008633|obs_0000010939|obs_0000032207|obs_0000030806|obs_0000030811|obs_0000008542|obs_0000034274|obs_0000018920|obs_0000011500|obs_0000029804|obs_0000013818|obs_0000007196|obs_0000019379|obs_0000007745|obs_0000014568|obs_0000006143|obs_0000034818|obs_0000029842|obs_0000005571|obs_0000006122|obs_0000023016|obs_0000031998,obs_0000010497|obs_0000008458|obs_0000010510|obs_0000034334|obs_0000015391|obs_0000012207|obs_0000031930|obs_0000013124|obs_0000034763|obs_0000031182|obs_0000032207|obs_0000030806|obs_0000018403|obs_0000023659|obs_0000014956|obs_0000029804|obs_0000013042,,
nimm2 Lachgummi,Storck,"€ 0,99",,"1 kg = 4,40","1 kg = 4,40",,Nein,Gültig bis 18.04,2026-04-13,2026-04-18,../images/aldi/aldi_offer_021.jpg,"cat_knabbern_naschen,tag_ultra_processed",,,ref_000021,obs_0000013317|obs_0000033804|obs_0000026637|obs_0000012222|obs_0000033012|obs_0000000514|obs_0000008739|obs_0000001194|obs_0000005657|obs_0000007491,obs_0000013317|obs_0000033804|obs_0000026637|obs_0000005657|obs_0000029723|obs_0000012222|obs_0000007491|obs_0000033012,,
Magnum-Minis,Langnese,"€ 2,79",,"pro Einheit = 4,49","pro Einheit = 4,49",,Nein,Gültig bis 18.04,2026-04-13,2026-04-18,../images/aldi/aldi_offer_022.jpg,"cat_tiefkuehl,sub_tk_eis,tag_ultra_processed",,,ref_000022,obs_0000024079|obs_0000021619|obs_0000011489|obs_0000020800|obs_0000010096|obs_0000015273|obs_0000024496|obs_0000022474|obs_0000019480|obs_0000015901|obs_0000025627|obs_0000019541|obs_0000012394|obs_0000022527|obs_0000025800|obs_0000024884|obs_0000016191|obs_0000011085|obs_0000022992|obs_0000013779|obs_0000013309,obs_0000006667|obs_0000006159|obs_0000005768|obs_0000006847|obs_0000007600,,
Schokolade,Milka,"€ 0,99",,"pro Einheit = 11,38","pro Einheit = 11,38",,Nein,Gültig bis 18.04,2026-04-13,2026-04-18,../images/aldi/aldi_offer_023.jpg,"cat_knabbern_naschen,diet_vegetarian,tag_ultra_processed",,BLS-S500000,ref_000023,obs_0000015893|obs_0000027700|obs_0000028232|obs_0000013394|obs_0000015454|obs_0000034408|obs_0000025739|obs_0000008861|obs_0000015026|obs_0000017605|obs_0000034013|obs_0000018155|obs_0000018698|obs_0000014104|obs_0000031011|obs_0000011112|obs_0000008610|obs_0000006579|obs_0000012219|obs_0000026556|obs_0000022979|obs_0000001524|obs_0000011783|obs_0000013879|obs_0000028244|obs_0000028249|obs_0000000091|obs_0000004705|obs_0000031849|obs_0000034411|obs_0000017539|obs_0000025221|obs_0000000138|obs_0000004278|obs_0000017595|obs_0000021699|obs_0000000230|obs_0000003326|obs_0000004873|obs_0000003851|obs_0000010522|obs_0000002336|obs_0000033056|obs_0000021291|obs_0000016691|obs_0000004446|obs_0000008595|obs_0000004019|obs_0000010166|obs_0000009149,obs_0000011783|obs_0000015893|obs_0000027700|obs_0000013879|obs_0000028232|obs_0000013394|obs_0000028244|obs_0000006229|obs_0000028249|obs_0000000091|obs_0000015454|obs_0000004705|obs_0000034408|obs_0000031849|obs_0000034411|obs_0000017539|obs_0000025221|obs_0000000138|obs_0000025739|obs_0000029328|obs_0000008861|obs_0000005279|obs_0000015026|obs_0000004278|obs_0000017595|obs_0000021699|obs_0000017605|obs_0000034013|obs_0000000230|obs_0000007911|obs_0000018155|obs_0000003326|obs_0000006912|obs_0000004873|obs_0000018698|obs_0000003851|obs_0000014104|obs_0000010522|obs_0000002336|obs_0000033056|obs_0000031011|obs_0000021291|obs_0000016691|obs_0000004446|obs_0000011112|obs_0000032120|obs_0000007100|obs_0000008595|obs_0000008610|obs_0000004019,,
Piccolinis Salami,Wagner,"€ 1,99",,"pro Einheit = 1,99","pro Einheit = 1,99",,Nein,Gültig bis 18.04,2026-04-13,2026-04-18,../images/aldi/aldi_offer_024.jpg,"cat_tiefkuehl,sub_tk_fertiggerichte,sub_tk_pizza,sub_wurst,tag_ultra_processed",,,ref_000024,obs_0000034003|obs_0000022512|obs_0000025676|obs_0000021157|obs_0000020338|obs_0000023643|obs_0000001203|obs_0000023322|obs_0000000919|obs_0000027978|obs_0000002611|obs_0000010316|obs_0000014932|obs_0000019030|obs_0000028273|obs_0000005781|obs_0000023205|obs_0000003239|obs_0000019666|obs_0000016602|obs_0000008425|obs_0000021226|obs_0000003307|obs_0000002285|obs_0000018167|obs_0000011010|obs_0000025355|obs_0000026898|obs_0000017184|obs_0000007987|obs_0000025934|obs_0000008039|obs_0000016755|obs_0000034176|obs_0000002957|obs_0000020407|obs_0000016328|obs_0000017375|obs_0000031198|obs_0000010234,obs_0000025676|obs_0000021157|obs_0000034003|obs_0000020338|obs_0000022512,,
Natur,Patros,"€ 1,79",,"1 kg = 11,93","1 kg = 11,93",,Nein,Gültig bis 18.04,2026-04-13,2026-04-18,../images/aldi/aldi_offer_025.jpg,"cat_grundnahrung,diet_vegetarian,sub_joghurt_skyr_quark,sub_milchprodukte",,,ref_000025,obs_0000001347|obs_0000009644|obs_0000028889|obs_0000033797|obs_0000021512|obs_0000018991|obs_0000028727|obs_0000034383|obs_0000014939|obs_0000033887|obs_0000029806|obs_0000000634|obs_0000000665|obs_0000002748|obs_0000020693|obs_0000027871|obs_0000003300|obs_0000001262|obs_0000026367|obs_0000011523|obs_0000025357|obs_0000011028|obs_0000034594|obs_0000027427|obs_0000007985|obs_0000004914|obs_0000002894|obs_0000001871|obs_0000019791|obs_0000000365|obs_0000004487|obs_0000014230|obs_0000034718|obs_0000001442|obs_0000033725|obs_0000033733|obs_0000004060|obs_0000034785|obs_0000034791|obs_0000032261|obs_0000031803|obs_0000007755|obs_0000034903|obs_0000000677|obs_0000028843|obs_0000033989|obs_0000030934|obs_0000029473|obs_0000001847|obs_0000030555,obs_0000029806|obs_0000028889|obs_0000001347|obs_0000009644,,
Knoppers,Storck,"€ 1,49",,"pro Einheit = 2,49","pro Einheit = 2,49",,Nein,Gültig bis 18.04,2026-04-13,2026-04-18,../images/aldi/aldi_offer_026.jpg,"cat_knabbern_naschen,diet_vegetarian,tag_ultra_processed",,,ref_000026,obs_0000031927|obs_0000031303|obs_0000009611|obs_0000004111|obs_0000000402|obs_0000008732|obs_0000001189|obs_0000004538|obs_0000026688|obs_0000031296|obs_0000000710|obs_0000010062|obs_0000003791|obs_0000008025|obs_0000004965|obs_0000033127|obs_0000026728|obs_0000001664|obs_0000006048|obs_0000032161|obs_0000005474|obs_0000008924|obs_0000014196|obs_0000006236|obs_0000005475|obs_0000029326|obs_0000032429|obs_0000030665,obs_0000006048|obs_0000032161|obs_0000031927|obs_0000031303|obs_0000005474,,
Buffet-Koch-Hinterschinken,Gut Drei Eichen Gu ldenhof,"€ 1,59",,"pro Einheit = 1,99","pro Einheit = 1,99",,Nein,Gültig bis 18.04,2026-04-13,2026-04-18,../images/aldi/aldi_offer_027.jpg,"cat_fleisch_wurst,sub_schwein,sub_wurst,tag_ultra_processed",,,ref_000027,obs_0000000820|obs_0000000259|obs_0000004742|obs_0000002732|obs_0000003888|obs_0000004315,obs_0000003880|obs_0000002097|obs_0000004307|obs_0000002904|obs_0000003046|obs_0000000252|obs_0000004734,,
Sonnenblumenkrüstchen,Sonnenblumenkrüstchen,"€ 0,29",,"pro Einheit = 0,49","pro Einheit = 0,49",,Nein,Gültig bis 18.04,2026-04-13,2026-04-18,../images/aldi/aldi_offer_028.jpg,"cat_non_food,diet_gluten_free,diet_lactose_free,diet_vegan,diet_vegetarian,tag_whole_food",,BLS-H430100,ref_000028,,,,
Franzbrötchen,Franzbrötchen,"€ 0,39",,"pro Einheit = 0,79","pro Einheit = 0,79",,Nein,Gültig bis 18.04,2026-04-13,2026-04-18,../images/aldi/aldi_offer_029.jpg,"cat_grundnahrung,diet_vegetarian,tag_ultra_processed",,BLS-D7A7200,ref_000029,obs_0000001089|obs_0000000295|obs_0000003944|obs_0000001771|obs_0000001068|obs_0000004371|obs_0000004798|obs_0000028116,obs_0000001089|obs_0000000295|obs_0000003944|obs_0000001771|obs_0000001068|obs_0000004371|obs_0000004798,,
Fettarmer Joghurt,Milsani,"€ 0,49",,"pro Einheit = 0,79","pro Einheit = 0,79",,Nein,Gültig bis 18.04,2026-04-13,2026-04-18,../images/aldi/aldi_offer_030.jpg,"cat_molkerei_kaese,diet_vegetarian,sub_joghurt_skyr_quark,sub_milchprodukte",,,ref_000030,obs_0000001772|obs_0000026710|obs_0000020687|obs_0000020689|obs_0000028966|obs_0000023030|obs_0000008703|obs_0000025171|obs_0000017127|obs_0000023284|obs_0000025392|obs_0000033696|obs_0000009180|obs_0000021506|obs_0000021508|obs_0000025811|obs_0000015673|obs_0000019794|obs_0000009663|obs_0000034580,obs_0000001772,,
Schmand,Milsani,"€ 0,59",,"pro Einheit = 0,79","pro Einheit = 0,79",,Nein,Gültig bis 18.04,2026-04-13,2026-04-18,../images/aldi/aldi_offer_031.jpg,"cat_molkerei_kaese,diet_vegetarian,sub_milchprodukte,sub_sahne_creme",,,ref_000031,obs_0000003203|obs_0000001733|obs_0000004910|obs_0000001870|obs_0000002418|obs_0000004483|obs_0000004056|obs_0000034373|obs_0000031866|obs_0000014489|obs_0000009974|obs_0000011034|obs_0000034793|obs_0000010416|obs_0000031453|obs_0000005914|obs_0000029482|obs_0000001902|obs_0000001486|obs_0000011031|obs_0000012648|obs_0000013207|obs_0000007769|obs_0000006448|obs_0000006451|obs_0000005540,obs_0000034373|obs_0000031866|obs_0000003203|obs_0000014489|obs_0000001733|obs_0000009974|obs_0000011034|obs_0000004910|obs_0000001870|obs_0000002418|obs_0000004483|obs_0000004056|obs_0000034793,,
Joghurt 3 5 Fett,Milsani,"€ 0,59",,"pro Einheit = 0,89","pro Einheit = 0,89",,Nein,Gültig bis 18.04,2026-04-13,2026-04-18,../images/aldi/aldi_offer_032.jpg,"cat_molkerei_kaese,diet_vegetarian,sub_joghurt_skyr_quark,sub_milchprodukte",,BLS-M141300,ref_000032,obs_0000001804|obs_0000026710|obs_0000020687|obs_0000020689|obs_0000028966|obs_0000023030|obs_0000008703|obs_0000025171|obs_0000017127|obs_0000023284|obs_0000025392|obs_0000033696|obs_0000009180|obs_0000021506|obs_0000021508|obs_0000025811|obs_0000015673|obs_0000019794|obs_0000009663|obs_0000034580,obs_0000001804,,
Emmentaler,Milsani,"€ 2,99",,"pro Einheit = 3,79","pro Einheit = 3,79",,Nein,Gültig bis 18.04,2026-04-13,2026-04-18,../images/aldi/aldi_offer_033.jpg,"cat_molkerei_kaese,diet_vegetarian,sub_kaese,sub_milchprodukte,sub_sahne_creme",,,ref_000033,obs_0000001559|obs_0000002340|obs_0000003417|obs_0000018479|obs_0000031831|obs_0000031880|obs_0000022237|obs_0000010030|obs_0000009063|obs_0000025531|obs_0000022007|obs_0000018426|obs_0000029188|obs_0000022611|obs_0000011890|obs_0000019573|obs_0000029871|obs_0000028338|obs_0000031446|obs_0000028397|obs_0000030458|obs_0000007555|obs_0000006108|obs_0000006629|obs_0000015396|obs_0000012330|obs_0000024642|obs_0000006807|obs_0000030876|obs_0000020664|obs_0000005907|obs_0000006459|obs_0000010637|obs_0000032193|obs_0000021483|obs_0000025075|obs_0000034090|obs_0000006293|obs_0000007350|obs_0000006977|obs_0000005548|obs_0000032320,obs_0000001559|obs_0000018479|obs_0000031831|obs_0000031880|obs_0000022237|obs_0000002340|obs_0000010030|obs_0000003417|obs_0000009063|obs_0000025531|obs_0000022007|obs_0000018426,,
Butter Chicken mit Reis,Praktisch Fertig,"€ 2,19",,"pro Einheit = 2,99","pro Einheit = 2,99",,Nein,Gültig bis 18.04,2026-04-13,2026-04-18,../images/aldi/aldi_offer_034.jpg,"cat_fleisch_wurst,diet_gluten_free,diet_vegetarian,sub_butter_margarine,sub_gefluegel,sub_milchprodukte,tag_high_protein,tag_ultra_processed",,,ref_000034,obs_0000024620|obs_0000000107|obs_0000010409|obs_0000034970|obs_0000018644|obs_0000008456|obs_0000018772|obs_0000008556|obs_0000027049|obs_0000012797|obs_0000002620|obs_0000002676|obs_0000011042|obs_0000013125|obs_0000009075|obs_0000027517|obs_0000019357|obs_0000000997|obs_0000023578|obs_0000019493|obs_0000031786|obs_0000003267|obs_0000011467|obs_0000001425|obs_0000017835|obs_0000021984|obs_0000003591|obs_0000003636|obs_0000026359|obs_0000018391|obs_0000022502,,,
Linseneintopf,Speise Zeit,"€ 2,89",,"pro Einheit = 3,78","pro Einheit = 3,78",,Nein,Gültig bis 18.04,2026-04-13,2026-04-18,../images/aldi/aldi_offer_035.jpg,"cat_grundnahrung,diet_gluten_free,diet_lactose_free,diet_vegan,diet_vegetarian,sub_frisches_gemuese,sub_huelsenfruechte,tag_whole_food",,,ref_000035,obs_0000031038|obs_0000029236|obs_0000029914,obs_0000031038,,
Bayerischer Leberkäs,Gut Drei Eichen,"€ 2,79",,"pro Einheit = 3,49","pro Einheit = 3,49",,Nein,Gültig bis 18.04,2026-04-13,2026-04-18,../images/aldi/aldi_offer_036.jpg,"cat_fleisch_wurst,sub_schwein,sub_wurst,tag_ultra_processed",,,ref_000036,,obs_0000018993|obs_0000009298|obs_0000020068|obs_0000026756|obs_0000031883|obs_0000024209|obs_0000025260|obs_0000000704|obs_0000023788|obs_0000014106|obs_0000021830|obs_0000020887|obs_0000001946|obs_0000009121,,
Bio-Fruchtmus,Nur Nur Natur,"€ 0,89",,"pro Einheit = 1,15","pro Einheit = 1,15",,Nein,Gültig bis 18.04,2026-04-13,2026-04-18,../images/aldi/aldi_offer_037.jpg,"cat_grundnahrung,diet_vegan,diet_vegetarian,sub_milchprodukte,tag_whole_food",,,ref_000037,,,,
Rahm-Spinat,All Seasons,"€ 0,69",,"pro Einheit = 0,89","pro Einheit = 0,89",,Nein,Gültig bis 18.04,2026-04-13,2026-04-18,../images/aldi/aldi_offer_038.jpg,"cat_knabbern_naschen,diet_vegetarian,sub_hackfleisch,sub_sahne_creme,sub_tk_fertiggerichte,tag_high_protein",,,ref_000038,obs_0000014341|obs_0000010920|obs_0000016840|obs_0000023004|obs_0000031858|obs_0000010490|obs_0000014848|obs_0000030504|obs_0000032098|obs_0000029163|obs_0000022918|obs_0000026393|obs_0000021424|obs_0000022077|obs_0000018515|obs_0000025711|obs_0000020605|obs_0000031908|obs_0000033881,obs_0000014341|obs_0000010920|obs_0000016840|obs_0000023004|obs_0000031858|obs_0000010490|obs_0000014848,,
Fischstäbchen,Golden Seafood,"€ 1,79",,"pro Einheit = 2,49","pro Einheit = 2,49",,Nein,Gültig bis 18.04,2026-04-13,2026-04-18,../images/aldi/aldi_offer_039.jpg,"cat_fisch_meeresfruechte,sub_tk_fertiggerichte,tag_proteinreich,tag_ultra_processed",,,ref_000039,obs_0000019848|obs_0000019723|obs_0000017420|obs_0000010512|obs_0000012822|obs_0000026262|obs_0000020780|obs_0000022963|obs_0000012340|obs_0000009919|obs_0000025168|obs_0000027473|obs_0000028371|obs_0000034006|obs_0000033884|obs_0000021599|obs_0000008173|obs_0000009455|obs_0000032385|obs_0000029344|obs_0000018467|obs_0000016574|obs_0000022596|obs_0000017244|obs_0000028007|obs_0000011904|obs_0000005766|obs_0000006665|obs_0000007597|obs_0000029781|obs_0000032630|obs_0000032212|obs_0000007207|obs_0000005208,obs_0000019848|obs_0000019723|obs_0000017420|obs_0000010512|obs_0000012822|obs_0000026262|obs_0000020780|obs_0000022963|obs_0000012340|obs_0000009919|obs_0000025168|obs_0000027473|obs_0000028371|obs_0000034006|obs_0000033884|obs_0000021599|obs_0000008173|obs_0000009455,,
Biosellerie-Salat,Nur Nur Natur,"€ 0,79",,"1 kg = 4,16","1 kg = 4,16",,Nein,Gültig bis 18.04,2026-04-13,2026-04-18,../images/aldi/aldi_offer_040.jpg,"cat_obst_gemuese,diet_gluten_free,diet_lactose_free,diet_vegan,diet_vegetarian,sub_frisches_gemuese,sub_salate,tag_whole_food",,,ref_000040,obs_0000025985,,,
Griechisches natives Olivenöl extra,Lyttos,"€ 4,79",,"pro Einheit = 5,99","pro Einheit = 5,99",,Nein,Gültig bis 18.04,2026-04-13,2026-04-18,../images/aldi/aldi_offer_041.jpg,"cat_grundnahrung,diet_gluten_free,diet_lactose_free,diet_vegan,diet_vegetarian,tag_whole_food",,,ref_000041,obs_0000003325|obs_0000002495|obs_0000000536|obs_0000025631|obs_0000012351|obs_0000000095|obs_0000014985|obs_0000021137|obs_0000020167|obs_0000028880|obs_0000022319|obs_0000011075|obs_0000020318|obs_0000021940|obs_0000025043|obs_0000014304|obs_0000013794|obs_0000015852|obs_0000020986|obs_0000017481|obs_0000025937|obs_0000018783|obs_0000018950|obs_0000018480|obs_0000005177|obs_0000008793|obs_0000001216|obs_0000028869|obs_0000028952|obs_0000018248|obs_0000033698|obs_0000019253|obs_0000007186|obs_0000005365|obs_0000002069|obs_0000014367|obs_0000011361|obs_0000015501|obs_0000012446|obs_0000009909|obs_0000009444|obs_0000015088|obs_0000002836|obs_0000013624|obs_0000019269|obs_0000011593|obs_0000013180|obs_0000012176|obs_0000001438,obs_0000003325|obs_0000002495,,x
Roter Multivitaminsaft,Rio D Oro,"€ 1,11",,"pro Einheit = 1,11","pro Einheit = 1,11",,Nein,Gültig bis 18.04,2026-04-13,2026-04-18,../images/aldi/aldi_offer_042.jpg,"cat_non_food,diet_vegan,diet_vegetarian",,,ref_000042,,,,
Grissotti,Cucina,"€ 0,99",,"pro Einheit = 1,29","pro Einheit = 1,29",,Nein,Gültig bis 18.04,2026-04-13,2026-04-18,../images/aldi/aldi_offer_043.jpg,"cat_grundnahrung,sub_kaese,sub_milchprodukte",,,ref_000043,obs_0000000538|obs_0000001482|obs_0000001236,obs_0000000538|obs_0000001482|obs_0000001236,,
Feine Butterwaffeln,Biscotto,"€ 1,49",,"pro Einheit = 1,79","pro Einheit = 1,79",,Nein,Gültig bis 18.04,2026-04-13,2026-04-18,../images/aldi/aldi_offer_044.jpg,"cat_knabbern_naschen,diet_gluten_free,diet_lactose_free,diet_vegan,diet_vegetarian,sub_butter_margarine,sub_milchprodukte,tag_ultra_processed,tag_whole_food",,,ref_000044,,,,
Müller-Thurgau QbA,Müller-Thurgau QbA,"€ 1,79",,"pro Einheit = 2,29","pro Einheit = 2,29",,Nein,Gültig bis 18.04,2026-04-13,2026-04-18,../images/aldi/aldi_offer_045.jpg,cat_getraenke,,,ref_000045,obs_0000003331|obs_0000009107|obs_0000009237|obs_0000002225|obs_0000011585,,,
Gelee-Bananen,Choceur,"€ 1,19",,"1 kg = 4,76","1 kg = 4,76",,Nein,Gültig bis 18.04,2026-04-13,2026-04-18,../images/aldi/aldi_offer_046.jpg,"cat_knabbern_naschen,diet_gluten_free,diet_lactose_free,diet_vegan,diet_vegetarian,sub_frisches_obst,tag_ultra_processed,tag_whole_food",,,ref_000046,obs_0000027736|obs_0000028769|obs_0000031875|obs_0000026329|obs_0000031472|obs_0000032060|obs_0000009078|obs_0000026492|obs_0000027051|obs_0000032185|obs_0000029136|obs_0000031729,,,
Taschentücher,Kokett,"€ 2,99",,"pro Einheit = 3,95","pro Einheit = 3,95",,Nein,Gültig bis 18.04,2026-04-13,2026-04-18,../images/aldi/aldi_offer_047.jpg,cat_drogerie,,,ref_000047,obs_0000033673|obs_0000009761|obs_0000012458|obs_0000031049|obs_0000020301|obs_0000011599|obs_0000012879|obs_0000009297|obs_0000013922|obs_0000012007|obs_0000033002|obs_0000006388|obs_0000024952|obs_0000021120|obs_0000031764|obs_0000035077|obs_0000006057|obs_0000010159|obs_0000034871|obs_0000006592|obs_0000034990|obs_0000007115|obs_0000031059|obs_0000005854|obs_0000033631|obs_0000007296|obs_0000006249|obs_0000005484|obs_0000008063|obs_0000014666|obs_0000032037,obs_0000033673|obs_0000009761|obs_0000012458|obs_0000031049|obs_0000020301|obs_0000011599|obs_0000012879|obs_0000009297|obs_0000013922|obs_0000012007|obs_0000033002|obs_0000006388|obs_0000024952|obs_0000021120,,
Mini-Donuts,MEINE KUCHEN WELT,"€ 1,49",,"pro Einheit = 1,99","pro Einheit = 1,99",,Nein,Gültig bis 18.04,2026-04-13,2026-04-18,../images/aldi/aldi_offer_048.jpg,"cat_knabbern_naschen,diet_lactose_free,diet_vegetarian,tag_ultra_processed",,,ref_000048,obs_0000010268|obs_0000008299|obs_0000028936|obs_0000018610|obs_0000030932|obs_0000022096|obs_0000012328|obs_0000012337|obs_0000006379|obs_0000026914|obs_0000010932|obs_0000015450|obs_0000017530|obs_0000026024|obs_0000013774|obs_0000015823|obs_0000018128|obs_0000016216|obs_0000030344,obs_0000010268|obs_0000008299|obs_0000028936,,
Stückseife,Lacura,"€ 0,45",,"pro Einheit = 0,55","pro Einheit = 0,55",,Nein,Gültig bis 18.04,2026-04-13,2026-04-18,../images/aldi/aldi_offer_049.jpg,"cat_drogerie,diet_vegetarian",,,ref_000049,,,,
Pesto alla Genovese,Cucina,"€ 0,99",,"1 kg = 5,21","1 kg = 5,21",,Nein,Gültig bis 18.04,2026-04-13,2026-04-18,../images/aldi/aldi_offer_050.jpg,"cat_grundnahrung,sub_kaese,sub_milchprodukte,tag_ultra_processed",,,ref_000050,obs_0000028349|obs_0000008153|obs_0000032424|obs_0000030664|obs_0000029670|obs_0000032232|obs_0000001346|obs_0000034211|obs_0000000146|obs_0000025099|obs_0000001549|obs_0000020017|obs_0000003675|obs_0000018607|obs_0000016639|obs_0000023299|obs_0000011527|obs_0000019219|obs_0000011089|obs_0000014195|obs_0000015289|obs_0000019945|obs_0000015872,obs_0000028349|obs_0000008153,,
Saltletts Sticks,Lorenz,"€ 2,29",,"1 kg = 9,16","1 kg = 9,16",,Nein,Gültig bis 18.04,2026-04-13,2026-04-18,../images/aldi/aldi_offer_051.jpg,"cat_knabbern_naschen,tag_ultra_processed",,,ref_000051,obs_0000017410|obs_0000033807|obs_0000010511|obs_0000019303|obs_0000000911|obs_0000001531|obs_0000007701|obs_0000006043|obs_0000015885|obs_0000014804,obs_0000007701|obs_0000006043,,
Frischkäse,Bresso,"€ 2,39",,"1 kg = 15,93","1 kg = 15,93",,Nein,Gültig bis 18.04,2026-04-13,2026-04-18,../images/aldi/aldi_offer_052.jpg,"cat_molkerei_kaese,sub_kaese,sub_milchprodukte,sub_wurst,tag_ultra_processed",,BLS-D3A6000,ref_000052,obs_0000000519|obs_0000017482|obs_0000018668|obs_0000022312|obs_0000024882|obs_0000010048|obs_0000024407|obs_0000009596|obs_0000023986|obs_0000016946|obs_0000026675|obs_0000022604|obs_0000017513|obs_0000018043|obs_0000022149|obs_0000028302|obs_0000025259|obs_0000020143|obs_0000018636|obs_0000022250|obs_0000027893|obs_0000019721|obs_0000002951|obs_0000003481|obs_0000019362|obs_0000020962|obs_0000017894|obs_0000014954|obs_0000012663|obs_0000018437|obs_0000018441|obs_0000009739|obs_0000002064|obs_0000019510|obs_0000009275|obs_0000024137|obs_0000022111|obs_0000022114|obs_0000008311|obs_0000000665|obs_0000023715|obs_0000031907|obs_0000003254|obs_0000002331|obs_0000002429|obs_0000002443|obs_0000026562|obs_0000022984|obs_0000013780|obs_0000001493,obs_0000000519|obs_0000016946|obs_0000026675|obs_0000017482|obs_0000022604|obs_0000017513|obs_0000018043|obs_0000022149|obs_0000028302|obs_0000025259|obs_0000020143|obs_0000018636|obs_0000022250|obs_0000018668|obs_0000027893|obs_0000019721|obs_0000022312|obs_0000024882|obs_0000010048|obs_0000024407|obs_0000009596|obs_0000002951|obs_0000003481|obs_0000019362|obs_0000023986|obs_0000020962|obs_0000017894,,
Salzstangen,Sun Snacks,"€ 0,69",,"1 kg = 2,76","1 kg = 2,76",,Nein,Gültig bis 18.04,2026-04-13,2026-04-18,../images/aldi/aldi_offer_053.jpg,"cat_knabbern_naschen,diet_gluten_free,diet_lactose_free,diet_vegan,diet_vegetarian,tag_ultra_processed,tag_whole_food",,,ref_000053,obs_0000026826|obs_0000000722|obs_0000029623,obs_0000026826|obs_0000000722,,
Pesto Genovese,Barilla,"€ 3,49",,"1 kg = 18,37","1 kg = 18,37",,Nein,Gültig bis 18.04,2026-04-13,2026-04-18,../images/aldi/aldi_offer_054.jpg,"cat_grundnahrung,diet_lactose_free,diet_vegan,diet_vegetarian,sub_nudeln,tag_ultra_processed",,,ref_000054,obs_0000034211|obs_0000001346|obs_0000028349|obs_0000008153|obs_0000023299|obs_0000025099|obs_0000018607|obs_0000015289|obs_0000003675|obs_0000014195|obs_0000015872|obs_0000011527|obs_0000001549|obs_0000000146|obs_0000019219|obs_0000032424|obs_0000020017|obs_0000030664|obs_0000011089|obs_0000029670|obs_0000032232|obs_0000019945|obs_0000016639,obs_0000034211|obs_0000001346,,
Fra cho,ROI DE TREFLE,"€ 0,99",,"1 kg = 6,60","1 kg = 6,60",,Nein,Gültig bis 18.04,2026-04-13,2026-04-18,../images/aldi/aldi_offer_055.jpg,"cat_getraenke,tag_ultra_processed",,,ref_000055,,,,
Tomatenketchup,Delikato,"€ 1,29",,"pro Einheit = 2,58","pro Einheit = 2,58",,Nein,Gültig bis 18.04,2026-04-13,2026-04-18,../images/aldi/aldi_offer_056.jpg,"cat_grundnahrung,diet_gluten_free,diet_lactose_free,diet_vegan,diet_vegetarian,sub_frisches_gemuese,tag_ultra_processed,tag_whole_food",,BLS-R141100,ref_000056,obs_0000004673|obs_0000003819|obs_0000004246|obs_0000003095|obs_0000034075|obs_0000027525|obs_0000030928,obs_0000004673|obs_0000003819|obs_0000004246|obs_0000003095|obs_0000034075,,
Alpighurt,Milsani,"€ 0,29",,"1 kg = 1,93","1 kg = 1,93",,Nein,Gültig bis 18.04,2026-04-13,2026-04-18,../images/aldi/aldi_offer_057.jpg,"cat_molkerei_kaese,diet_vegetarian,sub_joghurt_skyr_quark,sub_milchprodukte",,,ref_000057,obs_0000004136|obs_0000003373|obs_0000002414|obs_0000004990|obs_0000004563,obs_0000004136|obs_0000003373|obs_0000002414|obs_0000004990|obs_0000004563,,
Mineralwasser Naturell,Quellbrunn,"€ 0,29",,"1 l = 0,19","1 l = 0,19",,Nein,Gültig bis 18.04,2026-04-13,2026-04-18,../images/aldi/aldi_offer_058.jpg,"cat_getraenke,diet_gluten_free,diet_lactose_free,diet_vegan,diet_vegetarian",,,ref_000058,obs_0000003689|obs_0000027653|obs_0000034851|obs_0000015908|obs_0000031797|obs_0000026205|obs_0000008801|obs_0000015481|obs_0000031867|obs_0000012414|obs_0000031871|obs_0000028800|obs_0000034437|obs_0000008841|obs_0000009353|obs_0000028841|obs_0000027836|obs_0000011969|obs_0000021185|obs_0000027856|obs_0000008437|obs_0000034043|obs_0000034044|obs_0000009985|obs_0000028931|obs_0000035059|obs_0000010519|obs_0000031006|obs_0000014625|obs_0000028968|obs_0000026948|obs_0000028493|obs_0000008537|obs_0000011123|obs_0000028537|obs_0000028027|obs_0000020366|obs_0000028603|obs_0000034235|obs_0000034238|obs_0000026570|obs_0000013773|obs_0000025562|obs_0000028654|obs_0000014332,,,
Almighurt Erdbeere,Ehrmann,"€ 0,89",,"1 kg = 5,93","1 kg = 5,93",,Nein,Gültig bis 18.04,2026-04-13,2026-04-18,../images/aldi/aldi_offer_059.jpg,"cat_molkerei_kaese,diet_vegetarian,sub_joghurt_skyr_quark,sub_milchprodukte",,,ref_000059,obs_0000000513|obs_0000003093|obs_0000013502|obs_0000031451|obs_0000004902|obs_0000001348|obs_0000000360|obs_0000028525|obs_0000022905|obs_0000004475|obs_0000014217|obs_0000012194|obs_0000033699|obs_0000015270|obs_0000004048|obs_0000028641|obs_0000000497,obs_0000000513,,
Tomatenketchup,Heinz,"€ 2,79",,"pro Einheit = 6,98","pro Einheit = 6,98",,Nein,Gültig bis 18.04,2026-04-13,2026-04-18,../images/aldi/aldi_offer_060.jpg,"cat_grundnahrung,diet_gluten_free,diet_lactose_free,diet_vegan,diet_vegetarian,sub_frisches_gemuese,tag_ultra_processed,tag_whole_food",,BLS-R141100,ref_000060,obs_0000004246|obs_0000003095|obs_0000034075|obs_0000004673|obs_0000003819|obs_0000027525|obs_0000030928,obs_0000019587|obs_0000010249|obs_0000003594|obs_0000004246|obs_0000003095|obs_0000034075|obs_0000018347|obs_0000009900|obs_0000034616|obs_0000004673|obs_0000014533|obs_0000022471|obs_0000011348|obs_0000014295|obs_0000009435|obs_0000015843|obs_0000008294|obs_0000003819|obs_0000014833,,
Naturell,Volvic,"€ 1,25",,"pro Einheit = 0,83","pro Einheit = 0,83",,Nein,Gültig bis 18.04,2026-04-13,2026-04-18,../images/aldi/aldi_offer_061.jpg,"cat_getraenke,diet_gluten_free,diet_lactose_free,diet_vegan,diet_vegetarian",,BLS-F110100,ref_000061,obs_0000001351,obs_0000025602|obs_0000034049|obs_0000018575|obs_0000015672|obs_0000022975|obs_0000025814|obs_0000017497|obs_0000026721|obs_0000011749,,
Jersey-Spannbetttuch,Novitesse,"€ 4,99",,"pro Einheit = 4,99","pro Einheit = 4,99",,Nein,Gültig bis 18.04,2026-04-13,2026-04-18,../images/aldi/aldi_offer_062.jpg,cat_non_food,,,ref_000062,obs_0000003107|obs_0000004741|obs_0000004314|obs_0000000739|obs_0000000258|obs_0000003887|obs_0000003537|obs_0000022134|obs_0000000690|obs_0000018364|obs_0000001128|obs_0000004101|obs_0000003803|obs_0000004955|obs_0000000394|obs_0000004528,obs_0000003107|obs_0000022134|obs_0000004741|obs_0000000690|obs_0000024759|obs_0000004314|obs_0000000739|obs_0000000258|obs_0000003887|obs_0000002472|obs_0000018364|obs_0000003537,,
Plissee-Rollo,Home Creation,"€ 7,99",,"pro Einheit = 7,99","pro Einheit = 7,99",,Nein,Gültig bis 18.04,2026-04-13,2026-04-18,../images/aldi/aldi_offer_063.jpg,cat_non_food,,,ref_000063,,,,x
Bettwäsche,Novitesse,"€ 6,99",,"pro Einheit = 6,99","pro Einheit = 6,99",,Nein,Gültig bis 18.04,2026-04-13,2026-04-18,../images/aldi/aldi_offer_064.jpg,cat_non_food,,BLS-R421300,ref_000064,obs_0000026412|obs_0000004639|obs_0000003106|obs_0000001575|obs_0000001133|obs_0000004212|obs_0000000127|obs_0000002705|obs_0000002231|obs_0000004845|obs_0000004418|obs_0000000323|obs_0000003991|obs_0000000955|obs_0000001981|obs_0000005066|obs_0000000474|obs_0000026120|obs_0000016431|obs_0000021077|obs_0000017548|obs_0000025742|obs_0000018594|obs_0000025267|obs_0000019128|obs_0000019131|obs_0000018670|obs_0000024321|obs_0000020258|obs_0000017238|obs_0000023897|obs_0000017361|obs_0000004635|obs_0000004208|obs_0000003280|obs_0000005062|obs_0000002529|obs_0000016902|obs_0000023139|obs_0000022132|obs_0000019633|obs_0000024761|obs_0000016078|obs_0000008944|obs_0000024310|obs_0000018173|obs_0000010547|obs_0000017206|obs_0000025921|obs_0000023887,obs_0000026412,,
Nackenstützkissen,Novitesse,"€ 12,99",,"pro Einheit = 12,99","pro Einheit = 12,99",,Nein,Gültig bis 18.04,2026-04-13,2026-04-18,../images/aldi/aldi_offer_065.jpg,cat_non_food,,,ref_000065,obs_0000000738|obs_0000017463|obs_0000018781|obs_0000000741,obs_0000017463|obs_0000000738|obs_0000018781,,
Frottiertücher,Novitesse,"€ 12,99",,"pro Einheit = 12,99","pro Einheit = 12,99",,Nein,Gültig bis 18.04,2026-04-13,2026-04-18,../images/aldi/aldi_offer_066.jpg,cat_non_food,,,ref_000066,obs_0000000749|obs_0000003488,obs_0000000749|obs_0000003488,,
Unterhemden,Up2Fashion,"€ 4,99",,"pro Einheit = 4,99","pro Einheit = 4,99",,Nein,Gültig bis 18.04,2026-04-13,2026-04-18,../images/aldi/aldi_offer_067.jpg,cat_non_food,,,ref_000067,obs_0000001456|obs_0000022651|obs_0000012577|obs_0000003663|obs_0000010859|obs_0000012568|obs_0000022320|obs_0000012606|obs_0000018378|obs_0000008685,obs_0000000751|obs_0000000759|obs_0000001456,,x
Jeans,Up2Fashion,"€ 9,99",,"pro Einheit = 9,99","pro Einheit = 9,99",,Nein,Gültig bis 18.04,2026-04-13,2026-04-18,../images/aldi/aldi_offer_068.jpg,cat_non_food,,,ref_000068,obs_0000001625|obs_0000023097|obs_0000001142|obs_0000001580|obs_0000000571|obs_0000002997|obs_0000000496|obs_0000027207|obs_0000033407|obs_0000022153|obs_0000017561|obs_0000013980|obs_0000016666|obs_0000021280|obs_0000013695|obs_0000017278|obs_0000019358|obs_0000018367|obs_0000016874|obs_0000020461|obs_0000025595|obs_0000002388|obs_0000003151|obs_0000032836|obs_0000011735|obs_0000032809,obs_0000023097|obs_0000001625|obs_0000001142,,x
Pyjama,Up2Fashion,"€ 6,99",,"pro Einheit = 6,99","pro Einheit = 6,99",,Nein,Gültig bis 18.04,2026-04-13,2026-04-18,../images/aldi/aldi_offer_069.jpg,cat_non_food,,,ref_000069,obs_0000001582|obs_0000001626|obs_0000001121|obs_0000000757|obs_0000000761|obs_0000001410|obs_0000025117|obs_0000020542|obs_0000022656|obs_0000000843|obs_0000021361|obs_0000000941|obs_0000003601|obs_0000001069|obs_0000001581|obs_0000002134|obs_0000001120|obs_0000002795|obs_0000004942|obs_0000000384|obs_0000004515|obs_0000000962|obs_0000004088|obs_0000002811|obs_0000020489|obs_0000016395|obs_0000025121|obs_0000011299|obs_0000001063|obs_0000021565|obs_0000021615|obs_0000025721|obs_0000025220|obs_0000025229|obs_0000018067|obs_0000013990|obs_0000021164|obs_0000025312|obs_0000016613|obs_0000015610|obs_0000015617|obs_0000013578|obs_0000015626|obs_0000020746|obs_0000020796|obs_0000021308|obs_0000025426|obs_0000015703|obs_0000015704|obs_0000014181,obs_0000025117|obs_0000001582|obs_0000020542|obs_0000001626|obs_0000001121|obs_0000022656|obs_0000000757|obs_0000000761|obs_0000000843|obs_0000021361|obs_0000001410|obs_0000000941,,x
Slips,Up2Fashion,"€ 3,99",,"pro Einheit = 3,99","pro Einheit = 3,99",,Nein,Gültig bis 18.04,2026-04-13,2026-04-18,../images/aldi/aldi_offer_070.jpg,"cat_knabbern_naschen,tag_ultra_processed",,,ref_000070,obs_0000022657|obs_0000023485|obs_0000000752|obs_0000001967|obs_0000016304|obs_0000012573|obs_0000012610|obs_0000014173|obs_0000011714|obs_0000019967|obs_0000002592|obs_0000004159|obs_0000003336|obs_0000005013|obs_0000003539|obs_0000004586|obs_0000018959|obs_0000025129|obs_0000010860|obs_0000022654|obs_0000019844|obs_0000016861|obs_0000007983|obs_0000008023|obs_0000016729|obs_0000024934|obs_0000002841|obs_0000003022|obs_0000008416,obs_0000022657|obs_0000023485,,x
Socken,Up2Fashion,"€ 3,99",,"pro Einheit = 3,99","pro Einheit = 3,99",,Nein,Gültig bis 18.04,2026-04-13,2026-04-18,../images/aldi/aldi_offer_071.jpg,cat_non_food,,,ref_000071,obs_0000000758|obs_0000000765|obs_0000001173|obs_0000001375|obs_0000001405|obs_0000001624|obs_0000023153|obs_0000000756|obs_0000000967|obs_0000011300|obs_0000023885|obs_0000024304|obs_0000002598|obs_0000000593|obs_0000002882|obs_0000002058|obs_0000022642|obs_0000012561|obs_0000012590|obs_0000012599|obs_0000018780|obs_0000023044|obs_0000023493|obs_0000017451|obs_0000001174|obs_0000015615|obs_0000015624|obs_0000023836|obs_0000023861|obs_0000003499|obs_0000011723|obs_0000011742|obs_0000024258|obs_0000016081|obs_0000024283|obs_0000000014|obs_0000002698|obs_0000003729|obs_0000016449|obs_0000018523|obs_0000022652|obs_0000008358|obs_0000016581|obs_0000010467|obs_0000010858|obs_0000010866|obs_0000025525|obs_0000023497|obs_0000025733|obs_0000019870,obs_0000023153|obs_0000000756|obs_0000000758|obs_0000000765|obs_0000000967|obs_0000011300|obs_0000001173|obs_0000023885|obs_0000001375|obs_0000001405|obs_0000001624|obs_0000024304,,x
Capri-Leggings,Up2Fashion,"€ 3,99",,"pro Einheit = 3,99","pro Einheit = 3,99",,Nein,Gültig bis 18.04,2026-04-13,2026-04-18,../images/aldi/aldi_offer_072.jpg,"cat_non_food,tag_ultra_processed",,,ref_000072,obs_0000024299|obs_0000023879|obs_0000023488|obs_0000023039,,,x
Socken,Up2Fashion,"€ 6,99",,"pro Einheit = 6,99","pro Einheit = 6,99",,Nein,Gültig bis 18.04,2026-04-13,2026-04-18,../images/aldi/aldi_offer_073.jpg,cat_non_food,,,ref_000073,obs_0000000758|obs_0000000765|obs_0000001173|obs_0000001375|obs_0000001405|obs_0000001624|obs_0000023153|obs_0000000756|obs_0000000967|obs_0000011300|obs_0000023885|obs_0000024304|obs_0000002598|obs_0000000593|obs_0000002882|obs_0000002058|obs_0000022642|obs_0000012561|obs_0000012590|obs_0000012599|obs_0000018780|obs_0000023044|obs_0000023493|obs_0000017451|obs_0000001174|obs_0000015615|obs_0000015624|obs_0000023836|obs_0000023861|obs_0000003499|obs_0000011723|obs_0000011742|obs_0000024258|obs_0000016081|obs_0000024283|obs_0000000014|obs_0000002698|obs_0000003729|obs_0000016449|obs_0000018523|obs_0000022652|obs_0000008358|obs_0000016581|obs_0000010467|obs_0000010858|obs_0000010866|obs_0000025525|obs_0000023497|obs_0000025733|obs_0000019870,obs_0000023153|obs_0000000756|obs_0000000758|obs_0000000765|obs_0000000967|obs_0000011300|obs_0000001173|obs_0000023885|obs_0000001375|obs_0000001405|obs_0000001624|obs_0000024304,,x
Ahornstrauch,Ahornstrauch,"€ 4,99",,"pro Einheit = 4,99","pro Einheit = 4,99",,Nein,Gültig bis 18.04,2026-04-13,2026-04-18,../images/aldi/aldi_offer_074.jpg,"cat_non_food,diet_lactose_free,diet_vegan,diet_vegetarian",,,ref_000074,,,,
Unterhemden,Up2Fashion,"€ 8,99",,"pro Einheit = 8,99","pro Einheit = 8,99",,Nein,Gültig bis 18.04,2026-04-13,2026-04-18,../images/aldi/aldi_offer_075.jpg,cat_non_food,,,ref_000075,obs_0000001456|obs_0000022651|obs_0000012577|obs_0000003663|obs_0000010859|obs_0000012568|obs_0000022320|obs_0000012606|obs_0000018378|obs_0000008685,obs_0000000751|obs_0000000759|obs_0000001456,,x
Retropants,Up2Fashion,"€ 7,99",,"pro Einheit = 7,99","pro Einheit = 7,99",,Nein,Gültig bis 18.04,2026-04-13,2026-04-18,../images/aldi/aldi_offer_076.jpg,cat_non_food,,,ref_000076,obs_0000001623|obs_0000000760|obs_0000001457|obs_0000000965|obs_0000001835,obs_0000001623|obs_0000000760|obs_0000001457|obs_0000000965,,x
T-Shirts,Up2Fashion,"€ 9,99",,"pro Einheit = 9,99","pro Einheit = 9,99",,Nein,Gültig bis 18.04,2026-04-13,2026-04-18,../images/aldi/aldi_offer_077.jpg,cat_non_food,,,ref_000077,obs_0000023098|obs_0000023492|obs_0000003661|obs_0000000596|obs_0000016055|obs_0000012598|obs_0000011719|obs_0000009238|obs_0000025394|obs_0000009714,obs_0000023098|obs_0000000755,,x
Birne Duo,Birne Duo,"€ 3,99",,"pro Einheit = 3,99","pro Einheit = 3,99",,Nein,Gültig bis 18.04,2026-04-13,2026-04-18,../images/aldi/aldi_offer_078.jpg,"cat_obst_gemuese,diet_gluten_free,diet_lactose_free,diet_vegan,diet_vegetarian,sub_frisches_obst,tag_whole_food",,BLS-F130100,ref_000078,obs_0000023297|obs_0000011965,,,
Universal-Holzöl,Alpina,"€ 6,99",,"pro Einheit = 9,32","pro Einheit = 9,32",,Nein,Gültig bis 18.04,2026-04-13,2026-04-18,../images/aldi/aldi_offer_079.jpg,cat_drogerie,,,ref_000079,obs_0000035079,,,
Specialist,WD-40,"€ 5,99",,"pro Einheit = 33,28","pro Einheit = 33,28",,Nein,Gültig bis 18.04,2026-04-13,2026-04-18,../images/aldi/aldi_offer_080.jpg,cat_getraenke,,,ref_000080,obs_0000023945|obs_0000024367,,,
Schmutzfangmatte,Home Creation,"€ 5,99",,"pro Einheit = 5,99","pro Einheit = 5,99",,Nein,Gültig bis 18.04,2026-04-13,2026-04-18,../images/aldi/aldi_offer_081.jpg,cat_non_food,,,ref_000081,obs_0000000581|obs_0000001370|obs_0000001374|obs_0000018536|obs_0000017319|obs_0000013392|obs_0000022047|obs_0000016345|obs_0000024859,obs_0000018536|obs_0000000581|obs_0000017319|obs_0000013392|obs_0000001370|obs_0000001374|obs_0000022047|obs_0000016345,,x
Outdoor-Pinsel-Set,DECO CRAFT,"€ 2,99",,"pro Einheit = 2,99","pro Einheit = 2,99",,Nein,Gültig bis 18.04,2026-04-13,2026-04-18,../images/aldi/aldi_offer_082.jpg,cat_non_food,,,ref_000082,obs_0000022750|obs_0000013823|obs_0000014118|obs_0000013824,,,
Arbeitsjacke,TOPCRAFT,"€ 7,99",,"pro Einheit = 7,99","pro Einheit = 7,99",,Nein,Gültig bis 18.04,2026-04-13,2026-04-18,../images/aldi/aldi_offer_083.jpg,cat_non_food,,,ref_000083,obs_0000009862|obs_0000025198|obs_0000026261|obs_0000009400|obs_0000023100,,,
Gartenfarbe,DECO CRAFT,"€ 9,99",,"pro Einheit = 4,00","pro Einheit = 4,00",,Nein,Gültig bis 18.04,2026-04-13,2026-04-18,../images/aldi/aldi_offer_084.jpg,cat_non_food,,,ref_000084,,,,
Arbeitstroyer,TOPCRAFT,"€ 12,99",,"pro Einheit = 12,99","pro Einheit = 12,99",,Nein,Gültig bis 18.04,2026-04-13,2026-04-18,../images/aldi/aldi_offer_085.jpg,cat_non_food,,,ref_000085,,,,
Fahrrad- oder Auto-Reinigungsset,Ride & Go,"€ 14,99",,"pro Einheit = 14,99","pro Einheit = 14,99",,Nein,Gültig bis 18.04,2026-04-13,2026-04-18,../images/aldi/aldi_offer_086.jpg,cat_non_food,,,ref_000086,,,,x
Scheibenreiniger-Konzentrat Lemon,Ride & Go,"€ 1,99",,"pro Einheit = 1,99","pro Einheit = 1,99",,Nein,Gültig bis 18.04,2026-04-13,2026-04-18,../images/aldi/aldi_offer_087.jpg,cat_drogerie,,,ref_000087,obs_0000026334|obs_0000033632,,,x
Filz-Sitzkissen,Home Creation,"€ 3,99",,"pro Einheit = 3,99","pro Einheit = 3,99",,Nein,Gültig bis 18.04,2026-04-13,2026-04-18,../images/aldi/aldi_offer_088.jpg,cat_non_food,,,ref_000088,obs_0000000019|obs_0000003736|obs_0000022669,obs_0000000019|obs_0000003736,,x
Snackbox,Jes Collection,"€ 1,00",,"pro Einheit = 1,00","pro Einheit = 1,00",,Nein,Gültig bis 18.04,2026-04-13,2026-04-18,../images/aldi/aldi_offer_089.jpg,"cat_knabbern_naschen,tag_ultra_processed",,,ref_000089,obs_0000027010,,,x
Digitales Messgerät,Workzone,"€ 9,99",,"pro Einheit = 9,99","pro Einheit = 9,99",,Nein,Gültig bis 18.04,2026-04-13,2026-04-18,../images/aldi/aldi_offer_090.jpg,"cat_non_food,diet_vegetarian",,,ref_000090,,,,x
Kfz-Verbandtasche,Walser,"€ 3,99",,"pro Einheit = 3,99","pro Einheit = 3,99",,Nein,Gültig bis 18.04,2026-04-13,2026-04-18,../images/aldi/aldi_offer_091.jpg,cat_non_food,,,ref_000091,obs_0000001067|obs_0000012229|obs_0000015194|obs_0000014308|obs_0000001151|obs_0000027030|obs_0000024855,obs_0000027030|obs_0000024855|obs_0000001067|obs_0000012229|obs_0000015194|obs_0000017886|obs_0000014308|obs_0000001151,,
Ausziehtisch,Belavi,"€ 139,00",,"pro Einheit = 139,00","pro Einheit = 139,00",,Nein,Gültig bis 18.04,2026-04-13,2026-04-18,../images/aldi/aldi_offer_092.jpg,cat_fleisch_wurst,,,ref_000092,,,,
Hochlehner-Auflage,Belavi,"€ 9,99",,"pro Einheit = 9,99","pro Einheit = 9,99",,Nein,Gültig bis 18.04,2026-04-13,2026-04-18,../images/aldi/aldi_offer_093.jpg,cat_non_food,,,ref_000093,,,,
Stapelstuhl,Belavi,"€ 39,99",,"pro Einheit = 39,99","pro Einheit = 39,99",,Nein,Gültig bis 18.04,2026-04-13,2026-04-18,../images/aldi/aldi_offer_094.jpg,"cat_non_food,diet_vegan,diet_vegetarian,tag_ultra_processed",,,ref_000094,,,,
Aluminium-Klappsessel,Belavi,"€ 49,99",,"pro Einheit = 49,99","pro Einheit = 49,99",,Nein,Gültig bis 18.04,2026-04-13,2026-04-18,../images/aldi/aldi_offer_095.jpg,cat_non_food,,,ref_000095,,,,
Niedriglehner-Auflage,Belavi,"€ 5,99",,"pro Einheit = 5,99","pro Einheit = 5,99",,Nein,Gültig bis 18.04,2026-04-13,2026-04-18,../images/aldi/aldi_offer_096.jpg,cat_non_food,,,ref_000096,,,,
Polsterauflage für Klappsessel,BELAVI,"€ 14,99",,"pro Einheit = 14,99","pro Einheit = 14,99",,Nein,Gültig bis 18.04,2026-04-13,2026-04-18,../images/aldi/aldi_offer_097.jpg,"cat_non_food,diet_vegetarian",,,ref_000097,,,,
Ampelschirm,BELAVI,"€ 99,99",,"pro Einheit = 99,99","pro Einheit = 99,99",,Nein,Gültig bis 18.04,2026-04-13,2026-04-18,../images/aldi/aldi_offer_098.jpg,"cat_non_food,tag_ultra_processed",,,ref_000098,,,,
Sonnenschirm-Lichterkette,BELAVI,"€ 12,99",,"pro Einheit = 12,99","pro Einheit = 12,99",,Nein,Gültig bis 18.04,2026-04-13,2026-04-18,../images/aldi/aldi_offer_099.jpg,"cat_non_food,diet_vegetarian",,,ref_000099,obs_0000016211|obs_0000024812,,,
Stahl-Gartenbank,Belavi,"€ 59,99",,"pro Einheit = 59,99","pro Einheit = 59,99",,Nein,Gültig bis 18.04,2026-04-13,2026-04-18,../images/aldi/aldi_offer_100.jpg,cat_non_food,,,ref_000100,obs_0000023918|obs_0000024340,,,
Lounge-Set,BELAVI,"€ 139,00",,"pro Einheit = 139,00","pro Einheit = 139,00",,Nein,Gültig bis 18.04,2026-04-13,2026-04-18,../images/aldi/aldi_offer_101.jpg,cat_non_food,,,ref_000101,obs_0000000592,,,
Hocker,Belavi,"€ 19,99",,"pro Einheit = 19,99","pro Einheit = 19,99",,Nein,Gültig bis 18.04,2026-04-13,2026-04-18,../images/aldi/aldi_offer_102.jpg,"cat_non_food,tag_ultra_processed",,BLS-P172000,ref_000102,,,,
Stahl-Beistelltisch,BELAVI,"€ 29,99",,"pro Einheit = 29,99","pro Einheit = 29,99",,Nein,Gültig bis 18.04,2026-04-13,2026-04-18,../images/aldi/aldi_offer_103.jpg,"cat_non_food,tag_ultra_processed",,,ref_000103,obs_0000030781|obs_0000023889|obs_0000024317,,,
Dipladenia,Gardenline,"€ 9,99",,"pro Einheit = 9,99","pro Einheit = 9,99",,Nein,Gültig bis 18.04,2026-04-13,2026-04-18,../images/aldi/aldi_offer_104.jpg,"cat_non_food,diet_vegetarian,tag_whole_food",,,ref_000104,obs_0000001593,,,x
Paprika,Gardenline,"€ 1,49",,"pro Einheit = 1,49","pro Einheit = 1,49",,Nein,Gültig bis 18.04,2026-04-13,2026-04-18,../images/aldi/aldi_offer_105.jpg,"cat_obst_gemuese,diet_gluten_free,diet_lactose_free,diet_vegan,diet_vegetarian,sub_frisches_gemuese,tag_whole_food",,,ref_000105,obs_0000027664|obs_0000017942|obs_0000017917|obs_0000033997|obs_0000026665|obs_0000003697|obs_0000034909|obs_0000006271|obs_0000026240|obs_0000028298|obs_0000000156|obs_0000021669|obs_0000034483|obs_0000008911|obs_0000002309|obs_0000027930|obs_0000024866|obs_0000008004|obs_0000019787|obs_0000010611|obs_0000018323|obs_0000028054|obs_0000008120|obs_0000027101|obs_0000016870|obs_0000000499|obs_0000006660|obs_0000034308|obs_0000028803|obs_0000021015|obs_0000013337|obs_0000020551|obs_0000022638|obs_0000011395|obs_0000005804|obs_0000006316|obs_0000033925|obs_0000025827|obs_0000020196|obs_0000009958|obs_0000011002|obs_0000011515|obs_0000027408|obs_0000014102|obs_0000009496|obs_0000034094|obs_0000021819|obs_0000021370|obs_0000031630|obs_0000010150,obs_0000004148|obs_0000002232|obs_0000003425|obs_0000005002|obs_0000004575,,
Rosen,Fairtrade,"€ 2,99",,"pro Einheit = 2,99","pro Einheit = 2,99",,Nein,Gültig bis 18.04,2026-04-13,2026-04-18,../images/aldi/aldi_offer_106.jpg,"cat_non_food,tag_ultra_processed",,BLS-G332100,ref_000106,obs_0000011400|obs_0000008095|obs_0000031904|obs_0000012707|obs_0000014890|obs_0000014126|obs_0000025007|obs_0000001204|obs_0000001208|obs_0000001210|obs_0000013372|obs_0000013374|obs_0000012738|obs_0000000078|obs_0000029391|obs_0000002257|obs_0000003313|obs_0000030373|obs_0000030376|obs_0000031836|obs_0000030046|obs_0000015988|obs_0000013373|obs_0000012733|obs_0000007737,obs_0000031904|obs_0000025007|obs_0000000078|obs_0000002257|obs_0000003313,,
Oleander-Trio,Oleander-Trio,"€ 6,99",,"pro Einheit = 6,99","pro Einheit = 6,99",,Nein,Gültig bis 18.04,2026-04-13,2026-04-18,../images/aldi/aldi_offer_107.jpg,cat_non_food,,,ref_000107,,,,
Katzenstreu Ultra,Cachet,"€ 3,49",,"pro Einheit = 0,44","pro Einheit = 0,44",,Nein,Gültig bis 18.04,2026-04-13,2026-04-18,../images/aldi/aldi_offer_108.jpg,cat_tiernahrung,,,ref_000108,obs_0000000017|obs_0000003734,obs_0000000017|obs_0000003734,,
Fleischsnacks,Romeo Premium,"€ 1,49",,"1 kg = 14,90","1 kg = 14,90",,Nein,Gültig bis 18.04,2026-04-13,2026-04-18,../images/aldi/aldi_offer_109.jpg,"cat_fleisch_wurst,tag_proteinreich,tag_ultra_processed",,,ref_000109,,,,
Katzen-Streufangmatte,ROMEO,"€ 7,99",,"pro Einheit = 7,99","pro Einheit = 7,99",,Nein,Gültig bis 18.04,2026-04-13,2026-04-18,../images/aldi/aldi_offer_110.jpg,cat_non_food,,,ref_000110,,,,
Wurfspielzeug für Hunde,ROMEO,"€ 6,99",,"pro Einheit = 6,99","pro Einheit = 6,99",,Nein,Gültig bis 18.04,2026-04-13,2026-04-18,../images/aldi/aldi_offer_111.jpg,cat_non_food,,,ref_000111,,,,
XXL-Hundebett,Romeo,"€ 19,99",,"pro Einheit = 19,99","pro Einheit = 19,99",,Nein,Gültig bis 18.04,2026-04-13,2026-04-18,../images/aldi/aldi_offer_112.jpg,cat_non_food,,,ref_000112,obs_0000012763|obs_0000013967,,,
Nagelknipser,LACURA,"€ 0,99",,"pro Einheit = 0,99","pro Einheit = 0,99",,Nein,Gültig bis 18.04,2026-04-13,2026-04-18,,cat_non_food,,,ref_000113,,,,
UV-Nagellack,p2 beauty,"€ 2,79",,"pro Einheit = 2,79","pro Einheit = 2,79",,Nein,Gültig bis 18.04,2026-04-13,2026-04-18,../images/aldi/aldi_offer_114.jpg,"cat_non_food,tag_ultra_processed",,,ref_000114,obs_0000033595,,,
Anti-Hornhaut-Socken,Be Routine,"€ 3,99",,"pro Einheit = 53,20","pro Einheit = 53,20",,Nein,Gültig bis 18.04,2026-04-13,2026-04-18,../images/aldi/aldi_offer_115.jpg,cat_non_food,,,ref_000115,obs_0000011300|obs_0000001624|obs_0000023153|obs_0000001173|obs_0000024304|obs_0000000756|obs_0000000758|obs_0000000765|obs_0000023885|obs_0000001375|obs_0000001405|obs_0000000967,,,
Badekugeln Relax,Lacura,"€ 1,99",,"1 kg = 13,27","1 kg = 13,27",,Nein,Gültig bis 18.04,2026-04-13,2026-04-18,../images/aldi/aldi_offer_116.jpg,"cat_non_food,diet_vegan,diet_vegetarian,tag_whole_food",,,ref_000116,,,,
Press-on-Nails,p2 beauty,"€ 4,19",,"pro Einheit = 4,19","pro Einheit = 4,19",,Nein,Gültig bis 18.04,2026-04-13,2026-04-18,../images/aldi/aldi_offer_117.jpg,"cat_getraenke,diet_vegetarian,tag_ultra_processed",,,ref_000117,,,,
Arganöl Nachtcreme,Lacura,"€ 2,39",,"1 l = 47,80","1 l = 47,80",,Nein,Gültig bis 18.04,2026-04-13,2026-04-18,../images/aldi/aldi_offer_118.jpg,cat_drogerie,,,ref_000118,,,,
Sahnejoghurt Erdbeere,Zott,"€ 0,44",,"1 kg = 3,14","1 kg = 3,14",,Nein,Gültig bis 18.04,2026-04-13,2026-04-18,../images/aldi/aldi_offer_119.jpg,"cat_molkerei_kaese,diet_vegetarian,sub_joghurt_skyr_quark,sub_milchprodukte,sub_sahne_creme,tag_ultra_processed",,,ref_000119,obs_0000016418|obs_0000018939|obs_0000020028|obs_0000008274|obs_0000009812|obs_0000025172|obs_0000009343|obs_0000021238|obs_0000003482|obs_0000002460|obs_0000034729|obs_0000020419|obs_0000026614,,,
Käsescheiben,Old Amsterdam,"€ 2,29",,"pro Einheit = 17,62","pro Einheit = 17,62",,Nein,Gültig bis 18.04,2026-04-13,2026-04-18,../images/aldi/aldi_offer_120.jpg,"cat_molkerei_kaese,sub_kaese,sub_milchprodukte",,,ref_000120,obs_0000000993|obs_0000017666|obs_0000020870|obs_0000027787|obs_0000031123|obs_0000025113|obs_0000018205|obs_0000001181|obs_0000002335|obs_0000027170|obs_0000016810|obs_0000034730|obs_0000031666|obs_0000020412|obs_0000024639|obs_0000022214|obs_0000033991|obs_0000002763|obs_0000020051|obs_0000002664|obs_0000026217|obs_0000021231|obs_0000025206|obs_0000016774|obs_0000017161|obs_0000004115|obs_0000000405|obs_0000014493|obs_0000019487|obs_0000020768|obs_0000007977|obs_0000019371|obs_0000017591|obs_0000004542|obs_0000021823|obs_0000032080|obs_0000021587|obs_0000032339|obs_0000018774|obs_0000029794|obs_0000004969|obs_0000002160|obs_0000026864|obs_0000025207|obs_0000007162|obs_0000006286|obs_0000026787|obs_0000026584|obs_0000007170|obs_0000007782,obs_0000017666|obs_0000020870|obs_0000027787|obs_0000031123|obs_0000025113|obs_0000018205|obs_0000001181|obs_0000002335|obs_0000027170|obs_0000016810|obs_0000034730|obs_0000031666|obs_0000020412|obs_0000024639|obs_0000022214|obs_0000033991|obs_0000002763|obs_0000020051|obs_0000000993|obs_0000002664|obs_0000026217|obs_0000021231|obs_0000025206,,
Camembert L Original,PR SIDENT,"€ 2,59",,"1 kg = 10,36","1 kg = 10,36",,Nein,Gültig bis 18.04,2026-04-13,2026-04-18,../images/aldi/aldi_offer_121.jpg,"cat_molkerei_kaese,sub_kaese,sub_milchprodukte,tag_ultra_processed",,,ref_000121,obs_0000028730|obs_0000020611|obs_0000012423|obs_0000006283|obs_0000026772|obs_0000034979|obs_0000026832|obs_0000028896|obs_0000035052|obs_0000026982|obs_0000027005|obs_0000010626|obs_0000027048|obs_0000031154|obs_0000021000|obs_0000008777|obs_0000021117|obs_0000008906|obs_0000015051|obs_0000021430|obs_0000025547|obs_0000033763|obs_0000017384|obs_0000013325|obs_0000019505|obs_0000031800|obs_0000025705|obs_0000009334|obs_0000015502|obs_0000027791|obs_0000033975|obs_0000021758|obs_0000009525|obs_0000021868|obs_0000017799|obs_0000026035|obs_0000022184|obs_0000020181|obs_0000034561|obs_0000009987|obs_0000028429|obs_0000034575|obs_0000016167|obs_0000020298|obs_0000028516|obs_0000010117|obs_0000014249|obs_0000028630,,,
Mozzarella,Galbani,"€ 0,99",,"pro Einheit = 7,92","pro Einheit = 7,92",,Nein,Gültig bis 18.04,2026-04-13,2026-04-18,../images/aldi/aldi_offer_122.jpg,"cat_molkerei_kaese,diet_vegetarian,sub_kaese,sub_milchprodukte,sub_sahne_creme",,BLS-X208312,ref_000122,obs_0000024894|obs_0000018366|obs_0000022485|obs_0000018430|obs_0000022609|obs_0000033882|obs_0000001647|obs_0000018031|obs_0000023202|obs_0000024234|obs_0000022241|obs_0000023806|obs_0000011043|obs_0000000816|obs_0000009077|obs_0000022394|obs_0000027551|obs_0000016326|obs_0000027613|obs_0000012801|obs_0000008404|obs_0000019264|obs_0000015804|obs_0000013310|obs_0000018433|obs_0000025133|obs_0000031811|obs_0000018512|obs_0000022110|obs_0000033891|obs_0000022631|obs_0000030318|obs_0000011891|obs_0000009868|obs_0000032402|obs_0000020638|obs_0000023201|obs_0000018599|obs_0000028850|obs_0000034980|obs_0000009408|obs_0000011471|obs_0000031442|obs_0000034515|obs_0000021741|obs_0000023292|obs_0000027907|obs_0000031521|obs_0000028470|obs_0000025413,obs_0000018430|obs_0000022609|obs_0000033882|obs_0000001647|obs_0000018031|obs_0000023202|obs_0000024234|obs_0000022241|obs_0000023806|obs_0000011043|obs_0000000816|obs_0000024894|obs_0000009077|obs_0000007546|obs_0000022394|obs_0000027551|obs_0000018366|obs_0000016326|obs_0000022485|obs_0000027613|obs_0000006628,,
Hüttenkäse Original,Gervais,"€ 1,29",,"1 kg = 6,45","1 kg = 6,45",,Nein,Gültig bis 18.04,2026-04-13,2026-04-18,../images/aldi/aldi_offer_123.jpg,"cat_molkerei_kaese,sub_kaese,sub_milchprodukte,tag_ultra_processed",,,ref_000123,obs_0000018182|obs_0000024689|obs_0000010478|obs_0000015686|obs_0000028730|obs_0000020611|obs_0000012423|obs_0000006283|obs_0000026772|obs_0000026832|obs_0000028896|obs_0000035052|obs_0000027005|obs_0000027048|obs_0000021000|obs_0000008777|obs_0000021117|obs_0000008906|obs_0000015051|obs_0000021430|obs_0000025547|obs_0000033763|obs_0000017384|obs_0000013325|obs_0000019505|obs_0000031800|obs_0000025705|obs_0000009334|obs_0000015502|obs_0000027791|obs_0000033975|obs_0000021758|obs_0000009525|obs_0000021868|obs_0000017799|obs_0000026035|obs_0000022184|obs_0000020181|obs_0000034561|obs_0000009987|obs_0000028429|obs_0000034575|obs_0000016167|obs_0000020298|obs_0000028516|obs_0000010117|obs_0000014249|obs_0000028630,obs_0000018182,,
Sesam Vollkorn,Wasa,"€ 1,79",,"1 kg = 8,95","1 kg = 8,95",,Nein,Gültig bis 18.04,2026-04-13,2026-04-18,../images/aldi/aldi_offer_124.jpg,"cat_grundnahrung,diet_vegan,diet_vegetarian,tag_whole_food",,,ref_000124,obs_0000028661|obs_0000028544|obs_0000029709|obs_0000032662|obs_0000029033,obs_0000029709|obs_0000032662|obs_0000029033|obs_0000028661|obs_0000028544,,
H-Milch 3 5 Fett,Landliebe,"€ 0,99",,"pro Einheit = 0,99","pro Einheit = 0,99",,Nein,Gültig bis 18.04,2026-04-13,2026-04-18,../images/aldi/aldi_offer_125.jpg,"cat_molkerei_kaese,diet_gluten_free,diet_lactose_free,diet_vegetarian,sub_milchprodukte,sub_sahne_creme",,,ref_000125,obs_0000033695|obs_0000003614|obs_0000000796|obs_0000014372|obs_0000001632|obs_0000010924|obs_0000033979|obs_0000026178,obs_0000033695,,
Butter,Landliebe,"€ 1,39",,"1 kg = 5,56","1 kg = 5,56",,Nein,Gültig bis 18.04,2026-04-13,2026-04-18,../images/aldi/aldi_offer_126.jpg,"cat_molkerei_kaese,diet_vegetarian,sub_butter_margarine,sub_kaese,sub_milchprodukte,sub_sahne_creme,tag_ultra_processed",,NUTR-0011,ref_000126,obs_0000024620|obs_0000002676|obs_0000010409|obs_0000026359|obs_0000027517|obs_0000018391|obs_0000000997|obs_0000003591|obs_0000019493|obs_0000031786|obs_0000003636|obs_0000002620|obs_0000000107|obs_0000034970|obs_0000003267|obs_0000011467|obs_0000018644|obs_0000008456|obs_0000011042|obs_0000013125|obs_0000018772|obs_0000008556|obs_0000009075|obs_0000001425|obs_0000027049|obs_0000017835|obs_0000021984|obs_0000022502|obs_0000012797|obs_0000003593|obs_0000001554|obs_0000023593|obs_0000027188|obs_0000018431|obs_0000018490|obs_0000018502|obs_0000016977|obs_0000023640|obs_0000007771|obs_0000017501|obs_0000025201|obs_0000018556|obs_0000021127|obs_0000000141|obs_0000020622|obs_0000025744|obs_0000000669|obs_0000007329|obs_0000009892|obs_0000000170,obs_0000003591|obs_0000019493|obs_0000031786|obs_0000024620|obs_0000003636|obs_0000002620|obs_0000000107|obs_0000002676|obs_0000010409|obs_0000034970|obs_0000003267|obs_0000011467|obs_0000018644|obs_0000005333|obs_0000026359|obs_0000008456|obs_0000011042|obs_0000013125|obs_0000018772|obs_0000008556|obs_0000009075|obs_0000027517|obs_0000001425|obs_0000027049|obs_0000017835|obs_0000018391|obs_0000021984|obs_0000000997|obs_0000022502|obs_0000012797,,
Konfitüre Erdbeeren,Landliebe,"€ 1,99",,"1 kg = 5,85","1 kg = 5,85",,Nein,Gültig bis 18.04,2026-04-13,2026-04-18,../images/aldi/aldi_offer_127.jpg,"cat_molkerei_kaese,diet_gluten_free,diet_lactose_free,diet_vegan,diet_vegetarian,sub_milchprodukte,tag_whole_food",,,ref_000127,obs_0000026193|obs_0000008202|obs_0000031261|obs_0000006265|obs_0000000136|obs_0000030915|obs_0000031462|obs_0000016124|obs_0000032512|obs_0000006408|obs_0000027419|obs_0000029494|obs_0000031576|obs_0000030564|obs_0000000875|obs_0000022919|obs_0000030617|obs_0000013749|obs_0000024529|obs_0000014805,obs_0000010128,,
Doppeldecker Schoko Vanille,Müller,"€ 0,99",,"1 kg = 1,98","1 kg = 1,98",,Nein,Gültig bis 18.04,2026-04-13,2026-04-18,../images/aldi/aldi_offer_128.jpg,"cat_knabbern_naschen,diet_vegetarian,sub_milchprodukte,sub_sahne_creme,tag_ultra_processed",,,ref_000128,obs_0000026590|obs_0000000994,obs_0000026590,,
Magnum-Bonbon,Langnese,"€ 3,79",,"pro Einheit = 18,58","pro Einheit = 18,58",,Nein,Gültig bis 18.04,2026-04-13,2026-04-18,../images/aldi/aldi_offer_129.jpg,"cat_tiefkuehl,sub_tk_eis,tag_ultra_processed",,,ref_000129,obs_0000029700|obs_0000024079|obs_0000015273|obs_0000024496|obs_0000020800|obs_0000022474|obs_0000011489|obs_0000010096|obs_0000021619,obs_0000029700,,
Happy Hippo Haselnuss,Kinder,"€ 1,89",,"pro Einheit = 1,89","pro Einheit = 1,89",,Nein,Gültig bis 18.04,2026-04-13,2026-04-18,../images/aldi/aldi_offer_130.jpg,"cat_knabbern_naschen,diet_vegetarian,tag_ultra_processed",,,ref_000130,obs_0000024699|obs_0000015031|obs_0000022597|obs_0000001243,,,
Kalinka-Kefir,Müller,"€ 0,79",,"pro Einheit = 1,58","pro Einheit = 1,58",,Nein,Gültig bis 18.04,2026-04-13,2026-04-18,../images/aldi/aldi_offer_131.jpg,"cat_molkerei_kaese,diet_vegetarian,sub_joghurt_skyr_quark,sub_milchprodukte,tag_ultra_processed",,,ref_000131,obs_0000024487|obs_0000024063|obs_0000026129|obs_0000017461|obs_0000010395|obs_0000026792|obs_0000002679|obs_0000029118|obs_0000011046,obs_0000024487|obs_0000029118|obs_0000024063,,
Kinder Maxi King,Ferrero,"€ 1,49",,"1 kg = 14,19","1 kg = 14,19",,Nein,Gültig bis 18.04,2026-04-13,2026-04-18,../images/aldi/aldi_offer_132.jpg,"cat_knabbern_naschen,diet_vegetarian,tag_ultra_processed",,,ref_000132,obs_0000010506|obs_0000025227|obs_0000027488|obs_0000031664|obs_0000008052|obs_0000032535|obs_0000026635|obs_0000034715|obs_0000031434|obs_0000023743|obs_0000024167,obs_0000026635|obs_0000010506|obs_0000025227|obs_0000027488|obs_0000031664|obs_0000032535|obs_0000008052,,
Caff Latte,Starbucks,"€ 2,79",,"pro Einheit = 3,72","pro Einheit = 3,72",,Nein,Gültig bis 18.04,2026-04-13,2026-04-18,../images/aldi/aldi_offer_133.jpg,"cat_non_food,diet_vegetarian,tag_ultra_processed",,,ref_000133,obs_0000034937|obs_0000012311|obs_0000014943|obs_0000013547|obs_0000031138|obs_0000026673|obs_0000021561|obs_0000025671|obs_0000030807|obs_0000031422|obs_0000020742|obs_0000027478|obs_0000014212|obs_0000010469|obs_0000004631|obs_0000004204|obs_0000005058|obs_0000000467,obs_0000012311|obs_0000030807|obs_0000014943|obs_0000034937|obs_0000013547|obs_0000002454|obs_0000031138,,
Milch-Mäuse-Hörnchen,Meine Kuchen Welt,"€ 1,59",,"1 kg = 6,63","1 kg = 6,63",,Nein,Gültig bis 18.04,2026-04-13,2026-04-18,../images/aldi/aldi_offer_134.jpg,"cat_knabbern_naschen,diet_vegetarian,tag_ultra_processed",,,ref_000134,obs_0000001106|obs_0000004692|obs_0000004265|obs_0000000223|obs_0000003838|obs_0000001546|obs_0000004125|obs_0000004641|obs_0000002088|obs_0000004214|obs_0000003706|obs_0000002283|obs_0000002358|obs_0000003406|obs_0000004979|obs_0000000413|obs_0000004552|obs_0000005068|obs_0000003614|obs_0000026178|obs_0000000796,,,
Getrocknete Apfelchips,AldiAmo,"€ 1,49",,"1 kg = 21,29","1 kg = 21,29",,Nein,Gültig bis 18.04,2026-04-13,2026-04-18,../images/aldi/aldi_offer_135.jpg,"cat_knabbern_naschen,diet_gluten_free,diet_lactose_free,diet_vegan,diet_vegetarian,tag_ultra_processed",,,ref_000135,obs_0000031716,,,
Cheese Cracker Creamy Cheese,FUNNY-FRISCH,"€ 1,49",,"1 kg = 14,90","1 kg = 14,90",,Nein,Gültig bis 18.04,2026-04-13,2026-04-18,../images/aldi/aldi_offer_136.jpg,"cat_knabbern_naschen,tag_ultra_processed",,,ref_000136,obs_0000015892|obs_0000012384|obs_0000011380|obs_0000013564|obs_0000010537|obs_0000026987|obs_0000003528,,,x
Bruschette-Chips,Maretti,"€ 1,49",,"1 kg = 9,93","1 kg = 9,93",,Nein,Gültig bis 18.04,2026-04-13,2026-04-18,../images/aldi/aldi_offer_137.jpg,"cat_knabbern_naschen,tag_ultra_processed",,,ref_000137,obs_0000028950|obs_0000007686|obs_0000014595|obs_0000014349|obs_0000034193|obs_0000002584|obs_0000035109|obs_0000023296|obs_0000003161|obs_0000031705|obs_0000011110|obs_0000033655,obs_0000007686|obs_0000028950,,
Tennessee Blackberry,Jack Daniel's,"€ 14,99",,"pro Einheit = 21,41","pro Einheit = 21,41",,Nein,Gültig bis 18.04,2026-04-13,2026-04-18,../images/aldi/aldi_offer_138.jpg,"cat_getraenke,diet_vegetarian,tag_ultra_processed",,,ref_000138,,,,x
Kräuterspirituose,Underberg,"€ 7,99",,"1 l = 30,73","1 l = 30,73",,Nein,Gültig bis 18.04,2026-04-13,2026-04-18,../images/aldi/aldi_offer_139.jpg,cat_getraenke,,,ref_000139,,,,
Tiroler Speck g g A,Handl Tyrol,"€ 1,99",,"1 kg = 24,88","1 kg = 24,88",,Nein,Gültig bis 18.04,2026-04-13,2026-04-18,../images/aldi/aldi_offer_140.jpg,"cat_fleisch_wurst,sub_schwein",,,ref_000140,obs_0000003236|obs_0000002372,obs_0000023171|obs_0000022813,,
Barbarie-Entenbrustfilet,Gourmet Finest Cuisine,"€ 5,99",,"1 kg = 27,23","1 kg = 27,23",,Nein,Gültig bis 18.04,2026-04-13,2026-04-18,../images/aldi/aldi_offer_141.jpg,"cat_fleisch_wurst,diet_gluten_free,diet_lactose_free,sub_gefluegel,tag_high_protein,tag_proteinreich",,,ref_000141,obs_0000004700|obs_0000004273|obs_0000002300|obs_0000003846|obs_0000003384|obs_0000018435|obs_0000017435|obs_0000018821|obs_0000028761|obs_0000028099,obs_0000018435|obs_0000017435|obs_0000004700|obs_0000004273|obs_0000002300|obs_0000003846|obs_0000003384|obs_0000018821,,
Salami-Chips Chili,Landbeck,"€ 1,89",,"1 kg = 18,90","1 kg = 18,90",,Nein,Gültig bis 18.04,2026-04-13,2026-04-18,../images/aldi/aldi_offer_142.jpg,"cat_fleisch_wurst,sub_wurst,tag_ultra_processed",,,ref_000142,obs_0000002611|obs_0000003239|obs_0000028863|obs_0000014349|obs_0000035109|obs_0000010316|obs_0000016602|obs_0000008425|obs_0000002285|obs_0000014595|obs_0000026898|obs_0000016755|obs_0000031198|obs_0000002584|obs_0000014932|obs_0000019030|obs_0000023205|obs_0000021226|obs_0000023296|obs_0000011010|obs_0000025355|obs_0000017184|obs_0000011110|obs_0000033655|obs_0000002957|obs_0000031705|obs_0000017375|obs_0000003161|obs_0000019666|obs_0000003307|obs_0000025934|obs_0000034176|obs_0000034193|obs_0000028273|obs_0000005781|obs_0000007987|obs_0000008039|obs_0000020407|obs_0000016328|obs_0000010234,,,
Pizza Kräuter,Le Gusto,"€ 0,99",,"1 kg = 12375,00","1 kg = 12375,00",,Nein,Gültig bis 18.04,2026-04-13,2026-04-18,../images/aldi/aldi_offer_143.jpg,"cat_tiefkuehl,sub_kaese,sub_kraeuter,sub_milchprodukte,sub_tk_pizza,tag_ultra_processed",,,ref_000143,obs_0000002274|obs_0000002843|obs_0000012814|obs_0000013341|obs_0000000636|obs_0000023186|obs_0000025810|obs_0000005867|obs_0000009967|obs_0000009506|obs_0000010530|obs_0000011054|obs_0000034623|obs_0000001352|obs_0000013754,,,
Toasty Hähnchenbrustfilet,Tillman s,"€ 2,79",,"1 kg = 9,96","1 kg = 9,96",,Nein,Gültig bis 18.04,2026-04-13,2026-04-18,../images/aldi/aldi_offer_144.jpg,"cat_fleisch_wurst,diet_gluten_free,diet_lactose_free,sub_gefluegel,tag_high_protein,tag_proteinreich",,BLS-V416100,ref_000144,obs_0000019089|obs_0000020359|obs_0000016696|obs_0000021178|obs_0000023746|obs_0000022983|obs_0000002135|obs_0000021847|obs_0000024164|obs_0000027673|obs_0000026273|obs_0000010961|obs_0000002542|obs_0000005613,obs_0000019089,,
Schnitzel,Valess,"€ 1,99",,"1 kg = 12,44","1 kg = 12,44",,Nein,Gültig bis 18.04,2026-04-13,2026-04-18,../images/aldi/aldi_offer_145.jpg,"cat_fleisch_wurst,sub_schwein,tag_ultra_processed",,BLS-U741100,ref_000145,obs_0000005251|obs_0000000700|obs_0000001521|obs_0000000622|obs_0000027265|obs_0000030209|obs_0000000651|obs_0000020107|obs_0000030221|obs_0000001041|obs_0000022802|obs_0000000159|obs_0000029604|obs_0000031913|obs_0000028973|obs_0000026158|obs_0000001077|obs_0000017973|obs_0000020926|obs_0000000854|obs_0000000730|obs_0000026970|obs_0000025313|obs_0000002786|obs_0000027620|obs_0000001906|obs_0000027124|obs_0000026235|obs_0000001047|obs_0000001817|obs_0000007837|obs_0000032551|obs_0000007594|obs_0000031535|obs_0000031663|obs_0000006194|obs_0000030904|obs_0000029641|obs_0000010187|obs_0000006351|obs_0000000724|obs_0000000852|obs_0000031586|obs_0000031112|obs_0000012820|obs_0000030497|obs_0000000827|obs_0000029647|obs_0000029148|obs_0000031199,obs_0000005251|obs_0000000700|obs_0000001521,,
Simmentaler Steaks,Meine Metzgerei,"€ 8,99",,"1 kg = 26,99","1 kg = 26,99",,Nein,Gültig bis 18.04,2026-04-13,2026-04-18,../images/aldi/aldi_offer_146.jpg,"cat_fleisch_wurst,sub_kaese,sub_schwein",,,ref_000146,,obs_0000002828|obs_0000003005,,
Sahne-Heringsfilets,Nadler,"€ 2,79",,"1 kg = 5,58","1 kg = 5,58",,Nein,Gültig bis 18.04,2026-04-13,2026-04-18,../images/aldi/aldi_offer_147.jpg,"cat_fisch_meeresfruechte,sub_sahne_creme",,,ref_000147,obs_0000001645|obs_0000019086|obs_0000001196|obs_0000023376|obs_0000034144|obs_0000011350|obs_0000008976|obs_0000030810|obs_0000032556|obs_0000015371|obs_0000034417|obs_0000002730|obs_0000027864|obs_0000034021,obs_0000030810|obs_0000001645|obs_0000019086|obs_0000001196|obs_0000032556|obs_0000023376|obs_0000034144|obs_0000027623,,
Kraft Aktiv Limited Edition Kloropa Reise,WC Frisch,"€ 4,49",,"1 kg = 22,45","1 kg = 22,45",,Nein,Gültig bis 18.04,2026-04-13,2026-04-18,../images/aldi/aldi_offer_148.jpg,cat_drogerie,,,ref_000148,obs_0000004613|obs_0000010769|obs_0000032802|obs_0000015959|obs_0000004186|obs_0000008795|obs_0000015106|obs_0000000812|obs_0000011605|obs_0000005040|obs_0000000452|obs_0000015308|obs_0000014287,,,
Backfisch,Golden Seafood,"€ 5,49",,"1 kg = 9,80","1 kg = 9,80",,Nein,Gültig bis 18.04,2026-04-13,2026-04-18,../images/aldi/aldi_offer_149.jpg,"cat_fisch_meeresfruechte,diet_lactose_free,tag_proteinreich",,BLS-R459000,ref_000149,obs_0000001988|obs_0000002923|obs_0000002293|obs_0000027654|obs_0000018322|obs_0000026155|obs_0000000713|obs_0000028673|obs_0000028553|obs_0000022416|obs_0000018462|obs_0000031419|obs_0000014937|obs_0000022503|obs_0000030852|obs_0000006661|obs_0000029702|obs_0000005203|obs_0000010938,obs_0000001988|obs_0000002923,,
7 Kräuter Shampoo,Schauma,"€ 2,79",,"pro Einheit = 3,72","pro Einheit = 3,72",,Nein,Gültig bis 18.04,2026-04-13,2026-04-18,../images/aldi/aldi_offer_150.jpg,"cat_drogerie,sub_kraeuter,sub_milchprodukte",,,ref_000150,obs_0000000636|obs_0000028680|obs_0000012814|obs_0000034854|obs_0000009796|obs_0000032840|obs_0000004179|obs_0000033372|obs_0000009325|obs_0000019053|obs_0000032877|obs_0000024178|obs_0000033398|obs_0000021647|obs_0000010913|obs_0000033460|obs_0000023755|obs_0000002274|obs_0000009955|obs_0000009967|obs_0000033529|obs_0000021764|obs_0000034052|obs_0000035066|obs_0000009494|obs_0000002843|obs_0000009506|obs_0000033059|obs_0000011054|obs_0000034623|obs_0000033092|obs_0000001352|obs_0000033623|obs_0000011610|obs_0000020828|obs_0000034662|obs_0000033133|obs_0000033649|obs_0000001916|obs_0000008067|obs_0000028560|obs_0000033168|obs_0000005033|obs_0000010154|obs_0000013754|obs_0000000446|obs_0000033215|obs_0000034239|obs_0000033227|obs_0000033237,,,
Erdnüsse,Ültje,"€ 3,33",,"1 kg = 7,40","1 kg = 7,40",,Nein,Gültig bis 18.04,2026-04-13,2026-04-18,../images/aldi/aldi_offer_151.jpg,"cat_knabbern_naschen,diet_gluten_free,diet_lactose_free,diet_vegan,diet_vegetarian,sub_huelsenfruechte,tag_high_protein,tag_proteinreich",,BLS-Q210000,ref_000151,obs_0000000013|obs_0000003728|obs_0000011550|obs_0000008481|obs_0000001319|obs_0000013618|obs_0000027959|obs_0000019397|obs_0000019492|obs_0000026796|obs_0000032179|obs_0000031681|obs_0000026308|obs_0000027867|obs_0000010727|obs_0000018211|obs_0000028549|obs_0000028666|obs_0000018565|obs_0000003465|obs_0000009228|obs_0000022799|obs_0000008092|obs_0000004647|obs_0000022065|obs_0000007489|obs_0000010439|obs_0000006602|obs_0000030669|obs_0000005074|obs_0000012244|obs_0000018136|obs_0000006234|obs_0000026588|obs_0000015325|obs_0000008186|obs_0000000481|obs_0000027115|obs_0000030315|obs_0000009709|obs_0000004220|obs_0000007188|obs_0000001449|obs_0000008876|obs_0000001722|obs_0000031609,obs_0000000013|obs_0000003728|obs_0000011550|obs_0000008481|obs_0000019492|obs_0000001319|obs_0000026796|obs_0000013618|obs_0000032179|obs_0000027959|obs_0000031681|obs_0000007489|obs_0000026308|obs_0000019397|obs_0000030669|obs_0000006234|obs_0000027867|obs_0000010727,,
Schwarzwälder Schinken,Gut Drei Eichen,"€ 2,49",,"1 kg = 9,96","1 kg = 9,96",,Nein,Gültig bis 18.04,2026-04-13,2026-04-18,../images/aldi/aldi_offer_152.jpg,"cat_fleisch_wurst,sub_schwein,sub_wurst,tag_ultra_processed",,BLS-W442000,ref_000152,obs_0000001644|obs_0000007217|obs_0000014479|obs_0000007844|obs_0000033965|obs_0000028343|obs_0000011450|obs_0000027841|obs_0000010447|obs_0000026362|obs_0000005410|obs_0000031183|obs_0000002630|obs_0000004753|obs_0000004326|obs_0000003311|obs_0000003899|obs_0000011855|obs_0000025522|obs_0000019960|obs_0000034378|obs_0000029286|obs_0000028387|obs_0000016624|obs_0000030964|obs_0000017657|obs_0000006532,obs_0000007217|obs_0000002630|obs_0000011855|obs_0000001644|obs_0000014479|obs_0000004753|obs_0000007844|obs_0000033965|obs_0000028343|obs_0000011450|obs_0000027841|obs_0000010447|obs_0000004326|obs_0000003311|obs_0000026362|obs_0000005410|obs_0000003899,,
Vitalis-Müsli Knusper Klassisch,Dr. Oetker,"€ 5,49",,"pro Einheit = 5,49","pro Einheit = 5,49",,Nein,Gültig bis 18.04,2026-04-13,2026-04-18,../images/aldi/aldi_offer_153.jpg,"cat_grundnahrung,tag_ultra_processed",,,ref_000153,obs_0000012371|obs_0000002264|obs_0000010504|obs_0000018726|obs_0000024890|obs_0000027043|obs_0000017402|obs_0000023641|obs_0000003356|obs_0000021998|obs_0000018058|obs_0000002461|obs_0000003412|obs_0000013314|obs_0000014570|obs_0000010536|obs_0000020845|obs_0000027228|obs_0000025199|obs_0000021664|obs_0000013793|obs_0000014004,,,x
Trio-Caps,Weißer Riese,"€ 11,99",,"pro Einheit = 11,99","pro Einheit = 11,99",,Nein,Gültig bis 18.04,2026-04-13,2026-04-18,../images/aldi/aldi_offer_154.jpg,"cat_getraenke,diet_vegetarian",,,ref_000154,obs_0000000753|obs_0000004005|obs_0000000333|obs_0000004432|obs_0000004859,obs_0000000753,,
Puten-Schnitzel Wiener Art,Meine Metzgerei,"€ 7,49",,"1 kg = 9,36","1 kg = 9,36",,Nein,Gültig bis 18.04,2026-04-13,2026-04-18,../images/aldi/aldi_offer_155.jpg,"cat_fleisch_wurst,sub_gefluegel,sub_schwein",,,ref_000155,obs_0000000827|obs_0000000159|obs_0000022802|obs_0000028973|obs_0000027620|obs_0000031913|obs_0000030221|obs_0000026235|obs_0000000700|obs_0000001521|obs_0000031788|obs_0000005251,obs_0000002052|obs_0000000827|obs_0000001310|obs_0000001522,,x
2-in-1-Haustierbett,ROMEO,"€ 6,99",,"pro Einheit = 6,99","pro Einheit = 6,99",,Nein,Gültig bis 18.04,2026-04-13,2026-04-18,../images/aldi/aldi_offer_156.jpg,cat_non_food,,,ref_000156,,,,
Faltbare Haustiermatte,ROMEO,"€ 4,99",,"pro Einheit = 4,99","pro Einheit = 4,99",,Nein,Gültig bis 18.04,2026-04-13,2026-04-18,../images/aldi/aldi_offer_157.jpg,"cat_non_food,diet_vegetarian,sub_milchprodukte",,,ref_000157,,,,
Helle Schokolade,Moser Roth,"€ 2,19",,"1 kg = 17,52","1 kg = 17,52",,Nein,Gültig bis 18.04,2026-04-13,2026-04-18,../images/aldi/aldi_offer_158.jpg,"cat_knabbern_naschen,diet_vegetarian,tag_ultra_processed",,,ref_000158,obs_0000004665|obs_0000004238|obs_0000003024|obs_0000005092|obs_0000000493|obs_0000011783|obs_0000015893|obs_0000027700|obs_0000013879|obs_0000028232|obs_0000013394|obs_0000028244|obs_0000028249|obs_0000000091|obs_0000015454|obs_0000004705|obs_0000034408|obs_0000031849|obs_0000034411|obs_0000017539|obs_0000025221|obs_0000000138|obs_0000025739|obs_0000008861|obs_0000015026|obs_0000004278|obs_0000017595|obs_0000021699|obs_0000017605|obs_0000034013|obs_0000000230|obs_0000018155|obs_0000003326|obs_0000004873|obs_0000018698|obs_0000003851|obs_0000014104|obs_0000010522|obs_0000002336|obs_0000033056|obs_0000031011|obs_0000021291|obs_0000016691|obs_0000004446|obs_0000011112|obs_0000008595|obs_0000008610|obs_0000004019|obs_0000006579|obs_0000010166,obs_0000004665|obs_0000004238|obs_0000003024|obs_0000005092|obs_0000000493,,
Chocolat Cr ation,Moser Roth,"€ 2,59",,"1 kg = 20,72","1 kg = 20,72",,Nein,Gültig bis 18.04,2026-04-13,2026-04-18,../images/aldi/aldi_offer_159.jpg,"cat_knabbern_naschen,tag_ultra_processed",,,ref_000159,obs_0000004774|obs_0000002747|obs_0000004347|obs_0000000280|obs_0000003920|obs_0000001246,obs_0000004774|obs_0000002747|obs_0000004347|obs_0000000280|obs_0000003920,,
Edelbitter-Schokolade,Moser Roth,"€ 2,19",,"1 kg = 17,52","1 kg = 17,52",,Nein,Gültig bis 18.04,2026-04-13,2026-04-18,../images/aldi/aldi_offer_160.jpg,"cat_knabbern_naschen,diet_vegetarian,tag_ultra_processed",,BLS-S570000,ref_000160,obs_0000001098|obs_0000004132|obs_0000004986|obs_0000000418|obs_0000004559|obs_0000011783|obs_0000015893|obs_0000027700|obs_0000013879|obs_0000028232|obs_0000013394|obs_0000028244|obs_0000028249|obs_0000000091|obs_0000015454|obs_0000004705|obs_0000034408|obs_0000031849|obs_0000034411|obs_0000017539|obs_0000025221|obs_0000000138|obs_0000025739|obs_0000008861|obs_0000015026|obs_0000004278|obs_0000017595|obs_0000021699|obs_0000017605|obs_0000034013|obs_0000000230|obs_0000018155|obs_0000003326|obs_0000004873|obs_0000018698|obs_0000003851|obs_0000014104|obs_0000010522|obs_0000002336|obs_0000033056|obs_0000031011|obs_0000021291|obs_0000016691|obs_0000004446|obs_0000011112|obs_0000008595|obs_0000008610|obs_0000004019|obs_0000006579|obs_0000010166,obs_0000004132|obs_0000001098|obs_0000004986|obs_0000000418|obs_0000004559,,
Frucht- Nuss-Schokolade Ingwer Limette,Moser Roth,"€ 2,19",,"1 kg = 17,52","1 kg = 17,52",,Nein,Gültig bis 18.04,2026-04-13,2026-04-18,../images/aldi/aldi_offer_161.jpg,"cat_knabbern_naschen,diet_gluten_free,diet_lactose_free,diet_vegan,diet_vegetarian,tag_ultra_processed",,,ref_000161,obs_0000007992|obs_0000028059,,,
Edel Bitter 90 Cacao,Moser Roth,"€ 2,19",,"1 kg = 17,52","1 kg = 17,52",,Nein,Gültig bis 18.04,2026-04-13,2026-04-18,../images/aldi/aldi_offer_162.jpg,"cat_knabbern_naschen,diet_vegetarian,tag_ultra_processed",,,ref_000162,obs_0000001095|obs_0000001242|obs_0000013043,obs_0000001095|obs_0000001242,,
Feine Genussmomente ohne Alkohol,Moser Roth,"€ 3,69",,"1 kg = 20,50","1 kg = 20,50",,Nein,Gültig bis 18.04,2026-04-13,2026-04-18,../images/aldi/aldi_offer_163.jpg,"cat_getraenke,diet_gluten_free,diet_lactose_free,diet_vegan,diet_vegetarian,tag_whole_food",,,ref_000163,obs_0000001263,,,
Schokolade Mousse au Chocolat,Moser Roth,"€ 2,59",,"1 kg = 17,27","1 kg = 17,27",,Nein,Gültig bis 18.04,2026-04-13,2026-04-18,../images/aldi/aldi_offer_164.jpg,"cat_knabbern_naschen,diet_vegetarian,tag_ultra_processed",,,ref_000164,obs_0000001096|obs_0000004880|obs_0000002857|obs_0000000346|obs_0000004453|obs_0000004026|obs_0000001241|obs_0000024622|obs_0000002144|obs_0000020652|obs_0000002317|obs_0000025433|obs_0000021471|obs_0000034905|obs_0000034878|obs_0000032489|obs_0000011783|obs_0000019981|obs_0000015380|obs_0000015893|obs_0000027700|obs_0000013879|obs_0000028232|obs_0000013394|obs_0000017492|obs_0000000091|obs_0000028244|obs_0000015454|obs_0000004705|obs_0000028249|obs_0000034408|obs_0000031849|obs_0000034411|obs_0000034013|obs_0000017539|obs_0000025221|obs_0000000138|obs_0000025739|obs_0000008861|obs_0000015026|obs_0000004278|obs_0000017595|obs_0000021699|obs_0000017605|obs_0000000230|obs_0000018155|obs_0000003326|obs_0000004873|obs_0000018698|obs_0000003851,obs_0000001096|obs_0000004880|obs_0000002857|obs_0000000346|obs_0000004453|obs_0000004026,,
Premium Trüffelpralinen Mit Alkohol,Moser Roth,"€ 3,99",,"1 kg = 19,95","1 kg = 19,95",,Nein,Gültig bis 18.04,2026-04-13,2026-04-18,../images/aldi/aldi_offer_165.jpg,"cat_getraenke,diet_vegetarian,tag_ultra_processed",,,ref_000165,obs_0000011595|obs_0000013830,,,
D lice-Pralinen Sommer Vollmilch,Moser Roth,"€ 2,49",,"1 kg = 17,79","1 kg = 17,79",,Nein,Gültig bis 18.04,2026-04-13,2026-04-18,../images/aldi/aldi_offer_166.jpg,"cat_knabbern_naschen,diet_lactose_free,diet_vegan,diet_vegetarian,tag_ultra_processed",,,ref_000166,obs_0000004664|obs_0000001090|obs_0000004237|obs_0000002218|obs_0000002854|obs_0000005091|obs_0000000492|obs_0000001050|obs_0000031903|obs_0000026095,,,
Bio-Bergbauern-Weichkäse Mild-Cremig,Nur Nur Natur,"€ 3,69",,"1 kg = 18,45","1 kg = 18,45",,Nein,Gültig bis 18.04,2026-04-13,2026-04-18,../images/aldi/aldi_offer_167.jpg,"cat_molkerei_kaese,diet_vegetarian,sub_joghurt_skyr_quark,sub_kaese,sub_milchprodukte",,,ref_000167,obs_0000004765|obs_0000004338|obs_0000000273|obs_0000003911|obs_0000003512|obs_0000010262|obs_0000018456|obs_0000028718|obs_0000009810|obs_0000017509|obs_0000009341|obs_0000023373|obs_0000028005|obs_0000022418|obs_0000023007|obs_0000012800,,,
Bio-Roggenvollkorn-Sauerteigbrot,Nur Nur Natur,"€ 2,19",,"1 kg = 4,38","1 kg = 4,38",,Nein,Gültig bis 18.04,2026-04-13,2026-04-18,../images/aldi/aldi_offer_168.jpg,"cat_grundnahrung,diet_vegan,diet_vegetarian,tag_whole_food",,,ref_000168,,,,
Bio-Haferflocken,Nur Nur Natur,"€ 0,95",,"1 kg = 1,90","1 kg = 1,90",,Nein,Gültig bis 18.04,2026-04-13,2026-04-18,../images/aldi/aldi_offer_169.jpg,"cat_grundnahrung,diet_lactose_free,diet_vegan,diet_vegetarian,tag_whole_food",,,ref_000169,obs_0000000485|obs_0000000837|obs_0000003776|obs_0000004225|obs_0000004652|obs_0000005079|obs_0000027529|obs_0000028738|obs_0000029245|obs_0000029967|obs_0000030935|obs_0000026414|obs_0000002471|obs_0000010710|obs_0000002858|obs_0000011097|obs_0000002998|obs_0000003476|obs_0000013032|obs_0000015658|obs_0000015879|obs_0000008132,obs_0000000485|obs_0000000837|obs_0000027529|obs_0000003776|obs_0000004225|obs_0000004652|obs_0000005079,,
Bio-Dinkelmehl Vollkorn,Nur Nur Natur,"€ 1,25",,"pro Einheit = 1,25","pro Einheit = 1,25",,Nein,Gültig bis 18.04,2026-04-13,2026-04-18,../images/aldi/aldi_offer_170.jpg,"cat_grundnahrung,diet_vegan,diet_vegetarian,tag_whole_food",,,ref_000170,obs_0000001693|obs_0000000832|obs_0000011538|obs_0000000835|obs_0000001825|obs_0000026549,,,
Bio-Steinofen-Sauerteigkruste,Bio-Steinofen-Sauerteigkruste,"€ 1,99",,"1 kg = 3,32","1 kg = 3,32",,Nein,Gültig bis 18.04,2026-04-13,2026-04-18,../images/aldi/aldi_offer_171.jpg,"cat_grundnahrung,diet_lactose_free,diet_vegetarian",,,ref_000171,obs_0000001690|obs_0000003587|obs_0000029239,obs_0000001690,,
Bio-Sauerteig-Vollkorn-Krusti,Bio-Sauerteig-Vollkorn-Krusti,"€ 0,49",,"pro Einheit = 0,49","pro Einheit = 0,49",,Nein,Gültig bis 18.04,2026-04-13,2026-04-18,../images/aldi/aldi_offer_172.jpg,"cat_grundnahrung,diet_vegan,diet_vegetarian,tag_whole_food",,,ref_000172,obs_0000000835,,,
Bio-Joghurt mild Pfirsich-Maracuja,Bio-Joghurt mild Pfirsich-Maracuja,"€ 0,89",,"1 kg = 3,56","1 kg = 3,56",,Nein,Gültig bis 18.04,2026-04-13,2026-04-18,../images/aldi/aldi_offer_173.jpg,"cat_molkerei_kaese,diet_vegetarian,sub_joghurt_skyr_quark,sub_milchprodukte",,,ref_000173,obs_0000000620|obs_0000001980|obs_0000021558|obs_0000030867|obs_0000033980|obs_0000030973|obs_0000020739|obs_0000000833|obs_0000016386|obs_0000004657|obs_0000004230|obs_0000000671|obs_0000011458|obs_0000003781|obs_0000017128|obs_0000002441|obs_0000015790|obs_0000002511|obs_0000027610|obs_0000005084|obs_0000000488|obs_0000023026|obs_0000021506|obs_0000021508|obs_0000025171|obs_0000026710|obs_0000020687|obs_0000020689|obs_0000025811|obs_0000017127|obs_0000023284|obs_0000034580|obs_0000028966|obs_0000025392|obs_0000015673|obs_0000019794|obs_0000033696|obs_0000009663|obs_0000009180|obs_0000023030|obs_0000008703,,,
Bio-Frischmilch,Nur Nur Natur,"€ 1,45",,"pro Einheit = 1,45","pro Einheit = 1,45",,Nein,Gültig bis 18.04,2026-04-13,2026-04-18,../images/aldi/aldi_offer_174.jpg,"cat_molkerei_kaese,diet_vegetarian,sub_milchprodukte",,,ref_000174,obs_0000000487|obs_0000000839|obs_0000003784|obs_0000004227|obs_0000004654|obs_0000005081,obs_0000000487|obs_0000000839|obs_0000003784|obs_0000004227|obs_0000004654|obs_0000005081,,
Bio-Naturjoghurt,Nur Nur Natur,"€ 0,99",,"1 kg = 2,48","1 kg = 2,48",,Nein,Gültig bis 18.04,2026-04-13,2026-04-18,../images/aldi/aldi_offer_175.jpg,"cat_molkerei_kaese,diet_vegetarian,sub_joghurt_skyr_quark,sub_milchprodukte",,,ref_000175,obs_0000000339|obs_0000004014|obs_0000004441|obs_0000004868|obs_0000000831|obs_0000000898|obs_0000026563|obs_0000000260|obs_0000001182|obs_0000002719|obs_0000003889|obs_0000004316|obs_0000004743|obs_0000005345|obs_0000022886|obs_0000007153|obs_0000031862,obs_0000000339|obs_0000000488|obs_0000000831|obs_0000000898|obs_0000026563|obs_0000003781|obs_0000004014|obs_0000004230|obs_0000004441|obs_0000004657|obs_0000004868|obs_0000005084,,
Bio-Eiscreme Vanille,Nur Nur Natur,"€ 3,49",,"pro Einheit = 6,98","pro Einheit = 6,98",,Nein,Gültig bis 18.04,2026-04-13,2026-04-18,../images/aldi/aldi_offer_176.jpg,"cat_grundnahrung,diet_lactose_free,diet_vegan,diet_vegetarian,tag_whole_food",,,ref_000176,obs_0000010151|obs_0000008291|obs_0000008734|obs_0000010899|obs_0000012668|obs_0000013609|obs_0000014210|obs_0000014505,,,
Bio-Dinkel-Steinofenpizza Margherita,Nur Nur Natur,"€ 2,99",,"1 kg = 949,00","1 kg = 949,00",,Nein,Gültig bis 18.04,2026-04-13,2026-04-18,../images/aldi/aldi_offer_177.jpg,"cat_grundnahrung,diet_vegetarian,tag_ultra_processed,tag_whole_food",,,ref_000177,obs_0000003588|obs_0000000627|obs_0000024681|obs_0000025448|obs_0000017368|obs_0000017577|obs_0000018848|obs_0000020340|obs_0000021159|obs_0000008064|obs_0000016325,obs_0000003588,,
Bio-Tempeh,Nur Nur Natur,"€ 2,99",,"1 kg = 14,95","1 kg = 14,95",,Nein,Gültig bis 18.04,2026-04-13,2026-04-18,../images/aldi/aldi_offer_178.jpg,"cat_grundnahrung,diet_lactose_free,diet_vegan,diet_vegetarian,sub_milchprodukte,tag_whole_food",,,ref_000178,obs_0000012343|obs_0000000828,obs_0000012343,,
Rhein,Rhein,"€ 879,00",,"pro Einheit = 879,00","pro Einheit = 879,00",,Nein,Gültig bis 18.04,2026-04-13,2026-04-18,../images/aldi/aldi_offer_179.jpg,"cat_grundnahrung,diet_vegetarian",,BLS-T102100,ref_000179,,,,
Donau Vier Länder auf einer Reise,Donau Vier Länder auf einer Reise,"€ 599,00",,"pro Einheit = 599,00","pro Einheit = 599,00",,Nein,Gültig bis 18.04,2026-04-13,2026-04-18,../images/aldi/aldi_offer_180.jpg,"cat_getraenke,tag_ultra_processed",,,ref_000180,,,,
Maritime T-Shirt,Maritime T-Shirt,"€ 2,49",,"pro Einheit = 2,49","pro Einheit = 2,49",,Nein,Gültig bis 18.04,2026-04-13,2026-04-18,../images/aldi/aldi_offer_182.jpg,"cat_non_food,diet_vegetarian,tag_ultra_processed",,,ref_000182,obs_0000023573|obs_0000023324|obs_0000023466|obs_0000000968|obs_0000001225|obs_0000000755,,,
