Retailer,Produkt,Marke,Preis,Preis_float,Vorheriger Preis,Vorheriger_float,Preis_kg,Preis_kg_float,Rabatt_vs_prev,Hinweis,Nur_online,Produktlink,Bild_URL,Bewertung,Bewertungen,Gueltig_von,Gueltig_bis,Ist_aktuell
Amazon,"Warrior Raw Protein Riegel Flapjack (20 g) – 12 x 75 g – zuckerarmer, ballaststoffreicher Mahlzeitenersatz – gesunder Frühstücks-Hafer-Snack für Energie und Muskelwachstum (Cookies & Cream)",Warrior,13.64 €,13.64,"16,81 €",16.81,"14,96 €/kg",14.96,0.18857822724568699,Amazon-Produkt,Ja,https://www.amazon.de/Warrior-Protein-Flapjack-Cookies-12X75G/dp/B09JGTL92B/ref=sr_1_2?dib=eyJ2IjoiMSJ9.f5XeANoybO50nh25mH6sxhY1sTtcGGeMDgh_TN-5xVITENzmq7tMTazoVdlH-G_7azZemRvzvKeIMfGzsBxUkLSRVF3JT1lvEAPMDBtkO60yEIFTyx2lxSuBsuE_e91LSvmavx4d2S9c_eG3AfJlntthJAKY_BcGEFOS269HjtpDeMtC0qMJColdiFLiZHxLQ-nmsor_D5LtzaifprayiMuPMEzZkXm6iQXsqjfc_zo0JdfIB1R0oRB9iAWYt4vb4gGI-YLhpaUn1GStXgz_phl9JXHxccP_FntdIgF5_D0.QbFB2nA42MiGq4WslrmUhW8dGlu3-egHfHXA5wvwUUs&dib_tag=se&keywords=Proteinriegel&qid=1760456375&rdc=1&sr=8-2,https://m.media-amazon.com/images/I/71t8AMDjr+L._AC_UL320_.jpg,3.9,7263.0,2025-10-14,2025-10-21,True
Amazon,"MaxiNutrition Hazelnut Spread Protein Waffle Bar, 25% Eiweiß, 202 kcal, (12 Eiweißriegel x 39g), Ohne Zuckerzusatz",MaxiNutrition,21.20 €,21.2,,,"45,30 €/kg",45.3,,Amazon-Produkt,Ja,https://www.amazon.de/MaxiNutrition-Hazelnut-Protein-Eiwei%C3%9Friegel-Zuckerzusatz/dp/B0D4294RJQ/ref=sr_1_3?dib=eyJ2IjoiMSJ9.f5XeANoybO50nh25mH6sxhY1sTtcGGeMDgh_TN-5xVITENzmq7tMTazoVdlH-G_7azZemRvzvKeIMfGzsBxUkLSRVF3JT1lvEAPMDBtkO60yEIFTyx2lxSuBsuE_e91LSvmavx4d2S9c_eG3AfJlntthJAKY_BcGEFOS269HjtpDeMtC0qMJColdiFLiZHxLQ-nmsor_D5LtzaifprayiMuPMEzZkXm6iQXsqjfc_zo0JdfIB1R0oRB9iAWYt4vb4gGI-YLhpaUn1GStXgz_phl9JXHxccP_FntdIgF5_D0.QbFB2nA42MiGq4WslrmUhW8dGlu3-egHfHXA5wvwUUs&dib_tag=se&keywords=Proteinriegel&qid=1760456375&sr=8-3,https://m.media-amazon.com/images/I/81rfR+VmGKL._AC_UL320_.jpg,4.7,105.0,2025-10-14,2025-10-21,True
Amazon,IronMaxx Proteino Proteinriegel 12x30g - White Chocolate Pistachio | High Protein Bar mit cremiger Füllung auf Waffelbasis | Zuckerreduziert glutenfrei palmölfrei Fitness Snack,IronMaxx,22.32 €,22.32,,,"62,00 €/kg",62.0,,Amazon-Produkt,Ja,https://www.amazon.de/IronMaxx-Proteino-Proteinriegel-High-Protein-Bar-zuckerreduzierter/dp/B0BGPX8436/ref=sr_1_4?dib=eyJ2IjoiMSJ9.f5XeANoybO50nh25mH6sxhY1sTtcGGeMDgh_TN-5xVITENzmq7tMTazoVdlH-G_7azZemRvzvKeIMfGzsBxUkLSRVF3JT1lvEAPMDBtkO60yEIFTyx2lxSuBsuE_e91LSvmavx4d2S9c_eG3AfJlntthJAKY_BcGEFOS269HjtpDeMtC0qMJColdiFLiZHxLQ-nmsor_D5LtzaifprayiMuPMEzZkXm6iQXsqjfc_zo0JdfIB1R0oRB9iAWYt4vb4gGI-YLhpaUn1GStXgz_phl9JXHxccP_FntdIgF5_D0.QbFB2nA42MiGq4WslrmUhW8dGlu3-egHfHXA5wvwUUs&dib_tag=se&keywords=Proteinriegel&qid=1760456375&sr=8-4,https://m.media-amazon.com/images/I/81EqeZZO8yL._AC_UL320_.jpg,3.8,1126.0,2025-10-14,2025-10-21,True
Amazon,Powerbar - 52% Protein Plus - Cookies&Cream - 20x50g - High Protein Low Sugar Riegel,Powerbar,39.24 €,39.24,,,"39,24 €/kg",39.24,,Amazon-Produkt,Ja,https://www.amazon.de/PowerBar-Protein-Cookies-Cream-20x50g/dp/B07BSPBGKV/ref=sr_1_5?dib=eyJ2IjoiMSJ9.f5XeANoybO50nh25mH6sxhY1sTtcGGeMDgh_TN-5xVITENzmq7tMTazoVdlH-G_7azZemRvzvKeIMfGzsBxUkLSRVF3JT1lvEAPMDBtkO60yEIFTyx2lxSuBsuE_e91LSvmavx4d2S9c_eG3AfJlntthJAKY_BcGEFOS269HjtpDeMtC0qMJColdiFLiZHxLQ-nmsor_D5LtzaifprayiMuPMEzZkXm6iQXsqjfc_zo0JdfIB1R0oRB9iAWYt4vb4gGI-YLhpaUn1GStXgz_phl9JXHxccP_FntdIgF5_D0.QbFB2nA42MiGq4WslrmUhW8dGlu3-egHfHXA5wvwUUs&dib_tag=se&keywords=Proteinriegel&qid=1760456375&rdc=1&sr=8-5,https://m.media-amazon.com/images/I/71bhtZVx47L._AC_UL320_.jpg,4.3,1266.0,2025-10-14,2025-10-21,True
Amazon,"Multipower Power Pack Classic Dark Protein Riegel, Eiweißriegel mit 27% Protein, klassischer Bar als gesunder Sport-Snack, mit leichter Banane-Vanille-Note, 24 x 35 g",Multipower,34.56 €,34.56,"37,91 €",37.91,"34,56 €/Stück",34.56,0.08836718543919796,Amazon-Produkt,Ja,https://www.amazon.de/Multipower-Eiwei%C3%9Friegel-klassischer-Sport-Snack-Banane-Vanille-Note/dp/B08BYHFLH3/ref=sr_1_6?dib=eyJ2IjoiMSJ9.f5XeANoybO50nh25mH6sxhY1sTtcGGeMDgh_TN-5xVITENzmq7tMTazoVdlH-G_7azZemRvzvKeIMfGzsBxUkLSRVF3JT1lvEAPMDBtkO60yEIFTyx2lxSuBsuE_e91LSvmavx4d2S9c_eG3AfJlntthJAKY_BcGEFOS269HjtpDeMtC0qMJColdiFLiZHxLQ-nmsor_D5LtzaifprayiMuPMEzZkXm6iQXsqjfc_zo0JdfIB1R0oRB9iAWYt4vb4gGI-YLhpaUn1GStXgz_phl9JXHxccP_FntdIgF5_D0.QbFB2nA42MiGq4WslrmUhW8dGlu3-egHfHXA5wvwUUs&dib_tag=se&keywords=Proteinriegel&qid=1760456375&sr=8-6,https://m.media-amazon.com/images/I/81gwvXuuQcS._AC_UL320_.jpg,4.3,202.0,2025-10-14,2025-10-21,True
Amazon,"Layenberger High Protein Riegel - Fitness Power Bar, viel Eiweiß, wenig Zucker - 18er Pack (18 x 35 g) - Mango-Orange",Layenberger,21.70 €,21.7,"25,07 €",25.07,"34,44 €/kg",34.44,0.13442361388113286,Amazon-Produkt,Ja,https://www.amazon.de/Layenberger-LowCarb-one-Protein-Riegel-Mango-Orange-18/dp/B072XK26DG/ref=sr_1_8?dib=eyJ2IjoiMSJ9.f5XeANoybO50nh25mH6sxhY1sTtcGGeMDgh_TN-5xVITENzmq7tMTazoVdlH-G_7azZemRvzvKeIMfGzsBxUkLSRVF3JT1lvEAPMDBtkO60yEIFTyx2lxSuBsuE_e91LSvmavx4d2S9c_eG3AfJlntthJAKY_BcGEFOS269HjtpDeMtC0qMJColdiFLiZHxLQ-nmsor_D5LtzaifprayiMuPMEzZkXm6iQXsqjfc_zo0JdfIB1R0oRB9iAWYt4vb4gGI-YLhpaUn1GStXgz_phl9JXHxccP_FntdIgF5_D0.QbFB2nA42MiGq4WslrmUhW8dGlu3-egHfHXA5wvwUUs&dib_tag=se&keywords=Proteinriegel&qid=1760456375&sr=8-8,https://m.media-amazon.com/images/I/71ai5-2FLdL._AC_UL320_.jpg,3.9,2085.0,2025-10-14,2025-10-21,True
Amazon,"Layenberger 3K Protein Bar Crunchy - Fitness Riegel - viel Eiweiß, wenig Zucker - 15er Pack (15 x 45 g) - Raspberry White",Layenberger,27.34 €,27.34,"30,70 €",30.7,"40,50 €/kg",40.5,0.10944625407166123,Amazon-Produkt,Ja,https://www.amazon.de/Layenberger-Protein-Crunchy-Raspberry-Kohlenhydraten/dp/B08ZMZ23KM/ref=sr_1_9?dib=eyJ2IjoiMSJ9.f5XeANoybO50nh25mH6sxhY1sTtcGGeMDgh_TN-5xVITENzmq7tMTazoVdlH-G_7azZemRvzvKeIMfGzsBxUkLSRVF3JT1lvEAPMDBtkO60yEIFTyx2lxSuBsuE_e91LSvmavx4d2S9c_eG3AfJlntthJAKY_BcGEFOS269HjtpDeMtC0qMJColdiFLiZHxLQ-nmsor_D5LtzaifprayiMuPMEzZkXm6iQXsqjfc_zo0JdfIB1R0oRB9iAWYt4vb4gGI-YLhpaUn1GStXgz_phl9JXHxccP_FntdIgF5_D0.QbFB2nA42MiGq4WslrmUhW8dGlu3-egHfHXA5wvwUUs&dib_tag=se&keywords=Proteinriegel&qid=1760456375&sr=8-9,https://m.media-amazon.com/images/I/618qY1GKhsL._AC_UL320_.jpg,4.5,121.0,2025-10-14,2025-10-21,True
Amazon,ALL STARS Whey-Crisp Protein Bars - White Chocolate Cookie Crunch - Protein Riegel überzogen mit Schokolade und verfeinert mit Whey-Crispies – mit 15g Eiweiß pro Riegel - 25x50g,ALL,46.53 €,46.53,,,"37,22 €/kg",37.22,,Amazon-Produkt,Ja,https://www.amazon.de/All-Stars-Whey-Crisp-Chocolate-Cookie/dp/B07XRF4BPF/ref=sr_1_10?dib=eyJ2IjoiMSJ9.f5XeANoybO50nh25mH6sxhY1sTtcGGeMDgh_TN-5xVITENzmq7tMTazoVdlH-G_7azZemRvzvKeIMfGzsBxUkLSRVF3JT1lvEAPMDBtkO60yEIFTyx2lxSuBsuE_e91LSvmavx4d2S9c_eG3AfJlntthJAKY_BcGEFOS269HjtpDeMtC0qMJColdiFLiZHxLQ-nmsor_D5LtzaifprayiMuPMEzZkXm6iQXsqjfc_zo0JdfIB1R0oRB9iAWYt4vb4gGI-YLhpaUn1GStXgz_phl9JXHxccP_FntdIgF5_D0.QbFB2nA42MiGq4WslrmUhW8dGlu3-egHfHXA5wvwUUs&dib_tag=se&keywords=Proteinriegel&qid=1760456375&sr=8-10,https://m.media-amazon.com/images/I/71OQb-HZNEL._AC_UL320_.jpg,4.1,590.0,2025-10-14,2025-10-21,True
Amazon,Multipower Protein Layer Bar Energieriegel mit 30% Protein – Fitnessriegel 18 x 50g – Proteinriegel als Sport-Snack – Eiweißriegel mit Caramel Peanut Crunch Geschmack – kalorienarmer Eiweißriegel,Multipower,33.48 €,33.48,,,"37,20 €/kg",37.2,,Amazon-Produkt,Ja,https://www.amazon.de/Multipower-Protein-Power-Layer-Energieriegel/dp/B072QCS1VW/ref=sr_1_12?dib=eyJ2IjoiMSJ9.f5XeANoybO50nh25mH6sxhY1sTtcGGeMDgh_TN-5xVITENzmq7tMTazoVdlH-G_7azZemRvzvKeIMfGzsBxUkLSRVF3JT1lvEAPMDBtkO60yEIFTyx2lxSuBsuE_e91LSvmavx4d2S9c_eG3AfJlntthJAKY_BcGEFOS269HjtpDeMtC0qMJColdiFLiZHxLQ-nmsor_D5LtzaifprayiMuPMEzZkXm6iQXsqjfc_zo0JdfIB1R0oRB9iAWYt4vb4gGI-YLhpaUn1GStXgz_phl9JXHxccP_FntdIgF5_D0.QbFB2nA42MiGq4WslrmUhW8dGlu3-egHfHXA5wvwUUs&dib_tag=se&keywords=Proteinriegel&qid=1760456375&sr=8-12,https://m.media-amazon.com/images/I/71pZ+8Rj08L._AC_UL320_.jpg,4.3,872.0,2025-10-14,2025-10-21,True
Amazon,"ALL STARS Oatcake Hafer-Riegel (Mix-Box, 12 x 80g) – Energy-Riegel mit Haferflocken & hochwertigen Kohlenhydraten – gebackener Oat Bar - soft & sättigend - idealer Mahlzeitenersatz",ALL,19.62 €,19.62,"25,22 €",25.22,"20,44 €/kg",20.44,0.22204599524187146,Amazon-Produkt,Ja,https://www.amazon.de/STARS-Oatcake-Haferriegel-Mixed-Energieriegel/dp/B088FQGJC1/ref=sr_1_13?dib=eyJ2IjoiMSJ9.f5XeANoybO50nh25mH6sxhY1sTtcGGeMDgh_TN-5xVITENzmq7tMTazoVdlH-G_7azZemRvzvKeIMfGzsBxUkLSRVF3JT1lvEAPMDBtkO60yEIFTyx2lxSuBsuE_e91LSvmavx4d2S9c_eG3AfJlntthJAKY_BcGEFOS269HjtpDeMtC0qMJColdiFLiZHxLQ-nmsor_D5LtzaifprayiMuPMEzZkXm6iQXsqjfc_zo0JdfIB1R0oRB9iAWYt4vb4gGI-YLhpaUn1GStXgz_phl9JXHxccP_FntdIgF5_D0.QbFB2nA42MiGq4WslrmUhW8dGlu3-egHfHXA5wvwUUs&dib_tag=se&keywords=Proteinriegel&qid=1760456375&sr=8-13,https://m.media-amazon.com/images/I/71+jkF6QCIL._AC_UL320_.jpg,4.3,1042.0,2025-10-14,2025-10-21,True
Amazon,IronMaxx Maxxers Proteinriegel - Peanut Caramel 24x49g | High Protein Snack mit echten Erdnussstücken | Kein zugesetzter Zucker | Perfekt für unterwegs,IronMaxx,55.85 €,55.85,,,"2,33 €/Stück",2.33,,Amazon-Produkt,Ja,https://www.amazon.de/IronMaxx-Maxxers-Proteinriegel-Erdnussst%C3%BCcken-zugesetzter/dp/B0DWFVH6GC/ref=sr_1_14?dib=eyJ2IjoiMSJ9.f5XeANoybO50nh25mH6sxhY1sTtcGGeMDgh_TN-5xVITENzmq7tMTazoVdlH-G_7azZemRvzvKeIMfGzsBxUkLSRVF3JT1lvEAPMDBtkO60yEIFTyx2lxSuBsuE_e91LSvmavx4d2S9c_eG3AfJlntthJAKY_BcGEFOS269HjtpDeMtC0qMJColdiFLiZHxLQ-nmsor_D5LtzaifprayiMuPMEzZkXm6iQXsqjfc_zo0JdfIB1R0oRB9iAWYt4vb4gGI-YLhpaUn1GStXgz_phl9JXHxccP_FntdIgF5_D0.QbFB2nA42MiGq4WslrmUhW8dGlu3-egHfHXA5wvwUUs&dib_tag=se&keywords=Proteinriegel&qid=1760456375&sr=8-14,https://m.media-amazon.com/images/I/8152Z9e+L1L._AC_UL320_.jpg,4.5,39.0,2025-10-14,2025-10-21,True
Amazon,Multipower Protein Layer Eiweißriegel – 18 x 50 g Protein Riegel Box – kalorienarmer Energieriegel – Salty Almond,Multipower,33.48 €,33.48,,,"37,20 €/kg",37.2,,Amazon-Produkt,Ja,https://www.amazon.de/Multipower-Protein-Layer-Eiwei%C3%9Friegel-kalorienarmer/dp/B08WQTS7T9/ref=sr_1_15?dib=eyJ2IjoiMSJ9.f5XeANoybO50nh25mH6sxhY1sTtcGGeMDgh_TN-5xVITENzmq7tMTazoVdlH-G_7azZemRvzvKeIMfGzsBxUkLSRVF3JT1lvEAPMDBtkO60yEIFTyx2lxSuBsuE_e91LSvmavx4d2S9c_eG3AfJlntthJAKY_BcGEFOS269HjtpDeMtC0qMJColdiFLiZHxLQ-nmsor_D5LtzaifprayiMuPMEzZkXm6iQXsqjfc_zo0JdfIB1R0oRB9iAWYt4vb4gGI-YLhpaUn1GStXgz_phl9JXHxccP_FntdIgF5_D0.QbFB2nA42MiGq4WslrmUhW8dGlu3-egHfHXA5wvwUUs&dib_tag=se&keywords=Proteinriegel&qid=1760456375&sr=8-15,https://m.media-amazon.com/images/I/71f4ERsks6L._AC_UL320_.jpg,4.2,35.0,2025-10-14,2025-10-21,True
Amazon,"Multipower 53% Protein Boost – 20 x 45 g Protein Riegel Coconut mit 53% hochwertigem Protein – 24 g Eiweiß und 1,4 g Zucker je Eiweißriegel",Multipower,42.80 €,42.8,,,"2,14 €/Stück",2.14,,Amazon-Produkt,Ja,https://www.amazon.de/Multipower-53-Protein-Boost-hochwertigem/dp/B081B8H28S/ref=sr_1_18?dib=eyJ2IjoiMSJ9.f5XeANoybO50nh25mH6sxhY1sTtcGGeMDgh_TN-5xVITENzmq7tMTazoVdlH-G_7azZemRvzvKeIMfGzsBxUkLSRVF3JT1lvEAPMDBtkO60yEIFTyx2lxSuBsuE_e91LSvmavx4d2S9c_eG3AfJlntthJAKY_BcGEFOS269HjtpDeMtC0qMJColdiFLiZHxLQ-nmsor_D5LtzaifprayiMuPMEzZkXm6iQXsqjfc_zo0JdfIB1R0oRB9iAWYt4vb4gGI-YLhpaUn1GStXgz_phl9JXHxccP_FntdIgF5_D0.QbFB2nA42MiGq4WslrmUhW8dGlu3-egHfHXA5wvwUUs&dib_tag=se&keywords=Proteinriegel&qid=1760456375&sr=8-18,https://m.media-amazon.com/images/I/81LvweuaaiS._AC_UL320_.jpg,4.1,486.0,2025-10-14,2025-10-21,True
Amazon,"MaxiNutrition Milk & Coconut Protein Waffle Bar, 22% Eiweiß, 174 kcal, (12 Eiweißriegel x 40g), Ohne Zuckerzusatz",MaxiNutrition,18.83 €,18.83,"20,08 €",20.08,"1,57 €/Stück",1.57,0.06225099601593626,Amazon-Produkt,Ja,https://www.amazon.de/MaxiNutrition-Coconut-Protein-Eiwei%C3%9Friegel-Zuckerzusatz/dp/B0D42B22LC/ref=sr_1_20?dib=eyJ2IjoiMSJ9.f5XeANoybO50nh25mH6sxhY1sTtcGGeMDgh_TN-5xVITENzmq7tMTazoVdlH-G_7azZemRvzvKeIMfGzsBxUkLSRVF3JT1lvEAPMDBtkO60yEIFTyx2lxSuBsuE_e91LSvmavx4d2S9c_eG3AfJlntthJAKY_BcGEFOS269HjtpDeMtC0qMJColdiFLiZHxLQ-nmsor_D5LtzaifprayiMuPMEzZkXm6iQXsqjfc_zo0JdfIB1R0oRB9iAWYt4vb4gGI-YLhpaUn1GStXgz_phl9JXHxccP_FntdIgF5_D0.QbFB2nA42MiGq4WslrmUhW8dGlu3-egHfHXA5wvwUUs&dib_tag=se&keywords=Proteinriegel&qid=1760456375&sr=8-20,https://m.media-amazon.com/images/I/81azWTdoqwL._AC_UL320_.jpg,4.2,38.0,2025-10-14,2025-10-21,True
Amazon,Powerbar - Natural Protein - Chocolate Nuts - 18x40g - veganer Protein Riegel - palmölfrei - natürliche Zutaten,Powerbar,27.76 €,27.76,,,"38,56 €/kg",38.56,,Amazon-Produkt,Ja,https://www.amazon.de/Powerbar-Natural-Protein-Chocolate-18x40g/dp/B0C8SZWCVD/ref=sr_1_21?dib=eyJ2IjoiMSJ9.f5XeANoybO50nh25mH6sxhY1sTtcGGeMDgh_TN-5xVITENzmq7tMTazoVdlH-G_7azZemRvzvKeIMfGzsBxUkLSRVF3JT1lvEAPMDBtkO60yEIFTyx2lxSuBsuE_e91LSvmavx4d2S9c_eG3AfJlntthJAKY_BcGEFOS269HjtpDeMtC0qMJColdiFLiZHxLQ-nmsor_D5LtzaifprayiMuPMEzZkXm6iQXsqjfc_zo0JdfIB1R0oRB9iAWYt4vb4gGI-YLhpaUn1GStXgz_phl9JXHxccP_FntdIgF5_D0.QbFB2nA42MiGq4WslrmUhW8dGlu3-egHfHXA5wvwUUs&dib_tag=se&keywords=Proteinriegel&qid=1760456375&sr=8-21,https://m.media-amazon.com/images/I/71FQpLz7q0L._AC_UL320_.jpg,4.4,961.0,2025-10-14,2025-10-21,True
Amazon,Powerbar - Protein Plus - Low Sugar - Vegan Peanut Choc - 12x42g - High Protein Low Sugar Riegel - veganer Proteinriegel,Powerbar,20.55 €,20.55,,,"40,77 €/kg",40.77,,Amazon-Produkt,Ja,https://www.amazon.de/Powerbar-Protein-Sugar-Peanut-12x42g/dp/B0BXFNVKSL/ref=sr_1_22?dib=eyJ2IjoiMSJ9.f5XeANoybO50nh25mH6sxhY1sTtcGGeMDgh_TN-5xVITENzmq7tMTazoVdlH-G_7azZemRvzvKeIMfGzsBxUkLSRVF3JT1lvEAPMDBtkO60yEIFTyx2lxSuBsuE_e91LSvmavx4d2S9c_eG3AfJlntthJAKY_BcGEFOS269HjtpDeMtC0qMJColdiFLiZHxLQ-nmsor_D5LtzaifprayiMuPMEzZkXm6iQXsqjfc_zo0JdfIB1R0oRB9iAWYt4vb4gGI-YLhpaUn1GStXgz_phl9JXHxccP_FntdIgF5_D0.QbFB2nA42MiGq4WslrmUhW8dGlu3-egHfHXA5wvwUUs&dib_tag=se&keywords=Proteinriegel&qid=1760456375&sr=8-22,https://m.media-amazon.com/images/I/714ZhW4DbvL._AC_UL320_.jpg,3.7,180.0,2025-10-14,2025-10-21,True
Amazon,"ISOSTAR Power High Protein Riegel Erdbeer, 105 g (3x35g)",ISOSTAR,4.66 €,4.66,,,"44,38 €/kg",44.38,,Amazon-Produkt,Ja,https://www.amazon.de/ISOSTAR-Power-Protein-Riegel-Erdbeer/dp/B001O1G3CI/ref=sr_1_25?dib=eyJ2IjoiMSJ9.f5XeANoybO50nh25mH6sxhY1sTtcGGeMDgh_TN-5xVITENzmq7tMTazoVdlH-G_7azZemRvzvKeIMfGzsBxUkLSRVF3JT1lvEAPMDBtkO60yEIFTyx2lxSuBsuE_e91LSvmavx4d2S9c_eG3AfJlntthJAKY_BcGEFOS269HjtpDeMtC0qMJColdiFLiZHxLQ-nmsor_D5LtzaifprayiMuPMEzZkXm6iQXsqjfc_zo0JdfIB1R0oRB9iAWYt4vb4gGI-YLhpaUn1GStXgz_phl9JXHxccP_FntdIgF5_D0.QbFB2nA42MiGq4WslrmUhW8dGlu3-egHfHXA5wvwUUs&dib_tag=se&keywords=Proteinriegel&qid=1760456375&sr=8-25,https://m.media-amazon.com/images/I/71k--oSY2fL._AC_UL320_.jpg,4.4,58.0,2025-10-14,2025-10-21,True
Amazon,"MaxiNutrition Protein Adventskalender 2025 mit 24 leckeren Überraschungen, Geschenkidee für Sportler",MaxiNutrition,42.05 €,42.05,,,"42,05 €/Stück",42.05,,Amazon-Produkt,Ja,https://www.amazon.de/MaxiNutrition-Adventskalender-leckeren-%C3%9Cberraschungen-Geschenkidee/dp/B0FGQCGMVS/ref=sr_1_26?dib=eyJ2IjoiMSJ9.f5XeANoybO50nh25mH6sxhY1sTtcGGeMDgh_TN-5xVITENzmq7tMTazoVdlH-G_7azZemRvzvKeIMfGzsBxUkLSRVF3JT1lvEAPMDBtkO60yEIFTyx2lxSuBsuE_e91LSvmavx4d2S9c_eG3AfJlntthJAKY_BcGEFOS269HjtpDeMtC0qMJColdiFLiZHxLQ-nmsor_D5LtzaifprayiMuPMEzZkXm6iQXsqjfc_zo0JdfIB1R0oRB9iAWYt4vb4gGI-YLhpaUn1GStXgz_phl9JXHxccP_FntdIgF5_D0.QbFB2nA42MiGq4WslrmUhW8dGlu3-egHfHXA5wvwUUs&dib_tag=se&keywords=Proteinriegel&qid=1760456375&sr=8-26,https://m.media-amazon.com/images/I/71lsl+Z7KDL._AC_UL320_.jpg,4.4,106.0,2025-10-14,2025-10-21,True
Amazon,"PhD Nutrition Smart Bar Protein Riegel Schokolade-Erdnussbutter 21g Eiweiß, 2,0g Zucker - 12 x 64g, Makrofreundlicher Eiweißriegel",PhD,23.90 €,23.9,"25,22 €",25.22,"1,99 €/Stück",1.99,0.05233941316415545,Amazon-Produkt,Ja,https://www.amazon.de/PhD-Eiwei%C3%9Friegel-Eiwei%C3%9Fgehalt-Schokolade-Erdnussbutter/dp/B06XWWVDN3/ref=sr_1_27?dib=eyJ2IjoiMSJ9.f5XeANoybO50nh25mH6sxhY1sTtcGGeMDgh_TN-5xVITENzmq7tMTazoVdlH-G_7azZemRvzvKeIMfGzsBxUkLSRVF3JT1lvEAPMDBtkO60yEIFTyx2lxSuBsuE_e91LSvmavx4d2S9c_eG3AfJlntthJAKY_BcGEFOS269HjtpDeMtC0qMJColdiFLiZHxLQ-nmsor_D5LtzaifprayiMuPMEzZkXm6iQXsqjfc_zo0JdfIB1R0oRB9iAWYt4vb4gGI-YLhpaUn1GStXgz_phl9JXHxccP_FntdIgF5_D0.QbFB2nA42MiGq4WslrmUhW8dGlu3-egHfHXA5wvwUUs&dib_tag=se&keywords=Proteinriegel&qid=1760456375&rdc=1&sr=8-27,https://m.media-amazon.com/images/I/71NWIgAa7fL._AC_UL320_.jpg,3.7,6827.0,2025-10-14,2025-10-21,True
Amazon,"Layenberger High Protein Cräkker, Snacks mit viel Eiweiß und wenig Kohlenhydraten, (8 x 75 g) - Rosemary Sea Salt",Layenberger,19.36 €,19.36,,,"32,27 €/kg",32.27,,Amazon-Produkt,Ja,https://www.amazon.de/Layenberger-Protein-Rosemary-knuspriger-Kohelnhydraten/dp/B09ZYJ1833/ref=sr_1_34?dib=eyJ2IjoiMSJ9.f5XeANoybO50nh25mH6sxhY1sTtcGGeMDgh_TN-5xVITENzmq7tMTazoVdlH-G_7azZemRvzvKeIMfGzsBxUkLSRVF3JT1lvEAPMDBtkO60yEIFTyx2lxSuBsuE_e91LSvmavx4d2S9c_eG3AfJlntthJAKY_BcGEFOS269HjtpDeMtC0qMJColdiFLiZHxLQ-nmsor_D5LtzaifprayiMuPMEzZkXm6iQXsqjfc_zo0JdfIB1R0oRB9iAWYt4vb4gGI-YLhpaUn1GStXgz_phl9JXHxccP_FntdIgF5_D0.QbFB2nA42MiGq4WslrmUhW8dGlu3-egHfHXA5wvwUUs&dib_tag=se&keywords=Proteinriegel&qid=1760456375&sr=8-34,https://m.media-amazon.com/images/I/616z8tJ6AIL._AC_UL320_.jpg,3.9,64.0,2025-10-14,2025-10-21,True
Amazon,"IronMaxx Protein Adventskalender 2025 | 24 sportliche Überraschungen für Fitness-Fans | High Protein Riegel, Shakes & mehr | Limitierte Fitness-Geschenkidee",IronMaxx,55.98 €,55.98,,,"63,54 €/kg",63.54,,Amazon-Produkt,Ja,https://www.amazon.de/IronMaxx-Adventskalender-%C3%9Cberraschungen-Fitness-Fans-Fitness-Geschenkidee/dp/B0FNRVB9VB/ref=sr_1_36?dib=eyJ2IjoiMSJ9.f5XeANoybO50nh25mH6sxhY1sTtcGGeMDgh_TN-5xVITENzmq7tMTazoVdlH-G_7azZemRvzvKeIMfGzsBxUkLSRVF3JT1lvEAPMDBtkO60yEIFTyx2lxSuBsuE_e91LSvmavx4d2S9c_eG3AfJlntthJAKY_BcGEFOS269HjtpDeMtC0qMJColdiFLiZHxLQ-nmsor_D5LtzaifprayiMuPMEzZkXm6iQXsqjfc_zo0JdfIB1R0oRB9iAWYt4vb4gGI-YLhpaUn1GStXgz_phl9JXHxccP_FntdIgF5_D0.QbFB2nA42MiGq4WslrmUhW8dGlu3-egHfHXA5wvwUUs&dib_tag=se&keywords=Proteinriegel&qid=1760456375&sr=8-36,https://m.media-amazon.com/images/I/81xNhC7gmWL._AC_UL320_.jpg,4.4,171.0,2025-10-14,2025-10-21,True
Amazon,IronMaxx® Prookie® - Cookies & Cream 16 x 45g Riegel | High Protein Snack mit Keksstückchen & weißem Überzug | Low Sugar | Ideal für unterwegs & nach dem Training,IronMaxx®,33.48 €,33.48,,,"0,05 €/Stück",0.05,,Amazon-Produkt,Ja,https://www.amazon.de/IronMaxx%C2%AE-Prookie%C2%AE-Keksst%C3%BCckchen-unterwegs-Training/dp/B0F4XZQ5R9/ref=sr_1_41?dib=eyJ2IjoiMSJ9.f5XeANoybO50nh25mH6sxhY1sTtcGGeMDgh_TN-5xVITENzmq7tMTazoVdlH-G_7azZemRvzvKeIMfGzsBxUkLSRVF3JT1lvEAPMDBtkO60yEIFTyx2lxSuBsuE_e91LSvmavx4d2S9c_eG3AfJlntthJAKY_BcGEFOS269HjtpDeMtC0qMJColdiFLiZHxLQ-nmsor_D5LtzaifprayiMuPMEzZkXm6iQXsqjfc_zo0JdfIB1R0oRB9iAWYt4vb4gGI-YLhpaUn1GStXgz_phl9JXHxccP_FntdIgF5_D0.QbFB2nA42MiGq4WslrmUhW8dGlu3-egHfHXA5wvwUUs&dib_tag=se&keywords=Proteinriegel&qid=1760456375&sr=8-41,https://m.media-amazon.com/images/I/91QHL4-F8SL._AC_UL320_.jpg,,,2025-10-14,2025-10-21,True
