Marke,Produkt,Preis,Vorheriger_Preis,Preis_kg,Hinweis,Nur_online,Gueltig_raw,Gueltig_von,Gueltig_bis,Bildpfad
EHRMANN,Almighurt,"€ 0,29",0.89,1 kg = 1.94,,Nein,Dieses Angebot findest du vom 05.02. bis 11.02. in deiner Kaufland-Filiale.,2026-02-05,2026-02-11,images_kaufland/kaufland_offer_001.jpg
MÜLLER,Milchreis Kokosmilch-Reis oder Grießpudding,"€ 0,35",0.99,1 kg = 1.75 - 2.19,,Nein,Dieses Angebot findest du vom 09.02. bis 11.02. in deiner Kaufland-Filiale.,2026-02-09,2026-02-11,images_kaufland/kaufland_offer_002.jpg
CHIO,Popcorn,"€ 0,89",1.99,1 kg = 7.42,,Nein,Dieses Angebot findest du vom 05.02. bis 11.02. in deiner Kaufland-Filiale.,2026-02-05,2026-02-11,images_kaufland/kaufland_offer_003.jpg
KERRYGOLD,Cheddar,"€ 1,39",2.99,1 kg = 10.70,,Nein,Dieses Angebot findest du vom 09.02. bis 11.02. in deiner Kaufland-Filiale.,2026-02-09,2026-02-11,images_kaufland/kaufland_offer_004.jpg
LANDLIEBE,Butter oder Die Streichzarte,"€ 1,29",2.59,1 kg = 5.16,,Nein,Dieses Angebot findest du vom 05.02. bis 11.02. in deiner Kaufland-Filiale.,2026-02-05,2026-02-11,images_kaufland/kaufland_offer_005.jpg
RÜGENWALDER MÜHLE,Teewurst,"€ 1,19",2.39,Kein Mengenpreis,,Nein,Dieses Angebot findest du vom 09.02. bis 11.02. in deiner Kaufland-Filiale.,2026-02-09,2026-02-11,images_kaufland/kaufland_offer_006.jpg
ROYAL ORANGE,Maasdam,"€ 0,79",1.59,Kein Mengenpreis,,Nein,Dieses Angebot findest du vom 09.02. bis 11.02. in deiner Kaufland-Filiale.,2026-02-09,2026-02-11,images_kaufland/kaufland_offer_007.jpg
Keine Marke,Dtsch Elstar Tafeläpfel,"€ 1,99",3.99,1 kg = 1.00,,Nein,Dieses Angebot findest du vom 05.02. bis 11.02. in deiner Kaufland-Filiale.,2026-02-05,2026-02-11,images_kaufland/kaufland_offer_008.jpg
ORIGINAL WAGNER,Steinofen-Pizza oder -Flammkuchen,"€ 1,79",3.39,1 kg = 4.98 - 5.97) / (1 kg = 4.42 - 5.30)**,,Nein,Dieses Angebot findest du vom 05.02. bis 11.02. in deiner Kaufland-Filiale.,2026-02-05,2026-02-11,images_kaufland/kaufland_offer_009.jpg
BEN S ORIGINAL,Fix Sauce,"€ 1,49",2.79,1 kg = 3.73,,Nein,Dieses Angebot findest du vom 05.02. bis 11.02. in deiner Kaufland-Filiale.,2026-02-05,2026-02-11,images_kaufland/kaufland_offer_010.jpg
ROCKSTAR,Energy Drink,"€ 0,79",1.49,1 l = 1.58,,Nein,Dieses Angebot findest du vom 09.02. bis 11.02. in deiner Kaufland-Filiale.,2026-02-09,2026-02-11,images_kaufland/kaufland_offer_011.jpg
PATROS,Salzlakenkäse od Pflanzlich,"€ 1,79",3.29,1 kg = 9.95 - 13.77) / (1 kg = 8.28 - 11.47)**,,Nein,Dieses Angebot findest du vom 09.02. bis 11.02. in deiner Kaufland-Filiale.,2026-02-09,2026-02-11,images_kaufland/kaufland_offer_012.jpg
Keine Marke,Peruan argent Kulturheidelbeeren,"€ 0,99",1.79,1 kg = 7.92,,Nein,Dieses Angebot findest du vom 09.02. bis 11.02. in deiner Kaufland-Filiale.,2026-02-09,2026-02-11,images_kaufland/kaufland_offer_013.jpg
LÄTTA,Brotaufstrich,"€ 1,29",2.29,1 kg = 2.87,,Nein,Dieses Angebot findest du vom 09.02. bis 11.02. in deiner Kaufland-Filiale.,2026-02-09,2026-02-11,images_kaufland/kaufland_offer_014.jpg
Keine Marke,Span griech Orangen,"€ 1,99",3.49,1 kg = 1.00,,Nein,Dieses Angebot findest du vom 05.02. bis 11.02. in deiner Kaufland-Filiale.,2026-02-05,2026-02-11,images_kaufland/kaufland_offer_015.jpg
MIREE,Frischkäsezubereitung,"€ 1,11",1.89,1 kg = 7.40 - 8.23) / (1 kg = 6.60 - 7.34)**,,Nein,Dieses Angebot findest du vom 05.02. bis 11.02. in deiner Kaufland-Filiale.,2026-02-05,2026-02-11,images_kaufland/kaufland_offer_016.jpg
MAYBACH,Qualitätswein oder Alkoholfrei,"€ 2,99",4.99,1 l = 3.99) / (1 l = 3.32)**,,Nein,Dieses Angebot findest du vom 05.02. bis 11.02. in deiner Kaufland-Filiale.,2026-02-05,2026-02-11,images_kaufland/kaufland_offer_017.jpg
LANDLIEBE,Konfitüre oder Fruchtcreme,"€ 1,49",2.49,1 kg = 7.45,,Nein,Dieses Angebot findest du vom 09.02. bis 11.02. in deiner Kaufland-Filiale.,2026-02-09,2026-02-11,images_kaufland/kaufland_offer_018.jpg
Keine Marke,Span niederl Gurke lose,"€ 0,88",1.49,Kein Mengenpreis,,Nein,Dieses Angebot findest du vom 09.02. bis 11.02. in deiner Kaufland-Filiale.,2026-02-09,2026-02-11,images_kaufland/kaufland_offer_019.jpg
WIESENHOF,Dtsch Hähnchen-Schenkel,"€ 2,99",4.99,Kein Mengenpreis,,Nein,Dieses Angebot findest du vom 09.02. bis 11.02. in deiner Kaufland-Filiale.,2026-02-09,2026-02-11,images_kaufland/kaufland_offer_020.jpg
IGLO,Fertiggericht,"€ 2,79",,1 kg = 6.20 - 6.57) / (1 kg = 5.54 - 5.86)**,,Nein,Dieses Angebot findest du vom 05.02. bis 11.02. in deiner Kaufland-Filiale.,2026-02-05,2026-02-11,images_kaufland/kaufland_offer_022.jpg
POPP,Fleischsalat,"€ 1,29",,1 kg = 6.45) / (1 kg = 4.95)**,,Nein,Dieses Angebot findest du vom 05.02. bis 11.02. in deiner Kaufland-Filiale.,2026-02-05,2026-02-11,images_kaufland/kaufland_offer_024.jpg
HARRY,Vital fit Mehrkornbrot,"€ 1,49",1.69,1 kg = 2.98) / (1 kg = 2.38)**,,Nein,Dieses Angebot findest du vom 05.02. bis 11.02. in deiner Kaufland-Filiale.,2026-02-05,2026-02-11,images_kaufland/kaufland_offer_025.jpg
OVOMALTINE,Der Klassiker,"€ 5,49",6.49,1 kg = 10.98) / (1 kg = 9.98)**,,Nein,Dieses Angebot findest du vom 05.02. bis 11.02. in deiner Kaufland-Filiale.,2026-02-05,2026-02-11,images_kaufland/kaufland_offer_026.jpg
FUNNY-FRISCH,Kesselchips Riffels oder Cheese Cracker,"€ 1,49",2.49,1 kg = 9.94 - 14.90) / (1 kg = 8.60 - 12.90)**,,Nein,Dieses Angebot findest du vom 05.02. bis 11.02. in deiner Kaufland-Filiale.,2026-02-05,2026-02-11,images_kaufland/kaufland_offer_027.jpg
MILKA,Schokolade,"€ 0,99",,1 kg = 10.43 - 11.65) / (1 kg = 8.95 - 10.00)**,,Nein,Dieses Angebot findest du vom 05.02. bis 11.02. in deiner Kaufland-Filiale.,2026-02-05,2026-02-11,images_kaufland/kaufland_offer_028.jpg
MILKA,Pralin s oder Hauchzarte Herzen,"€ 1,79",3.49,1 kg = 13.77 - 16.28) / (1 kg = 10.70 - 12.64)**,,Nein,Dieses Angebot findest du vom 05.02. bis 11.02. in deiner Kaufland-Filiale.,2026-02-05,2026-02-11,images_kaufland/kaufland_offer_029.jpg
KINDER,Bueno,"€ 2,22",3.29,1 kg = 17.21 - 18.98) / (1 kg = 14.66 - 16.16)**,,Nein,Dieses Angebot findest du vom 05.02. bis 11.02. in deiner Kaufland-Filiale.,2026-02-05,2026-02-11,images_kaufland/kaufland_offer_030.jpg
STORCK,Nimm2 Lachgummi,"€ 0,99",1.29,1 kg = 3.05 - 4.95) / (1 kg = 2.71 - 4.40)**,,Nein,Dieses Angebot findest du vom 05.02. bis 11.02. in deiner Kaufland-Filiale.,2026-02-05,2026-02-11,images_kaufland/kaufland_offer_031.jpg
COCA-COLA,Original oder Zero,"€ 5,99",,1 l = 1.82) / (1 l = 1.69)**,,Nein,Dieses Angebot findest du vom 05.02. bis 11.02. in deiner Kaufland-Filiale.,2026-02-05,2026-02-11,images_kaufland/kaufland_offer_032.jpg
KOBER S,Liköre,"€ 7,99",12.49,1 l = 15.98) / (1 l = 13.98)**,,Nein,Dieses Angebot findest du vom 05.02. bis 11.02. in deiner Kaufland-Filiale.,2026-02-05,2026-02-11,images_kaufland/kaufland_offer_033.jpg
WINE VIBES,Qualitätswein,"€ 3,99",4.99,1 l = 5.32) / (1 l = 3.99)**,,Nein,Dieses Angebot findest du vom 05.02. bis 11.02. in deiner Kaufland-Filiale.,2026-02-05,2026-02-11,images_kaufland/kaufland_offer_034.jpg
DOMESTOS,WC-Stein,"€ 1,29",,1 kg = 25.80 - 26.88) / (1 kg = 19.80 - 20.63)**,,Nein,Dieses Angebot findest du vom 05.02. bis 11.02. in deiner Kaufland-Filiale.,2026-02-05,2026-02-11,images_kaufland/kaufland_offer_036.jpg
MY PROJECT,Starthilfekabel Typ 25,"€ 12,99",12.99,Kein Mengenpreis,,Nein,Dieses Angebot findest du vom 05.02. bis 11.02. in deiner Kaufland-Filiale.,2026-02-05,2026-02-11,images_kaufland/kaufland_offer_037.jpg
Keine Marke,Bettwäsche-Set Stitch,"€ 17,99",17.99,Kein Mengenpreis,,Nein,Dieses Angebot findest du vom 05.02. bis 11.02. in deiner Kaufland-Filiale.,2026-02-05,2026-02-11,images_kaufland/kaufland_offer_038.jpg
WALSER,Kfz-Verbandtasche,"€ 4,99",12.99,Kein Mengenpreis,,Nein,Dieses Angebot findest du vom 05.02. bis 11.02. in deiner Kaufland-Filiale.,2026-02-05,2026-02-11,images_kaufland/kaufland_offer_039.jpg
Keine Marke,Bettwäsche-Set Naruto,"€ 17,99",17.99,Kein Mengenpreis,,Nein,Dieses Angebot findest du vom 05.02. bis 11.02. in deiner Kaufland-Filiale.,2026-02-05,2026-02-11,images_kaufland/kaufland_offer_040.jpg
Keine Marke,Span marokk Paprika rot,"€ 1,79",2.49,1 kg = 3.58,,Nein,Dieses Angebot findest du vom 05.02. bis 11.02. in deiner Kaufland-Filiale.,2026-02-05,2026-02-11,images_kaufland/kaufland_offer_043.jpg
Keine Marke,Südafrik Nektarinen lose,"€ 3,99",5.99,Kein Mengenpreis,,Nein,Dieses Angebot findest du vom 05.02. bis 11.02. in deiner Kaufland-Filiale.,2026-02-05,2026-02-11,images_kaufland/kaufland_offer_044.jpg
Keine Marke,Span Erdbeeren,"€ 3,33",3.99,1 kg = 8.33,,Nein,Dieses Angebot findest du vom 05.02. bis 11.02. in deiner Kaufland-Filiale.,2026-02-05,2026-02-11,images_kaufland/kaufland_offer_045.jpg
Keine Marke,Dtsch Tafeläpfel Cameo,"€ 1,99",2.79,1 kg = 2.49,,Nein,Dieses Angebot findest du vom 05.02. bis 11.02. in deiner Kaufland-Filiale.,2026-02-05,2026-02-11,images_kaufland/kaufland_offer_046.jpg
Keine Marke,Niederl span Rispentomaten lose,"€ 1,79",2.49,Kein Mengenpreis,,Nein,Dieses Angebot findest du vom 05.02. bis 11.02. in deiner Kaufland-Filiale.,2026-02-05,2026-02-11,images_kaufland/kaufland_offer_047.jpg
Keine Marke,Dtsch Speisekartoffeln,"€ 1,99",2.99,1 kg = 0.80,,Nein,Dieses Angebot findest du vom 05.02. bis 11.02. in deiner Kaufland-Filiale.,2026-02-05,2026-02-11,images_kaufland/kaufland_offer_048.jpg
Keine Marke,Dtsch Cocktailrispentomaten,"€ 2,99",3.99,1 kg = 8.55,,Nein,Dieses Angebot findest du vom 05.02. bis 11.02. in deiner Kaufland-Filiale.,2026-02-05,2026-02-11,images_kaufland/kaufland_offer_049.jpg
Keine Marke,Span dtsch Kräuter XXL,"€ 1,49",1.99,Kein Mengenpreis,,Nein,Dieses Angebot findest du vom 05.02. bis 11.02. in deiner Kaufland-Filiale.,2026-02-05,2026-02-11,images_kaufland/kaufland_offer_050.jpg
Keine Marke,Span Staudensellerie,"€ 0,99",1.29,Kein Mengenpreis,,Nein,Dieses Angebot findest du vom 05.02. bis 11.02. in deiner Kaufland-Filiale.,2026-02-05,2026-02-11,images_kaufland/kaufland_offer_051.jpg
Keine Marke,Dtsch Chicor e,"€ 1,49",1.99,1 kg = 2.98,,Nein,Dieses Angebot findest du vom 05.02. bis 11.02. in deiner Kaufland-Filiale.,2026-02-05,2026-02-11,images_kaufland/kaufland_offer_052.jpg
Keine Marke,Miniromatomaten,"€ 0,99",1.19,1 kg = 3.96,,Nein,Dieses Angebot findest du vom 05.02. bis 11.02. in deiner Kaufland-Filiale.,2026-02-05,2026-02-11,images_kaufland/kaufland_offer_053.jpg
Keine Marke,Ägypt südafrik Süßkartoffeln lose,"€ 1,49",1.99,Kein Mengenpreis,,Nein,Dieses Angebot findest du vom 05.02. bis 11.02. in deiner Kaufland-Filiale.,2026-02-05,2026-02-11,images_kaufland/kaufland_offer_054.jpg
Keine Marke,Ital Kohlrabi lose,"€ 0,59",0.69,Kein Mengenpreis,,Nein,Dieses Angebot findest du vom 05.02. bis 11.02. in deiner Kaufland-Filiale.,2026-02-05,2026-02-11,images_kaufland/kaufland_offer_055.jpg
Keine Marke,Amerik Erdnüsse,"€ 1,49",2.29,1 kg = 3.73,,Nein,Dieses Angebot findest du vom 05.02. bis 11.02. in deiner Kaufland-Filiale.,2026-02-05,2026-02-11,images_kaufland/kaufland_offer_056.jpg
Keine Marke,Chil amerik Walnüsse,"€ 1,99",2.25,1 kg = 3.98,,Nein,Dieses Angebot findest du vom 05.02. bis 11.02. in deiner Kaufland-Filiale.,2026-02-05,2026-02-11,images_kaufland/kaufland_offer_057.jpg
Keine Marke,Alpenveilchen,"€ 2,69",,Kein Mengenpreis,,Nein,Dieses Angebot findest du vom 05.02. bis 11.02. in deiner Kaufland-Filiale.,2026-02-05,2026-02-11,images_kaufland/kaufland_offer_058.jpg
Keine Marke,Glockenblume,"€ 2,99",,Kein Mengenpreis,,Nein,Dieses Angebot findest du vom 05.02. bis 11.02. in deiner Kaufland-Filiale.,2026-02-05,2026-02-11,images_kaufland/kaufland_offer_059.jpg
Keine Marke,Zwiebelpflanzen,"€ 0,88",,Kein Mengenpreis,,Nein,Dieses Angebot findest du vom 05.02. bis 11.02. in deiner Kaufland-Filiale.,2026-02-05,2026-02-11,images_kaufland/kaufland_offer_060.jpg
Keine Marke,Zwiebelpflanze in Vogeltränke,"€ 6,99",,Kein Mengenpreis,,Nein,Dieses Angebot findest du vom 05.02. bis 11.02. in deiner Kaufland-Filiale.,2026-02-05,2026-02-11,images_kaufland/kaufland_offer_061.jpg
Keine Marke,Narzissenstrauß,"€ 1,79",,Kein Mengenpreis,,Nein,Dieses Angebot findest du vom 05.02. bis 11.02. in deiner Kaufland-Filiale.,2026-02-05,2026-02-11,images_kaufland/kaufland_offer_064.jpg
Keine Marke,Südafrik Tafeltrauben hell oder rot,"€ 2,99",3.99,1 kg = 4.99,,Nein,Dieses Angebot findest du vom 05.02. bis 11.02. in deiner Kaufland-Filiale.,2026-02-05,2026-02-11,images_kaufland/kaufland_offer_065.jpg
Keine Marke,Fensterblatt,"€ 15,99",,Kein Mengenpreis,,Nein,Dieses Angebot findest du vom 05.02. bis 11.02. in deiner Kaufland-Filiale.,2026-02-05,2026-02-11,images_kaufland/kaufland_offer_067.jpg
Keine Marke,Türk Aprikosen getrocknet,"€ 2,49",3.49,1 kg = 12.45,,Nein,Dieses Angebot findest du vom 05.02. bis 11.02. in deiner Kaufland-Filiale.,2026-02-05,2026-02-11,images_kaufland/kaufland_offer_068.jpg
Keine Marke,Tulpe,"€ 3,99",,Kein Mengenpreis,,Nein,Dieses Angebot findest du vom 05.02. bis 11.02. in deiner Kaufland-Filiale.,2026-02-05,2026-02-11,images_kaufland/kaufland_offer_069.jpg
Keine Marke,Kolumb guatem Avocado lose,"€ 0,99",1.49,Kein Mengenpreis,,Nein,Dieses Angebot findest du vom 05.02. bis 11.02. in deiner Kaufland-Filiale.,2026-02-05,2026-02-11,images_kaufland/kaufland_offer_070.jpg
Keine Marke,Chin Shimeji braun oder weiss,"€ 1,49",1.99,1 kg = 9.94,,Nein,Dieses Angebot findest du vom 05.02. bis 11.02. in deiner Kaufland-Filiale.,2026-02-05,2026-02-11,images_kaufland/kaufland_offer_071.jpg
Keine Marke,VitaSafe Früchte-Mix Melonen-Mix oder Ananasstücke,"€ 2,29",2.79,1 kg = 6.94,,Nein,Dieses Angebot findest du vom 05.02. bis 11.02. in deiner Kaufland-Filiale.,2026-02-05,2026-02-11,images_kaufland/kaufland_offer_072.jpg
Keine Marke,Orchidee im Potcover,"€ 9,99",,Kein Mengenpreis,,Nein,Dieses Angebot findest du vom 05.02. bis 11.02. in deiner Kaufland-Filiale.,2026-02-05,2026-02-11,images_kaufland/kaufland_offer_073.jpg
Keine Marke,Bioland dtsch Speisekartoffeln,"€ 1,49",1.99,1 kg = 1.00,,Nein,Dieses Angebot findest du vom 05.02. bis 11.02. in deiner Kaufland-Filiale.,2026-02-05,2026-02-11,images_kaufland/kaufland_offer_074.jpg
Keine Marke,Bioland dtsch Zwiebeln,"€ 1,49",1.99,Kein Mengenpreis,,Nein,Dieses Angebot findest du vom 05.02. bis 11.02. in deiner Kaufland-Filiale.,2026-02-05,2026-02-11,images_kaufland/kaufland_offer_075.jpg
Keine Marke,Ital Bio-Kiwis,"€ 1,99",2.79,Kein Mengenpreis,,Nein,Dieses Angebot findest du vom 05.02. bis 11.02. in deiner Kaufland-Filiale.,2026-02-05,2026-02-11,images_kaufland/kaufland_offer_076.jpg
K-PURLAND,Schnelle Küche Geschnetzeltes Mango-Curry,"€ 3,99",,1 kg = 7.98,,Nein,Dieses Angebot findest du vom 05.02. bis 11.02. in deiner Kaufland-Filiale.,2026-02-05,2026-02-11,images_kaufland/kaufland_offer_077.jpg
K-PURLAND,Kasseler Nacken Kamm XXL,"€ 5,79",,"entspr. z. B. für eine 2,3-kg-Packg. 13.32",,Nein,Dieses Angebot findest du vom 05.02. bis 11.02. in deiner Kaufland-Filiale.,2026-02-05,2026-02-11,images_kaufland/kaufland_offer_078.jpg
K-PURLAND,Halbes Schwein grob zerlegt,"€ 3,99",,Kein Mengenpreis,,Nein,Dieses Angebot findest du vom 05.02. bis 11.02. in deiner Kaufland-Filiale.,2026-02-05,2026-02-11,images_kaufland/kaufland_offer_079.jpg
K-PURLAND,Schweinemedaillons,"€ 8,29",,Kein Mengenpreis,,Nein,Dieses Angebot findest du vom 05.02. bis 11.02. in deiner Kaufland-Filiale.,2026-02-05,2026-02-11,images_kaufland/kaufland_offer_080.jpg
K-PURLAND,Kasseler Lachs,"€ 5,99",8.99,Kein Mengenpreis,,Nein,Dieses Angebot findest du vom 05.02. bis 11.02. in deiner Kaufland-Filiale.,2026-02-05,2026-02-11,images_kaufland/kaufland_offer_081.jpg
K-PURLAND,Steak Mexico Style,"€ 4,99",6.19,1 kg = 6.66,,Nein,Dieses Angebot findest du vom 05.02. bis 11.02. in deiner Kaufland-Filiale.,2026-02-05,2026-02-11,images_kaufland/kaufland_offer_082.jpg
K-PURLAND,Bierzelt-Haxe gepökelt,"€ 3,33",,Kein Mengenpreis,,Nein,Dieses Angebot findest du vom 05.02. bis 11.02. in deiner Kaufland-Filiale.,2026-02-05,2026-02-11,images_kaufland/kaufland_offer_083.jpg
K-PURLAND,Kasseler Frühstücksbauch,"€ 5,99",7.99,Kein Mengenpreis,,Nein,Dieses Angebot findest du vom 05.02. bis 11.02. in deiner Kaufland-Filiale.,2026-02-05,2026-02-11,images_kaufland/kaufland_offer_084.jpg
BECK,Spanferkel-Keule,"€ 11,99",,Kein Mengenpreis,,Nein,Dieses Angebot findest du vom 05.02. bis 11.02. in deiner Kaufland-Filiale.,2026-02-05,2026-02-11,images_kaufland/kaufland_offer_085.jpg
SCHWAMM,Cordon-Bleu-Braten,"€ 8,69",,Kein Mengenpreis,,Nein,Dieses Angebot findest du vom 05.02. bis 11.02. in deiner Kaufland-Filiale.,2026-02-05,2026-02-11,images_kaufland/kaufland_offer_086.jpg
K-PURLAND,Schinkenbraten,"€ 5,49",8.79,Kein Mengenpreis,,Nein,Dieses Angebot findest du vom 05.02. bis 11.02. in deiner Kaufland-Filiale.,2026-02-05,2026-02-11,images_kaufland/kaufland_offer_087.jpg
K-PURLAND,Burgunder-Braten,"€ 15,99",,Kein Mengenpreis,,Nein,Dieses Angebot findest du vom 05.02. bis 11.02. in deiner Kaufland-Filiale.,2026-02-05,2026-02-11,images_kaufland/kaufland_offer_088.jpg
K-PURLAND,Rinderbraten Hals Hohe Rippe vom Jungbullen,"€ 14,99",17.79,Kein Mengenpreis,,Nein,Dieses Angebot findest du vom 05.02. bis 11.02. in deiner Kaufland-Filiale.,2026-02-05,2026-02-11,images_kaufland/kaufland_offer_089.jpg
K-PURLAND,Sauerbraten vom Rind,"€ 15,99",,Kein Mengenpreis,,Nein,Dieses Angebot findest du vom 05.02. bis 11.02. in deiner Kaufland-Filiale.,2026-02-05,2026-02-11,images_kaufland/kaufland_offer_090.jpg
K-PURLAND,Pfeffer-Hüftsteak vom Jungbullen mariniert,"€ 18,95",23.49,entspr. z. B. für eine 200-g-Packg. 3.79,,Nein,Dieses Angebot findest du vom 05.02. bis 11.02. in deiner Kaufland-Filiale.,2026-02-05,2026-02-11,images_kaufland/kaufland_offer_091.jpg
K-WERTSCHÄTZE,Freiland-Hähnchen natur,"€ 5,99",7.49,"entspr. z. B. für ein 1,3-kg-Stück 7.79",,Nein,Dieses Angebot findest du vom 05.02. bis 11.02. in deiner Kaufland-Filiale.,2026-02-05,2026-02-11,images_kaufland/kaufland_offer_092.jpg
K-PURLAND,Hähnchen-Unterschenkel XXL,"€ 4,39",,Kein Mengenpreis,,Nein,Dieses Angebot findest du vom 05.02. bis 11.02. in deiner Kaufland-Filiale.,2026-02-05,2026-02-11,images_kaufland/kaufland_offer_093.jpg
K-PURLAND,Hähnchenbrustfilet- Teilstücke,"€ 4,99",,1 kg = 8.32,,Nein,Dieses Angebot findest du vom 05.02. bis 11.02. in deiner Kaufland-Filiale.,2026-02-05,2026-02-11,images_kaufland/kaufland_offer_094.jpg
Keine Marke,Chicken Nuggets Herzen XXL,"€ 5,99",,Kein Mengenpreis,,Nein,Dieses Angebot findest du vom 05.02. bis 11.02. in deiner Kaufland-Filiale.,2026-02-05,2026-02-11,images_kaufland/kaufland_offer_095.jpg
BARD,Hähnchenbrust im Baconmantel,"€ 15,98",,entspr. z. B. für eine 500-g-Packg. 7.99,,Nein,Dieses Angebot findest du vom 05.02. bis 11.02. in deiner Kaufland-Filiale.,2026-02-05,2026-02-11,images_kaufland/kaufland_offer_096.jpg
K-PURLAND,Hackfleisch gemischt,"€ 3,49",,1 kg = 6.98,,Nein,Dieses Angebot findest du vom 05.02. bis 11.02. in deiner Kaufland-Filiale.,2026-02-05,2026-02-11,images_kaufland/kaufland_offer_097.jpg
BÖKLUNDER,Aspik-Spezialität,"€ 1,69",2.19,1 kg = 8.45,,Nein,Dieses Angebot findest du vom 05.02. bis 11.02. in deiner Kaufland-Filiale.,2026-02-05,2026-02-11,images_kaufland/kaufland_offer_098.jpg
MONTORSI,Mortadella 4 Castelli,"€ 1,99",2.99,1 kg = 16.59,,Nein,Dieses Angebot findest du vom 05.02. bis 11.02. in deiner Kaufland-Filiale.,2026-02-05,2026-02-11,images_kaufland/kaufland_offer_099.jpg
WIESBAUER,Österr Wurstspezialitäten,"€ 1,49",2.39,1 kg = 18.63,,Nein,Dieses Angebot findest du vom 05.02. bis 11.02. in deiner Kaufland-Filiale.,2026-02-05,2026-02-11,images_kaufland/kaufland_offer_100.jpg
K-CLASSIC,Weißwurst,"€ 1,99",,1 kg = 6.64,,Nein,Dieses Angebot findest du vom 05.02. bis 11.02. in deiner Kaufland-Filiale.,2026-02-05,2026-02-11,images_kaufland/kaufland_offer_101.jpg
MONTORSI,Prosciutto Cotto,"€ 2,99",3.99,1 kg = 24.92,,Nein,Dieses Angebot findest du vom 05.02. bis 11.02. in deiner Kaufland-Filiale.,2026-02-05,2026-02-11,images_kaufland/kaufland_offer_102.jpg
NEGRONI,Gran Crudo,"€ 3,99",4.99,1 kg = 49.88,,Nein,Dieses Angebot findest du vom 05.02. bis 11.02. in deiner Kaufland-Filiale.,2026-02-05,2026-02-11,images_kaufland/kaufland_offer_103.jpg
WILTMANN,Bio-Salami,"€ 1,89",,1 kg = 23.63 - 37.80,,Nein,Dieses Angebot findest du vom 05.02. bis 11.02. in deiner Kaufland-Filiale.,2026-02-05,2026-02-11,images_kaufland/kaufland_offer_104.jpg
SNACK IT,Salamistangen,"€ 1,45",1.99,1 kg = 18.13,,Nein,Dieses Angebot findest du vom 05.02. bis 11.02. in deiner Kaufland-Filiale.,2026-02-05,2026-02-11,images_kaufland/kaufland_offer_105.jpg
TULIP,Frühstücksfleisch,"€ 1,99",2.49,1 kg = 5.86,,Nein,Dieses Angebot findest du vom 05.02. bis 11.02. in deiner Kaufland-Filiale.,2026-02-05,2026-02-11,images_kaufland/kaufland_offer_106.jpg
K-WERTSCHÄTZE,Rinder-Entrec te,"€ 26,90",,Kein Mengenpreis,,Nein,Dieses Angebot findest du vom 05.02. bis 11.02. in deiner Kaufland-Filiale.,2026-02-05,2026-02-11,images_kaufland/kaufland_offer_108.jpg
K-WERTSCHÄTZE,Rindertafelspitz vom Jungbullen,"€ 17,90",19.90,Kein Mengenpreis,,Nein,Dieses Angebot findest du vom 05.02. bis 11.02. in deiner Kaufland-Filiale.,2026-02-05,2026-02-11,images_kaufland/kaufland_offer_109.jpg
K-WERTSCHÄTZE,Rinderhackfleisch vom Jungbullen,"€ 12,90",15.90,Kein Mengenpreis,,Nein,Dieses Angebot findest du vom 05.02. bis 11.02. in deiner Kaufland-Filiale.,2026-02-05,2026-02-11,images_kaufland/kaufland_offer_110.jpg
HAGEN,Frikadellen,"€ 0,99",1.59,Kein Mengenpreis,,Nein,Dieses Angebot findest du vom 05.02. bis 11.02. in deiner Kaufland-Filiale.,2026-02-05,2026-02-11,images_kaufland/kaufland_offer_111.jpg
Aus eigener Herstellung,Krakauer,"€ 1,29",,Kein Mengenpreis,,Nein,Dieses Angebot findest du vom 05.02. bis 11.02. in deiner Kaufland-Filiale.,2026-02-05,2026-02-11,images_kaufland/kaufland_offer_112.jpg
WIESENHOF,Geflügelwurst,"€ 1,29",1.89,Kein Mengenpreis,,Nein,Dieses Angebot findest du vom 05.02. bis 11.02. in deiner Kaufland-Filiale.,2026-02-05,2026-02-11,images_kaufland/kaufland_offer_113.jpg
NOTHWANG,Honigschinken,"€ 1,69",2.49,Kein Mengenpreis,,Nein,Dieses Angebot findest du vom 05.02. bis 11.02. in deiner Kaufland-Filiale.,2026-02-05,2026-02-11,images_kaufland/kaufland_offer_114.jpg
REINERT,Würzica,"€ 1,99",,Kein Mengenpreis,,Nein,Dieses Angebot findest du vom 05.02. bis 11.02. in deiner Kaufland-Filiale.,2026-02-05,2026-02-11,images_kaufland/kaufland_offer_115.jpg
PICK,Echt ungar Salami,"€ 1,69",3.49,Kein Mengenpreis,,Nein,Dieses Angebot findest du vom 05.02. bis 11.02. in deiner Kaufland-Filiale.,2026-02-05,2026-02-11,images_kaufland/kaufland_offer_116.jpg
Kalbsbraten,aus der Keule,"€ 19,90",23.90,Kein Mengenpreis,,Nein,Dieses Angebot findest du vom 05.02. bis 11.02. in deiner Kaufland-Filiale.,2026-02-05,2026-02-11,images_kaufland/kaufland_offer_117.jpg
K-BLUE BAY,Knusperbackfisch XXL,"€ 4,99",,1 kg = 8.92,,Nein,Dieses Angebot findest du vom 05.02. bis 11.02. in deiner Kaufland-Filiale.,2026-02-05,2026-02-11,images_kaufland/kaufland_offer_118.jpg
K-BLUE BAY,Crevettes Roses,"€ 2,49",,1 kg = 9.96,,Nein,Dieses Angebot findest du vom 05.02. bis 11.02. in deiner Kaufland-Filiale.,2026-02-05,2026-02-11,images_kaufland/kaufland_offer_119.jpg
LANDLIEBE,Pudding,"€ 0,49",,1 kg = 2.18 - 3.27,,Nein,Dieses Angebot findest du vom 05.02. bis 11.02. in deiner Kaufland-Filiale.,2026-02-05,2026-02-11,images_kaufland/kaufland_offer_121.jpg
COOKIE BROS,Keksteig zum Naschen,"€ 2,49",2.99,1 kg = 15.57 - 16.60,,Nein,Dieses Angebot findest du vom 05.02. bis 11.02. in deiner Kaufland-Filiale.,2026-02-05,2026-02-11,images_kaufland/kaufland_offer_122.jpg
EXQUISA,Käsekuchen-Snack,"€ 1,11",1.39,1 kg = 15.86,,Nein,Dieses Angebot findest du vom 05.02. bis 11.02. in deiner Kaufland-Filiale.,2026-02-05,2026-02-11,images_kaufland/kaufland_offer_123.jpg
GLOWKITCHEN,Bio-Mini-Bananenbrot,"€ 1,59",1.99,1 kg = 22.72,,Nein,Dieses Angebot findest du vom 05.02. bis 11.02. in deiner Kaufland-Filiale.,2026-02-05,2026-02-11,images_kaufland/kaufland_offer_124.jpg
Keine Marke,Macaron-Herzen,"€ 2,99",,1 kg = 33.23,,Nein,Dieses Angebot findest du vom 05.02. bis 11.02. in deiner Kaufland-Filiale.,2026-02-05,2026-02-11,images_kaufland/kaufland_offer_125.jpg
KINDER,Choco fresh oder Paradiso,"€ 1,49",,1 kg = 12.85 - 14.54,,Nein,Dieses Angebot findest du vom 05.02. bis 11.02. in deiner Kaufland-Filiale.,2026-02-05,2026-02-11,images_kaufland/kaufland_offer_126.jpg
DANONE,Actimel,"€ 1,99",,1 kg = 2.49,,Nein,Dieses Angebot findest du vom 05.02. bis 11.02. in deiner Kaufland-Filiale.,2026-02-05,2026-02-11,images_kaufland/kaufland_offer_127.jpg
EMMI,Caff Latte,"€ 1,39",2.39,1 l = 6.05,,Nein,Dieses Angebot findest du vom 05.02. bis 11.02. in deiner Kaufland-Filiale.,2026-02-05,2026-02-11,images_kaufland/kaufland_offer_128.jpg
EHRMANN,Obstgarten,"€ 0,49",,1 kg = 3.92,,Nein,Dieses Angebot findest du vom 05.02. bis 11.02. in deiner Kaufland-Filiale.,2026-02-05,2026-02-11,images_kaufland/kaufland_offer_130.jpg
EXQUISA,Quark-Genuss,"€ 1,49",2.49,1 kg = 2.98,,Nein,Dieses Angebot findest du vom 05.02. bis 11.02. in deiner Kaufland-Filiale.,2026-02-05,2026-02-11,images_kaufland/kaufland_offer_131.jpg
DUG,Kartoffeldrink,"€ 1,99",2.49,Kein Mengenpreis,,Nein,Dieses Angebot findest du vom 05.02. bis 11.02. in deiner Kaufland-Filiale.,2026-02-05,2026-02-11,images_kaufland/kaufland_offer_132.jpg
VLY,No Milk Today Erbsenprotein- Drink Barista oder Ungesüßt,"€ 1,99",2.49,Kein Mengenpreis,,Nein,Dieses Angebot findest du vom 05.02. bis 11.02. in deiner Kaufland-Filiale.,2026-02-05,2026-02-11,images_kaufland/kaufland_offer_133.jpg
NATRUE,Barista Oat Matcha,"€ 2,22",2.99,Kein Mengenpreis,,Nein,Dieses Angebot findest du vom 05.02. bis 11.02. in deiner Kaufland-Filiale.,2026-02-05,2026-02-11,images_kaufland/kaufland_offer_134.jpg
PIN,Pistaziendrink,"€ 1,99",2.49,1 l = 3.98,,Nein,Dieses Angebot findest du vom 05.02. bis 11.02. in deiner Kaufland-Filiale.,2026-02-05,2026-02-11,images_kaufland/kaufland_offer_135.jpg
M LK,Haferdrink Barista,"€ 1,59",1.99,Kein Mengenpreis,,Nein,Dieses Angebot findest du vom 05.02. bis 11.02. in deiner Kaufland-Filiale.,2026-02-05,2026-02-11,images_kaufland/kaufland_offer_136.jpg
K-TAKE IT VEGGIE,Bio-Mandeldrink,"€ 0,99",1.35,Kein Mengenpreis,,Nein,Dieses Angebot findest du vom 05.02. bis 11.02. in deiner Kaufland-Filiale.,2026-02-05,2026-02-11,images_kaufland/kaufland_offer_137.jpg
ALPRO,Mandel- oder Kokosnussdrink,"€ 1,99",,Kein Mengenpreis,,Nein,Dieses Angebot findest du vom 05.02. bis 11.02. in deiner Kaufland-Filiale.,2026-02-05,2026-02-11,images_kaufland/kaufland_offer_138.jpg
K-TAKE IT VEGGIE,Vegane Schlagcreme,"€ 0,79",0.95,1 l = 3.95,,Nein,Dieses Angebot findest du vom 05.02. bis 11.02. in deiner Kaufland-Filiale.,2026-02-05,2026-02-11,images_kaufland/kaufland_offer_139.jpg
ALPENHAIN,Obazda,"€ 1,49",,1 kg = 11.92,,Nein,Dieses Angebot findest du vom 05.02. bis 11.02. in deiner Kaufland-Filiale.,2026-02-05,2026-02-11,images_kaufland/kaufland_offer_140.jpg
K-FAVOURITES,Gorgonzola DOP,"€ 2,22",2.99,1 kg = 11.10,,Nein,Dieses Angebot findest du vom 05.02. bis 11.02. in deiner Kaufland-Filiale.,2026-02-05,2026-02-11,images_kaufland/kaufland_offer_141.jpg
PR SIDENT,Franz Weichkäse,"€ 2,59",3.49,1 kg = 12.95 - 17.27,,Nein,Dieses Angebot findest du vom 05.02. bis 11.02. in deiner Kaufland-Filiale.,2026-02-05,2026-02-11,images_kaufland/kaufland_offer_142.jpg
MILKANA,Tolle Rolle oder Schmelzkäse-Zubereitung,"€ 1,79",2.69,1 kg = 9.43 - 17.90,,Nein,Dieses Angebot findest du vom 05.02. bis 11.02. in deiner Kaufland-Filiale.,2026-02-05,2026-02-11,images_kaufland/kaufland_offer_143.jpg
SALZBURGMILCH,Bergkäse oder Heujuwel,"€ 2,49",,1 kg = 9.96,,Nein,Dieses Angebot findest du vom 05.02. bis 11.02. in deiner Kaufland-Filiale.,2026-02-05,2026-02-11,images_kaufland/kaufland_offer_144.jpg
K-CLASSIC,Gouda jung,"€ 3,29",,1 kg = 7.32,,Nein,Dieses Angebot findest du vom 05.02. bis 11.02. in deiner Kaufland-Filiale.,2026-02-05,2026-02-11,images_kaufland/kaufland_offer_145.jpg
BABYBEL,Mini,"€ 1,59",,1 kg = 15.90,,Nein,Dieses Angebot findest du vom 05.02. bis 11.02. in deiner Kaufland-Filiale.,2026-02-05,2026-02-11,images_kaufland/kaufland_offer_146.jpg
Keine Marke,Parmigiano Reggiano DOP,"€ 2,79",3.79,Kein Mengenpreis,,Nein,Dieses Angebot findest du vom 05.02. bis 11.02. in deiner Kaufland-Filiale.,2026-02-05,2026-02-11,images_kaufland/kaufland_offer_148.jpg
Keine Marke,Schweizer Emmentaler AOP,"€ 1,99",,Kein Mengenpreis,,Nein,Dieses Angebot findest du vom 05.02. bis 11.02. in deiner Kaufland-Filiale.,2026-02-05,2026-02-11,images_kaufland/kaufland_offer_149.jpg
GRÜNLÄNDER,Dtsch Schnittkäse,"€ 0,99",2.09,Kein Mengenpreis,,Nein,Dieses Angebot findest du vom 05.02. bis 11.02. in deiner Kaufland-Filiale.,2026-02-05,2026-02-11,images_kaufland/kaufland_offer_150.jpg
CAMBOZOLA MONTAGNOLO,ROUGETTE oder FIORELLA DI TOMINO,"€ 1,79",,Kein Mengenpreis,,Nein,Dieses Angebot findest du vom 05.02. bis 11.02. in deiner Kaufland-Filiale.,2026-02-05,2026-02-11,images_kaufland/kaufland_offer_151.jpg
NUII,Eis am Stiel,"€ 2,22",3.99,1 l = 8.23,,Nein,Dieses Angebot findest du vom 05.02. bis 11.02. in deiner Kaufland-Filiale.,2026-02-05,2026-02-11,images_kaufland/kaufland_offer_152.jpg
OSWALD,Schofrulade,"€ 2,69",3.89,1 kg = 20.70,,Nein,Dieses Angebot findest du vom 05.02. bis 11.02. in deiner Kaufland-Filiale.,2026-02-05,2026-02-11,images_kaufland/kaufland_offer_153.jpg
COPPENRATH WIESE,Meistertorte,"€ 5,99",,1 kg = 5.45 - 11.98,,Nein,Dieses Angebot findest du vom 05.02. bis 11.02. in deiner Kaufland-Filiale.,2026-02-05,2026-02-11,images_kaufland/kaufland_offer_156.jpg
ARTISAN CAKE,Dessert,"€ 4,99",,1 kg = 55.45 - 62.38,,Nein,Dieses Angebot findest du vom 05.02. bis 11.02. in deiner Kaufland-Filiale.,2026-02-05,2026-02-11,images_kaufland/kaufland_offer_157.jpg
POPPIES,Mini-Donuts oder -Eclairs,"€ 2,22",2.99,1 kg = 8.05 - 12.07,,Nein,Dieses Angebot findest du vom 05.02. bis 11.02. in deiner Kaufland-Filiale.,2026-02-05,2026-02-11,images_kaufland/kaufland_offer_158.jpg
K-CLASSIC,Mini-Gebäck,"€ 2,49",2.99,1 kg = 8.30,,Nein,Dieses Angebot findest du vom 05.02. bis 11.02. in deiner Kaufland-Filiale.,2026-02-05,2026-02-11,images_kaufland/kaufland_offer_159.jpg
SNACKMASTER,Mikrowellen-Pommes,"€ 0,74",1.39,1 kg = 5.29,,Nein,Dieses Angebot findest du vom 05.02. bis 11.02. in deiner Kaufland-Filiale.,2026-02-05,2026-02-11,images_kaufland/kaufland_offer_160.jpg
IGLO,Fischstäbchen,"€ 2,22",,1 kg = 4.94 - 6.17,,Nein,Dieses Angebot findest du vom 05.02. bis 11.02. in deiner Kaufland-Filiale.,2026-02-05,2026-02-11,images_kaufland/kaufland_offer_161.jpg
BÜRGER,Maultaschen,"€ 1,69",,1 kg = 4.70 - 5.64,,Nein,Dieses Angebot findest du vom 05.02. bis 11.02. in deiner Kaufland-Filiale.,2026-02-05,2026-02-11,images_kaufland/kaufland_offer_162.jpg
K-TO GO,Sandwich,"€ 1,69",1.99,1 kg = 9.14,,Nein,Dieses Angebot findest du vom 05.02. bis 11.02. in deiner Kaufland-Filiale.,2026-02-05,2026-02-11,images_kaufland/kaufland_offer_163.jpg
K-TAKE IT VEGGIE,Bio-Tempeh,"€ 2,39",2.99,1 kg = 11.95,,Nein,Dieses Angebot findest du vom 05.02. bis 11.02. in deiner Kaufland-Filiale.,2026-02-05,2026-02-11,images_kaufland/kaufland_offer_164.jpg
K-TO GO,Schweizer Wurstsalat,"€ 1,69",1.99,1 kg = 5.64,,Nein,Dieses Angebot findest du vom 05.02. bis 11.02. in deiner Kaufland-Filiale.,2026-02-05,2026-02-11,images_kaufland/kaufland_offer_165.jpg
LYSELL,Heringsfiletröllchen,"€ 1,69",,Abtropfgewicht 75 g - 90 g (1 kg = 18.78 - 22.54,,Nein,Dieses Angebot findest du vom 05.02. bis 11.02. in deiner Kaufland-Filiale.,2026-02-05,2026-02-11,images_kaufland/kaufland_offer_167.jpg
K-BIO,Bioland Brechbohnen,"€ 0,79",0.99,Abtropfgewicht 195 g (1 kg = 4.06,,Nein,Dieses Angebot findest du vom 05.02. bis 11.02. in deiner Kaufland-Filiale.,2026-02-05,2026-02-11,images_kaufland/kaufland_offer_168.jpg
KÜHNE,Gewürzgurken oder Dänischer Gurkensalat,"€ 1,59",2.79,Abtropfgewicht 360 g (1 kg = 4.42,,Nein,Dieses Angebot findest du vom 05.02. bis 11.02. in deiner Kaufland-Filiale.,2026-02-05,2026-02-11,images_kaufland/kaufland_offer_170.jpg
KÜHNE,Dressing,"€ 1,99",2.49,1 l = 3.98,,Nein,Dieses Angebot findest du vom 05.02. bis 11.02. in deiner Kaufland-Filiale.,2026-02-05,2026-02-11,images_kaufland/kaufland_offer_171.jpg
KÜHNE,Mittelscharfer Senf,"€ 1,29",1.79,1 l = 5.16,,Nein,Dieses Angebot findest du vom 05.02. bis 11.02. in deiner Kaufland-Filiale.,2026-02-05,2026-02-11,images_kaufland/kaufland_offer_172.jpg
MAGGI,Internat Würzsoße,"€ 1,99",,1 l = 3.98,,Nein,Dieses Angebot findest du vom 05.02. bis 11.02. in deiner Kaufland-Filiale.,2026-02-05,2026-02-11,images_kaufland/kaufland_offer_173.jpg
FILIPPO BERIO,Natives Olivenöl extra,"€ 8,00",9.98,1 l = 8.00,,Nein,Dieses Angebot findest du vom 05.02. bis 11.02. in deiner Kaufland-Filiale.,2026-02-05,2026-02-11,images_kaufland/kaufland_offer_174.jpg
MAZOLA,Keimöl,"€ 3,49",4.49,1 l = 4.66,,Nein,Dieses Angebot findest du vom 05.02. bis 11.02. in deiner Kaufland-Filiale.,2026-02-05,2026-02-11,images_kaufland/kaufland_offer_175.jpg
SAMYANG,Tangle Pasta,"€ 1,59",1.99,Kein Mengenpreis,,Nein,Dieses Angebot findest du vom 05.02. bis 11.02. in deiner Kaufland-Filiale.,2026-02-05,2026-02-11,images_kaufland/kaufland_offer_176.jpg
Keine Marke,Oliven-Mix,"€ 0,99",,Kein Mengenpreis,,Nein,Dieses Angebot findest du vom 05.02. bis 11.02. in deiner Kaufland-Filiale.,2026-02-05,2026-02-11,images_kaufland/kaufland_offer_177.jpg
Keine Marke,Grüne Peperoni,"€ 0,99",,Kein Mengenpreis,,Nein,Dieses Angebot findest du vom 05.02. bis 11.02. in deiner Kaufland-Filiale.,2026-02-05,2026-02-11,images_kaufland/kaufland_offer_178.jpg
Keine Marke,Hot Dog,"€ 0,99",,Kein Mengenpreis,,Nein,Dieses Angebot findest du vom 05.02. bis 11.02. in deiner Kaufland-Filiale.,2026-02-05,2026-02-11,images_kaufland/kaufland_offer_179.jpg
Keine Marke,Schinken-Käse-Croissant,"€ 0,59",0.79,Kein Mengenpreis,,Nein,Dieses Angebot findest du vom 05.02. bis 11.02. in deiner Kaufland-Filiale.,2026-02-05,2026-02-11,images_kaufland/kaufland_offer_180.jpg
Keine Marke,Erdbeerherz,"€ 0,89",,Kein Mengenpreis,,Nein,Dieses Angebot findest du vom 05.02. bis 11.02. in deiner Kaufland-Filiale.,2026-02-05,2026-02-11,images_kaufland/kaufland_offer_181.jpg
Keine Marke,Herz-Berliner,"€ 0,69",,Kein Mengenpreis,,Nein,Dieses Angebot findest du vom 05.02. bis 11.02. in deiner Kaufland-Filiale.,2026-02-05,2026-02-11,images_kaufland/kaufland_offer_182.jpg
Keine Marke,Gourmetlaugenstange,"€ 0,39",0.49,Kein Mengenpreis,,Nein,Dieses Angebot findest du vom 05.02. bis 11.02. in deiner Kaufland-Filiale.,2026-02-05,2026-02-11,images_kaufland/kaufland_offer_183.jpg
Keine Marke,Weißbrot mit Glanz,"€ 1,39",1.99,1 kg = 2.78,,Nein,Dieses Angebot findest du vom 05.02. bis 11.02. in deiner Kaufland-Filiale.,2026-02-05,2026-02-11,images_kaufland/kaufland_offer_184.jpg
Keine Marke,Möhren-Kartoffel-Brot,"€ 1,19",,1 kg = 2.65,,Nein,Dieses Angebot findest du vom 05.02. bis 11.02. in deiner Kaufland-Filiale.,2026-02-05,2026-02-11,images_kaufland/kaufland_offer_185.jpg
K-CLASSIC,Baguettes oder Brötchen,"€ 0,55",,1 kg = 1.84,,Nein,Dieses Angebot findest du vom 05.02. bis 11.02. in deiner Kaufland-Filiale.,2026-02-05,2026-02-11,images_kaufland/kaufland_offer_186.jpg
K-BIO,Bio-Toastbrötchen,"€ 0,85",0.95,1 kg = 3.27,,Nein,Dieses Angebot findest du vom 05.02. bis 11.02. in deiner Kaufland-Filiale.,2026-02-05,2026-02-11,images_kaufland/kaufland_offer_187.jpg
LEICHT CROSS,Knusperbrot,"€ 0,99",1.39,1 kg = 7.92,,Nein,Dieses Angebot findest du vom 05.02. bis 11.02. in deiner Kaufland-Filiale.,2026-02-05,2026-02-11,images_kaufland/kaufland_offer_189.jpg
MAGGI,Guten Appetit Suppe,"€ 0,59",,1 l = 0.59 - 0.79,,Nein,Dieses Angebot findest du vom 05.02. bis 11.02. in deiner Kaufland-Filiale.,2026-02-05,2026-02-11,images_kaufland/kaufland_offer_190.jpg
KNORR,Fix,"€ 0,39",,1 kg = 4.34 - 13.93,,Nein,Dieses Angebot findest du vom 05.02. bis 11.02. in deiner Kaufland-Filiale.,2026-02-05,2026-02-11,images_kaufland/kaufland_offer_191.jpg
BIHOPHAR,Akazien-Honig,"€ 6,66",8.49,1 kg = 13.32,,Nein,Dieses Angebot findest du vom 05.02. bis 11.02. in deiner Kaufland-Filiale.,2026-02-05,2026-02-11,images_kaufland/kaufland_offer_193.jpg
MILKA,Haselnusscreme,"€ 2,49",3.69,1 kg = 7.12,,Nein,Dieses Angebot findest du vom 05.02. bis 11.02. in deiner Kaufland-Filiale.,2026-02-05,2026-02-11,images_kaufland/kaufland_offer_194.jpg
GRAFSCHAFTER,Goldsaft Zuckerrübensirup,"€ 1,39",1.79,1 kg = 3.09,,Nein,Dieses Angebot findest du vom 05.02. bis 11.02. in deiner Kaufland-Filiale.,2026-02-05,2026-02-11,images_kaufland/kaufland_offer_195.jpg
DR OETKER,Vitalis Müsli,"€ 6,00",,1 kg = 2.78 - 3.88,,Nein,Dieses Angebot findest du vom 05.02. bis 11.02. in deiner Kaufland-Filiale.,2026-02-05,2026-02-11,images_kaufland/kaufland_offer_196.jpg
LEIMER,Panko Paniermehl,"€ 1,49",1.99,1 kg = 8.52,,Nein,Dieses Angebot findest du vom 05.02. bis 11.02. in deiner Kaufland-Filiale.,2026-02-05,2026-02-11,images_kaufland/kaufland_offer_197.jpg
K-BIO,Bio-Cashewbruch,"€ 2,69",3.25,1 kg = 8.97,,Nein,Dieses Angebot findest du vom 05.02. bis 11.02. in deiner Kaufland-Filiale.,2026-02-05,2026-02-11,images_kaufland/kaufland_offer_198.jpg
K-CLASSIC,Pekannuss-Kerne,"€ 2,99",3.99,1 kg = 14.95,,Nein,Dieses Angebot findest du vom 05.02. bis 11.02. in deiner Kaufland-Filiale.,2026-02-05,2026-02-11,images_kaufland/kaufland_offer_199.jpg
MELITTA,Kaffee,"€ 6,49",9.29,1 kg = 12.98,,Nein,Dieses Angebot findest du vom 05.02. bis 11.02. in deiner Kaufland-Filiale.,2026-02-05,2026-02-11,images_kaufland/kaufland_offer_200.jpg
EDUSCHO,Filterkaffee Nr 1,"€ 6,49",,1 kg = 12.98,,Nein,Dieses Angebot findest du vom 05.02. bis 11.02. in deiner Kaufland-Filiale.,2026-02-05,2026-02-11,images_kaufland/kaufland_offer_201.jpg
DALLMAYR,Crema d Oro,"€ 12,99",20.99,Kein Mengenpreis,,Nein,Dieses Angebot findest du vom 05.02. bis 11.02. in deiner Kaufland-Filiale.,2026-02-05,2026-02-11,images_kaufland/kaufland_offer_202.jpg
MELITTA,Kaffee-Pads,"€ 1,99",2.99,1 kg = 17.77 - 18.60,,Nein,Dieses Angebot findest du vom 05.02. bis 11.02. in deiner Kaufland-Filiale.,2026-02-05,2026-02-11,images_kaufland/kaufland_offer_203.jpg
TEEKANNE,Verführerischer Früchtetee,"€ 3,38",5.07,1 kg = 25.12,,Nein,Dieses Angebot findest du vom 05.02. bis 11.02. in deiner Kaufland-Filiale.,2026-02-05,2026-02-11,images_kaufland/kaufland_offer_205.jpg
K-CONCEPT VITAL,Arzneitee,"€ 1,17",,1 kg = 30.79 - 39.00,,Nein,Dieses Angebot findest du vom 05.02. bis 11.02. in deiner Kaufland-Filiale.,2026-02-05,2026-02-11,images_kaufland/kaufland_offer_206.jpg
K-CLASSIC,Knusper-Mäuse,"€ 0,99",1.19,1 kg = 7.92,,Nein,Dieses Angebot findest du vom 05.02. bis 11.02. in deiner Kaufland-Filiale.,2026-02-05,2026-02-11,images_kaufland/kaufland_offer_208.jpg
K-CLASSIC,Käse- oder Salz-Stängli,"€ 1,29",1.59,1 kg = 8.60,,Nein,Dieses Angebot findest du vom 05.02. bis 11.02. in deiner Kaufland-Filiale.,2026-02-05,2026-02-11,images_kaufland/kaufland_offer_210.jpg
K-CLASSIC,Knuspriger Knabber-Mix,"€ 1,39",1.79,1 kg = 4.64,,Nein,Dieses Angebot findest du vom 05.02. bis 11.02. in deiner Kaufland-Filiale.,2026-02-05,2026-02-11,images_kaufland/kaufland_offer_211.jpg
TUC,Cracker,"€ 1,99",,1 kg = 6.64,,Nein,Dieses Angebot findest du vom 05.02. bis 11.02. in deiner Kaufland-Filiale.,2026-02-05,2026-02-11,images_kaufland/kaufland_offer_212.jpg
MON CH RI,Pralinen mit Alkoholfüllung,"€ 2,39",3.99,1 kg = 15.23,,Nein,Dieses Angebot findest du vom 05.02. bis 11.02. in deiner Kaufland-Filiale.,2026-02-05,2026-02-11,images_kaufland/kaufland_offer_214.jpg
RITTER SPORT oder AMICELLI,Herz,"€ 2,99",,1 kg = 21.83 - 25.13,,Nein,Dieses Angebot findest du vom 05.02. bis 11.02. in deiner Kaufland-Filiale.,2026-02-05,2026-02-11,images_kaufland/kaufland_offer_215.jpg
FERRERO,Mon Ch ri Raffaello Rocher oder Küsschen Herz,"€ 4,49",,1 kg = 30.55 - 36.21,,Nein,Dieses Angebot findest du vom 05.02. bis 11.02. in deiner Kaufland-Filiale.,2026-02-05,2026-02-11,images_kaufland/kaufland_offer_216.jpg
FERRERO,Küsschen,"€ 2,79",3.99,1 kg = 15.68 - 16.23,,Nein,Dieses Angebot findest du vom 05.02. bis 11.02. in deiner Kaufland-Filiale.,2026-02-05,2026-02-11,images_kaufland/kaufland_offer_218.jpg
LINDT,Mini-Pralin s,"€ 4,99",,1 kg = 49.90,,Nein,Dieses Angebot findest du vom 05.02. bis 11.02. in deiner Kaufland-Filiale.,2026-02-05,2026-02-11,images_kaufland/kaufland_offer_219.jpg
LINDT,Alles Liebe Pralin s,"€ 5,99",8.99,1 kg = 47.92,,Nein,Dieses Angebot findest du vom 05.02. bis 11.02. in deiner Kaufland-Filiale.,2026-02-05,2026-02-11,images_kaufland/kaufland_offer_220.jpg
LINDT,Lindor,"€ 7,99",11.99,1 kg = 21.31,,Nein,Dieses Angebot findest du vom 05.02. bis 11.02. in deiner Kaufland-Filiale.,2026-02-05,2026-02-11,images_kaufland/kaufland_offer_221.jpg
MERCI,Lovelies,"€ 2,49",3.49,1 kg = 13.46,,Nein,Dieses Angebot findest du vom 05.02. bis 11.02. in deiner Kaufland-Filiale.,2026-02-05,2026-02-11,images_kaufland/kaufland_offer_222.jpg
KINDER,Riegel Fan-Edition,"€ 6,99",,Kein Mengenpreis,,Nein,Dieses Angebot findest du vom 05.02. bis 11.02. in deiner Kaufland-Filiale.,2026-02-05,2026-02-11,images_kaufland/kaufland_offer_223.jpg
KNOPPERS,Minis,"€ 1,99",2.49,1 kg = 9.95,,Nein,Dieses Angebot findest du vom 05.02. bis 11.02. in deiner Kaufland-Filiale.,2026-02-05,2026-02-11,images_kaufland/kaufland_offer_224.jpg
NESTL,KitKat Lion oder Smarties Mini,"€ 2,49",4.79,1 kg = 10.65 - 13.32,,Nein,Dieses Angebot findest du vom 05.02. bis 11.02. in deiner Kaufland-Filiale.,2026-02-05,2026-02-11,images_kaufland/kaufland_offer_225.jpg
EM-EUKAL,Gummidrops,"€ 1,29",1.85,1 kg = 14.34,,Nein,Dieses Angebot findest du vom 05.02. bis 11.02. in deiner Kaufland-Filiale.,2026-02-05,2026-02-11,images_kaufland/kaufland_offer_227.jpg
HARIBO,Love Edition oder Berry Hearts,"€ 0,89",1.19,1 kg = 5.57,,Nein,Dieses Angebot findest du vom 05.02. bis 11.02. in deiner Kaufland-Filiale.,2026-02-05,2026-02-11,images_kaufland/kaufland_offer_228.jpg
WICK,Halsbonbons,"€ 1,29",1.65,1 kg = 17.92,,Nein,Dieses Angebot findest du vom 05.02. bis 11.02. in deiner Kaufland-Filiale.,2026-02-05,2026-02-11,images_kaufland/kaufland_offer_230.jpg
TIC TAC,Dragees,"€ 1,39",1.99,1 kg = 25.75,,Nein,Dieses Angebot findest du vom 05.02. bis 11.02. in deiner Kaufland-Filiale.,2026-02-05,2026-02-11,images_kaufland/kaufland_offer_231.jpg
STORCK,Nimm2 Fruchtbonbons Soft oder Lollies,"€ 1,69",1.99,1 kg = 3.94 - 8.45,,Nein,Dieses Angebot findest du vom 05.02. bis 11.02. in deiner Kaufland-Filiale.,2026-02-05,2026-02-11,images_kaufland/kaufland_offer_232.jpg
BÖHME,Fruchtkaramellen,"€ 1,39",1.89,1 kg = 5.56,,Nein,Dieses Angebot findest du vom 05.02. bis 11.02. in deiner Kaufland-Filiale.,2026-02-05,2026-02-11,images_kaufland/kaufland_offer_233.jpg
MAOAM,MaoMixx oder Joystixx,"€ 1,79",2.79,1 kg = 5.51 - 7.16,,Nein,Dieses Angebot findest du vom 05.02. bis 11.02. in deiner Kaufland-Filiale.,2026-02-05,2026-02-11,images_kaufland/kaufland_offer_234.jpg
STORCK,Super-Dickmann s,"€ 1,59",2.29,1 kg = 6.36,,Nein,Dieses Angebot findest du vom 05.02. bis 11.02. in deiner Kaufland-Filiale.,2026-02-05,2026-02-11,images_kaufland/kaufland_offer_235.jpg
STORCK,Dickmann s Berliner,"€ 1,59",,1 kg = 10.00,,Nein,Dieses Angebot findest du vom 05.02. bis 11.02. in deiner Kaufland-Filiale.,2026-02-05,2026-02-11,images_kaufland/kaufland_offer_236.jpg
COOL,Lollipop-Mix,"€ 2,79",3.49,1 kg = 5.58,,Nein,Dieses Angebot findest du vom 05.02. bis 11.02. in deiner Kaufland-Filiale.,2026-02-05,2026-02-11,images_kaufland/kaufland_offer_237.jpg
LEIBNIZ,Zoo,"€ 1,49",1.89,1 kg = 11.92,,Nein,Dieses Angebot findest du vom 05.02. bis 11.02. in deiner Kaufland-Filiale.,2026-02-05,2026-02-11,images_kaufland/kaufland_offer_238.jpg
OREO,Doppelkekse,"€ 1,39",1.99,1 kg = 7.90 - 8.18,,Nein,Dieses Angebot findest du vom 05.02. bis 11.02. in deiner Kaufland-Filiale.,2026-02-05,2026-02-11,images_kaufland/kaufland_offer_239.jpg
LEIBNIZ,Choco,"€ 1,89",,1 kg = 15.12,,Nein,Dieses Angebot findest du vom 05.02. bis 11.02. in deiner Kaufland-Filiale.,2026-02-05,2026-02-11,images_kaufland/kaufland_offer_240.jpg
LINDT,Lindor Love,"€ 6,99",8.99,1 kg = 43.15,,Nein,Dieses Angebot findest du vom 05.02. bis 11.02. in deiner Kaufland-Filiale.,2026-02-05,2026-02-11,images_kaufland/kaufland_offer_241.jpg
TRUE FRUITS,Smoothie,"€ 2,29",2.89,1 l = 9.16,,Nein,Dieses Angebot findest du vom 05.02. bis 11.02. in deiner Kaufland-Filiale.,2026-02-05,2026-02-11,images_kaufland/kaufland_offer_242.jpg
RIOCA,Matcha-Drink,"€ 2,22",2.49,1 l = 7.40,,Nein,Dieses Angebot findest du vom 05.02. bis 11.02. in deiner Kaufland-Filiale.,2026-02-05,2026-02-11,images_kaufland/kaufland_offer_243.jpg
FEVER-TREE,Tonic Water,"€ 1,99",2.49,1 l = 3.98,,Nein,Dieses Angebot findest du vom 05.02. bis 11.02. in deiner Kaufland-Filiale.,2026-02-05,2026-02-11,images_kaufland/kaufland_offer_244.jpg
DR PEPPER,Erfrischungsgetränk,"€ 0,79",1.09,1 l = 2.40,,Nein,Dieses Angebot findest du vom 05.02. bis 11.02. in deiner Kaufland-Filiale.,2026-02-05,2026-02-11,images_kaufland/kaufland_offer_246.jpg
VILSA,Mineralwasser,"€ 2,70",3.30,1 l = 0.60,,Nein,Dieses Angebot findest du vom 05.02. bis 11.02. in deiner Kaufland-Filiale.,2026-02-05,2026-02-11,images_kaufland/kaufland_offer_247.jpg
K-CLASSIC,Apfelsaft,"€ 0,88",1.19,Kein Mengenpreis,,Nein,Dieses Angebot findest du vom 05.02. bis 11.02. in deiner Kaufland-Filiale.,2026-02-05,2026-02-11,images_kaufland/kaufland_offer_248.jpg
MORE,Zerup,"€ 3,99",,1 l = 61.39,,Nein,Dieses Angebot findest du vom 05.02. bis 11.02. in deiner Kaufland-Filiale.,2026-02-05,2026-02-11,images_kaufland/kaufland_offer_249.jpg
SODASTREAM,Getränkesirup,"€ 3,99",,1 l = 9.07,,Nein,Dieses Angebot findest du vom 05.02. bis 11.02. in deiner Kaufland-Filiale.,2026-02-05,2026-02-11,images_kaufland/kaufland_offer_250.jpg
KLEINER FEIGLING,Likör,"€ 5,99",8.49,1 l = 11.98,,Nein,Dieses Angebot findest du vom 05.02. bis 11.02. in deiner Kaufland-Filiale.,2026-02-05,2026-02-11,images_kaufland/kaufland_offer_251.jpg
NORDBRAND,Pfefferminz-Likör,"€ 3,99",4.99,1 l = 5.70,,Nein,Dieses Angebot findest du vom 05.02. bis 11.02. in deiner Kaufland-Filiale.,2026-02-05,2026-02-11,images_kaufland/kaufland_offer_253.jpg
BOMBAY,Sapphire London Dry Gin oder Citron Press,"€ 16,99",24.99,1 l = 24.28,,Nein,Dieses Angebot findest du vom 05.02. bis 11.02. in deiner Kaufland-Filiale.,2026-02-05,2026-02-11,images_kaufland/kaufland_offer_254.jpg
SIERRA,Tequila Blanco o Reposado,"€ 10,99",16.99,1 l = 15.70,,Nein,Dieses Angebot findest du vom 05.02. bis 11.02. in deiner Kaufland-Filiale.,2026-02-05,2026-02-11,images_kaufland/kaufland_offer_255.jpg
AVERNA,Amaro Siciliano,"€ 10,99",,1 l = 15.70,,Nein,Dieses Angebot findest du vom 05.02. bis 11.02. in deiner Kaufland-Filiale.,2026-02-05,2026-02-11,images_kaufland/kaufland_offer_256.jpg
UNDERBERG,Original,"€ 6,99",10.99,1 l = 29.13,,Nein,Dieses Angebot findest du vom 05.02. bis 11.02. in deiner Kaufland-Filiale.,2026-02-05,2026-02-11,images_kaufland/kaufland_offer_257.jpg
NORDBRAND,Cocktail,"€ 3,99",4.99,1 l = 5.70,,Nein,Dieses Angebot findest du vom 05.02. bis 11.02. in deiner Kaufland-Filiale.,2026-02-05,2026-02-11,images_kaufland/kaufland_offer_258.jpg
CAPTAIN MORGAN SMIRNOFF,GORDON S oder JOHNNIE WALKER Alkoholisches Mixgetränk,"€ 1,99",2.79,1 l = 7.96,,Nein,Dieses Angebot findest du vom 05.02. bis 11.02. in deiner Kaufland-Filiale.,2026-02-05,2026-02-11,images_kaufland/kaufland_offer_259.jpg
HAVANA CLUB,Alkoholisches Mixgetränk,"€ 1,99",3.29,1 l = 6.03,,Nein,Dieses Angebot findest du vom 05.02. bis 11.02. in deiner Kaufland-Filiale.,2026-02-05,2026-02-11,images_kaufland/kaufland_offer_260.jpg
ECHTER NORDHÄUSER,Reiche Ernte,"€ 4,99",7.79,1 l = 9.98,,Nein,Dieses Angebot findest du vom 05.02. bis 11.02. in deiner Kaufland-Filiale.,2026-02-05,2026-02-11,images_kaufland/kaufland_offer_261.jpg
CAPTAIN MORGAN,Spiced Gold oder White Rum,"€ 9,49",12.99,1 l = 13.56,,Nein,Dieses Angebot findest du vom 05.02. bis 11.02. in deiner Kaufland-Filiale.,2026-02-05,2026-02-11,images_kaufland/kaufland_offer_262.jpg
MARIACRON,Weinbrand,"€ 6,49",,1 l = 9.28,,Nein,Dieses Angebot findest du vom 05.02. bis 11.02. in deiner Kaufland-Filiale.,2026-02-05,2026-02-11,images_kaufland/kaufland_offer_263.jpg
MAKER S MARK,Kentucky Straight Bourbon Whisky,"€ 19,99",27.99,1 l = 28.56,,Nein,Dieses Angebot findest du vom 05.02. bis 11.02. in deiner Kaufland-Filiale.,2026-02-05,2026-02-11,images_kaufland/kaufland_offer_264.jpg
THREE SIXTY,Vodka,"€ 9,99",,1 l = 14.28,,Nein,Dieses Angebot findest du vom 05.02. bis 11.02. in deiner Kaufland-Filiale.,2026-02-05,2026-02-11,images_kaufland/kaufland_offer_265.jpg
BARON PHILIPPE DE ROTHSCHILD,Bordeaux AOC,"€ 4,99",6.99,1 l = 6.66,,Nein,Dieses Angebot findest du vom 05.02. bis 11.02. in deiner Kaufland-Filiale.,2026-02-05,2026-02-11,images_kaufland/kaufland_offer_266.jpg
CONTESSA MARINA,Primitivo 14 DOC,"€ 5,99",,1 l = 7.99,,Nein,Dieses Angebot findest du vom 05.02. bis 11.02. in deiner Kaufland-Filiale.,2026-02-05,2026-02-11,images_kaufland/kaufland_offer_267.jpg
WZG MÖGLINGEN,Süß Fruchtig,"€ 3,49",,1 l = 4.66,,Nein,Dieses Angebot findest du vom 05.02. bis 11.02. in deiner Kaufland-Filiale.,2026-02-05,2026-02-11,images_kaufland/kaufland_offer_268.jpg
MEZZACORONA,Pinot Grigio Merlot Moscato oder Chardonnay,"€ 7,00",,1 l = 4.67,,Nein,Dieses Angebot findest du vom 05.02. bis 11.02. in deiner Kaufland-Filiale.,2026-02-05,2026-02-11,images_kaufland/kaufland_offer_271.jpg
SÖHNLEIN,Brillant Sekt,"€ 2,49",4.29,1 l = 3.32,,Nein,Dieses Angebot findest du vom 05.02. bis 11.02. in deiner Kaufland-Filiale.,2026-02-05,2026-02-11,images_kaufland/kaufland_offer_272.jpg
FÜRST VON METTERNICH,Sekt,"€ 5,00",,1 l = 8.35,,Nein,Dieses Angebot findest du vom 05.02. bis 11.02. in deiner Kaufland-Filiale.,2026-02-05,2026-02-11,images_kaufland/kaufland_offer_273.jpg
SPRIZZER,Schaumweingetränk,"€ 0,99",1.29,1 l = 3.96,,Nein,Dieses Angebot findest du vom 05.02. bis 11.02. in deiner Kaufland-Filiale.,2026-02-05,2026-02-11,images_kaufland/kaufland_offer_274.jpg
FREIXENET,Prosecco D O C oder Ros,"€ 8,99",12.99,1 l = 11.99,,Nein,Dieses Angebot findest du vom 05.02. bis 11.02. in deiner Kaufland-Filiale.,2026-02-05,2026-02-11,images_kaufland/kaufland_offer_275.jpg
ROBBY BUBBLE,Partygetränk,"€ 2,22",3.49,1 l = 2.96,,Nein,Dieses Angebot findest du vom 05.02. bis 11.02. in deiner Kaufland-Filiale.,2026-02-05,2026-02-11,images_kaufland/kaufland_offer_276.jpg
ROTKÄPPCHEN,Fruchtsecco,"€ 2,99",4.99,1 l = 3.99,,Nein,Dieses Angebot findest du vom 05.02. bis 11.02. in deiner Kaufland-Filiale.,2026-02-05,2026-02-11,images_kaufland/kaufland_offer_277.jpg
GRACIOSO,Hugo oder Granatapfel,"€ 1,99",2.99,1 l = 2.66,,Nein,Dieses Angebot findest du vom 05.02. bis 11.02. in deiner Kaufland-Filiale.,2026-02-05,2026-02-11,images_kaufland/kaufland_offer_278.jpg
REBENBLICK,Weinschorle Weiß oder Ros,"€ 1,29",1.69,Kein Mengenpreis,,Nein,Dieses Angebot findest du vom 05.02. bis 11.02. in deiner Kaufland-Filiale.,2026-02-05,2026-02-11,images_kaufland/kaufland_offer_279.jpg
ORIGINAL OETTINGER,Bier oder Biermischgetränk,"€ 6,99",,1 l = 0.70,,Nein,Dieses Angebot findest du vom 05.02. bis 11.02. in deiner Kaufland-Filiale.,2026-02-05,2026-02-11,images_kaufland/kaufland_offer_280.jpg
BITBURGER,Premium Pils,"€ 10,99",,1 l = 1.10,,Nein,Dieses Angebot findest du vom 05.02. bis 11.02. in deiner Kaufland-Filiale.,2026-02-05,2026-02-11,images_kaufland/kaufland_offer_281.jpg
CORONA,Extra,"€ 16,99",21.49,1 l = 2.40,,Nein,Dieses Angebot findest du vom 05.02. bis 11.02. in deiner Kaufland-Filiale.,2026-02-05,2026-02-11,images_kaufland/kaufland_offer_282.jpg
FRANZISKANER,Premium-Weißbier,"€ 13,99",19.99,1 l = 1.40,,Nein,Dieses Angebot findest du vom 05.02. bis 11.02. in deiner Kaufland-Filiale.,2026-02-05,2026-02-11,images_kaufland/kaufland_offer_283.jpg
PILSNER URQUELL,Pils,"€ 14,99",,1 l = 1.50,,Nein,Dieses Angebot findest du vom 05.02. bis 11.02. in deiner Kaufland-Filiale.,2026-02-05,2026-02-11,images_kaufland/kaufland_offer_284.jpg
GUINNESS,Draught irisches Bier,"€ 4,99",6.36,1 l = 2.84,,Nein,Dieses Angebot findest du vom 05.02. bis 11.02. in deiner Kaufland-Filiale.,2026-02-05,2026-02-11,images_kaufland/kaufland_offer_285.jpg
KROMBACHER,Pils oder Radler,"€ 0,79",0.99,1 l = 1.58,,Nein,Dieses Angebot findest du vom 05.02. bis 11.02. in deiner Kaufland-Filiale.,2026-02-05,2026-02-11,images_kaufland/kaufland_offer_286.jpg
POWERADE,Erfrischungsgetränk isotonisch,"€ 0,99",1.49,1 l = 1.98,,Nein,Dieses Angebot findest du vom 05.02. bis 11.02. in deiner Kaufland-Filiale.,2026-02-05,2026-02-11,images_kaufland/kaufland_offer_287.jpg
ARIZONA,Eistee,"€ 0,79",,1 l = 1.58,,Nein,Dieses Angebot findest du vom 05.02. bis 11.02. in deiner Kaufland-Filiale.,2026-02-05,2026-02-11,images_kaufland/kaufland_offer_288.jpg
SPEE,Voll- oder Colorwaschmittel,"€ 3,49",4.75,pro Anwendung = 0.16 - 0.20,,Nein,Dieses Angebot findest du vom 05.02. bis 11.02. in deiner Kaufland-Filiale.,2026-02-05,2026-02-11,images_kaufland/kaufland_offer_290.jpg
PERSIL,Waschmittel,"€ 15,99",,pro Anwendung = 0.16 - 0.32,,Nein,Dieses Angebot findest du vom 05.02. bis 11.02. in deiner Kaufland-Filiale.,2026-02-05,2026-02-11,images_kaufland/kaufland_offer_291.jpg
LENOR,Unstoppables Wäscheparfüm,"€ 7,99",11.99,1 kg = 16.15,,Nein,Dieses Angebot findest du vom 05.02. bis 11.02. in deiner Kaufland-Filiale.,2026-02-05,2026-02-11,images_kaufland/kaufland_offer_292.jpg
K-CLASSIC,Toilettenpapier Soft Limited Edition,"€ 2,79",,Kein Mengenpreis,,Nein,Dieses Angebot findest du vom 05.02. bis 11.02. in deiner Kaufland-Filiale.,2026-02-05,2026-02-11,images_kaufland/kaufland_offer_293.jpg
K-CLASSIC,Küchentücher Saugstark Limited Edition,"€ 2,99",,Kein Mengenpreis,,Nein,Dieses Angebot findest du vom 05.02. bis 11.02. in deiner Kaufland-Filiale.,2026-02-05,2026-02-11,images_kaufland/kaufland_offer_294.jpg
K-CLASSIC,Taschentücher,"€ 2,22",2.85,Kein Mengenpreis,,Nein,Dieses Angebot findest du vom 05.02. bis 11.02. in deiner Kaufland-Filiale.,2026-02-05,2026-02-11,images_kaufland/kaufland_offer_295.jpg
PELY,Müllbeutel Extra breit,"€ 1,29",1.99,Kein Mengenpreis,,Nein,Dieses Angebot findest du vom 05.02. bis 11.02. in deiner Kaufland-Filiale.,2026-02-05,2026-02-11,images_kaufland/kaufland_offer_296.jpg
AJAX,Allzweckreiniger,"€ 1,39",1.85,Kein Mengenpreis,,Nein,Dieses Angebot findest du vom 05.02. bis 11.02. in deiner Kaufland-Filiale.,2026-02-05,2026-02-11,images_kaufland/kaufland_offer_297.jpg
FEBREZE,Nachfüllflakon,"€ 4,99",5.95,1 l = 249.50,,Nein,Dieses Angebot findest du vom 05.02. bis 11.02. in deiner Kaufland-Filiale.,2026-02-05,2026-02-11,images_kaufland/kaufland_offer_298.jpg
FRECHE FREUNDE,Bio-Frucht-Snack,"€ 0,75",,1 kg = 7.50,,Nein,Dieses Angebot findest du vom 05.02. bis 11.02. in deiner Kaufland-Filiale.,2026-02-05,2026-02-11,images_kaufland/kaufland_offer_300.jpg
HIPP,Bio-Fruchtbrei,"€ 1,19",,1 kg = 6.27,,Nein,Dieses Angebot findest du vom 05.02. bis 11.02. in deiner Kaufland-Filiale.,2026-02-05,2026-02-11,images_kaufland/kaufland_offer_301.jpg
KUNIBOO,Windeln,"€ 4,44",5.55,pro Stück = 0.10 - 0.14,,Nein,Dieses Angebot findest du vom 05.02. bis 11.02. in deiner Kaufland-Filiale.,2026-02-05,2026-02-11,images_kaufland/kaufland_offer_302.jpg
GUHL,Shampoo oder Spülung,"€ 3,29",3.95,1 l = 13.16 - 16.45,,Nein,Dieses Angebot findest du vom 05.02. bis 11.02. in deiner Kaufland-Filiale.,2026-02-05,2026-02-11,images_kaufland/kaufland_offer_303.jpg
GARNIER,Nutrisse Haar-Coloration,"€ 3,79",4.45,Kein Mengenpreis,,Nein,Dieses Angebot findest du vom 05.02. bis 11.02. in deiner Kaufland-Filiale.,2026-02-05,2026-02-11,images_kaufland/kaufland_offer_304.jpg
ODOL-MED3,Zahncreme,"€ 1,79",2.45,1 l = 23.87,,Nein,Dieses Angebot findest du vom 05.02. bis 11.02. in deiner Kaufland-Filiale.,2026-02-05,2026-02-11,images_kaufland/kaufland_offer_305.jpg
DR BEST,Zahnbürste Hoch-Tief,"€ 1,59",1.95,Kein Mengenpreis,,Nein,Dieses Angebot findest du vom 05.02. bis 11.02. in deiner Kaufland-Filiale.,2026-02-05,2026-02-11,images_kaufland/kaufland_offer_306.jpg
PHILIPS,Elektrische Zahnbürste Sonicare Series 1100,"€ 22,99",29.95,Kein Mengenpreis,,Nein,Dieses Angebot findest du vom 05.02. bis 11.02. in deiner Kaufland-Filiale.,2026-02-05,2026-02-11,images_kaufland/kaufland_offer_307.jpg
SENSODYNE,Sensitiv-Zahncreme,"€ 2,22",2.75,1 l = 29.60,,Nein,Dieses Angebot findest du vom 05.02. bis 11.02. in deiner Kaufland-Filiale.,2026-02-05,2026-02-11,images_kaufland/kaufland_offer_308.jpg
DOVE,Deo-Spray,"€ 1,99",2.65,1 l = 13.27,,Nein,Dieses Angebot findest du vom 05.02. bis 11.02. in deiner Kaufland-Filiale.,2026-02-05,2026-02-11,images_kaufland/kaufland_offer_309.jpg
HIDRO FUGAL,Deo-Roll-On,"€ 3,49",4.45,1 l = 69.80,,Nein,Dieses Angebot findest du vom 05.02. bis 11.02. in deiner Kaufland-Filiale.,2026-02-05,2026-02-11,images_kaufland/kaufland_offer_310.jpg
ADIDAS,Men Duschgel,"€ 1,99",2.35,1 l = 7.96,,Nein,Dieses Angebot findest du vom 05.02. bis 11.02. in deiner Kaufland-Filiale.,2026-02-05,2026-02-11,images_kaufland/kaufland_offer_311.jpg
DOVE,Pflegedusche,"€ 1,99",,1 l = 7.96,,Nein,Dieses Angebot findest du vom 05.02. bis 11.02. in deiner Kaufland-Filiale.,2026-02-05,2026-02-11,images_kaufland/kaufland_offer_312.jpg
TETESEPT,Badesalz,"€ 0,79",0.95,1 kg = 9.88,,Nein,Dieses Angebot findest du vom 05.02. bis 11.02. in deiner Kaufland-Filiale.,2026-02-05,2026-02-11,images_kaufland/kaufland_offer_313.jpg
TETESEPT,Kids Schaumbad,"€ 0,79",0.95,1 l = 19.75,,Nein,Dieses Angebot findest du vom 05.02. bis 11.02. in deiner Kaufland-Filiale.,2026-02-05,2026-02-11,images_kaufland/kaufland_offer_314.jpg
TETESEPT,Erkältungsbad,"€ 3,33",4.45,1 l = 26.64,,Nein,Dieses Angebot findest du vom 05.02. bis 11.02. in deiner Kaufland-Filiale.,2026-02-05,2026-02-11,images_kaufland/kaufland_offer_315.jpg
BRUNO BANANI,Geschenkset,"€ 9,99",,Kein Mengenpreis,,Nein,Dieses Angebot findest du vom 05.02. bis 11.02. in deiner Kaufland-Filiale.,2026-02-05,2026-02-11,images_kaufland/kaufland_offer_316.jpg
TETESEPT,Meerwasser-Nasen-Spray Care,"€ 2,49",3.15,1 l = 124.50,,Nein,Dieses Angebot findest du vom 05.02. bis 11.02. in deiner Kaufland-Filiale.,2026-02-05,2026-02-11,images_kaufland/kaufland_offer_317.jpg
TETESEPT,Meerwasser-Nasen-Spray,"€ 2,49",3.15,1 l = 124.50,,Nein,Dieses Angebot findest du vom 05.02. bis 11.02. in deiner Kaufland-Filiale.,2026-02-05,2026-02-11,images_kaufland/kaufland_offer_318.jpg
TETESEPT,Nasen-Heilsalbe,"€ 2,22",2.95,1 kg = 444.00,,Nein,Dieses Angebot findest du vom 05.02. bis 11.02. in deiner Kaufland-Filiale.,2026-02-05,2026-02-11,images_kaufland/kaufland_offer_319.jpg
TETESEPT,Meerwasser-Nasendusche,"€ 9,99",12.95,Kein Mengenpreis,,Nein,Dieses Angebot findest du vom 05.02. bis 11.02. in deiner Kaufland-Filiale.,2026-02-05,2026-02-11,images_kaufland/kaufland_offer_320.jpg
KLOSTERFRAU,Reizhusten-Lutschtabletten,"€ 2,99",3.85,1 kg = 34.77,,Nein,Dieses Angebot findest du vom 05.02. bis 11.02. in deiner Kaufland-Filiale.,2026-02-05,2026-02-11,images_kaufland/kaufland_offer_321.jpg
TETESEPT,Pflanzl Reizhusten-Stiller,"€ 3,79",4.85,1 l = 30.32,,Nein,Dieses Angebot findest du vom 05.02. bis 11.02. in deiner Kaufland-Filiale.,2026-02-05,2026-02-11,images_kaufland/kaufland_offer_322.jpg
KLOSTERFRAU,Melissengeist,"€ 9,99",12.45,1 l = 42.52,,Nein,Dieses Angebot findest du vom 05.02. bis 11.02. in deiner Kaufland-Filiale.,2026-02-05,2026-02-11,images_kaufland/kaufland_offer_323.jpg
TETESEPT,Immun Aktiv Shot,"€ 5,99",7.95,1 kg = 73.05,,Nein,Dieses Angebot findest du vom 05.02. bis 11.02. in deiner Kaufland-Filiale.,2026-02-05,2026-02-11,images_kaufland/kaufland_offer_324.jpg
ESN,Designer-Protein-Bar,"€ 1,99",,1 kg = 44.23,,Nein,Dieses Angebot findest du vom 05.02. bis 11.02. in deiner Kaufland-Filiale.,2026-02-05,2026-02-11,images_kaufland/kaufland_offer_325.jpg
ESN,Isoclear Whey-Protein,"€ 15,99",,1 kg = 53.30,,Nein,Dieses Angebot findest du vom 05.02. bis 11.02. in deiner Kaufland-Filiale.,2026-02-05,2026-02-11,images_kaufland/kaufland_offer_326.jpg
PEDIGREE,Hundenassfutter,"€ 1,99",2.69,1 kg = 2.49,,Nein,Dieses Angebot findest du vom 05.02. bis 11.02. in deiner Kaufland-Filiale.,2026-02-05,2026-02-11,images_kaufland/kaufland_offer_327.jpg
PURINA BENEFUL,Hundevollnahrung,"€ 3,79",4.75,1 kg = 2.71,,Nein,Dieses Angebot findest du vom 05.02. bis 11.02. in deiner Kaufland-Filiale.,2026-02-05,2026-02-11,images_kaufland/kaufland_offer_328.jpg
FELIX,Katzennahrung,"€ 3,69",,1 kg = 3.62,,Nein,Dieses Angebot findest du vom 05.02. bis 11.02. in deiner Kaufland-Filiale.,2026-02-05,2026-02-11,images_kaufland/kaufland_offer_329.jpg
PURINA ONE,Katzennassfutter,"€ 0,49",0.75,1 kg = 5.77,,Nein,Dieses Angebot findest du vom 05.02. bis 11.02. in deiner Kaufland-Filiale.,2026-02-05,2026-02-11,images_kaufland/kaufland_offer_330.jpg
Keine Marke,Gel-Einlegesohlen,"€ 2,99",,Kein Mengenpreis,,Nein,Dieses Angebot findest du vom 05.02. bis 11.02. in deiner Kaufland-Filiale.,2026-02-05,2026-02-11,images_kaufland/kaufland_offer_331.jpg
PALADONE,Dekolicht Stitch,"€ 17,99",,Kein Mengenpreis,,Nein,Dieses Angebot findest du vom 05.02. bis 11.02. in deiner Kaufland-Filiale.,2026-02-05,2026-02-11,images_kaufland/kaufland_offer_332.jpg
HISENSE,2 1-Soundbar HS2000,"€ 69,99",UVP 129.00,Kein Mengenpreis,,Nein,Dieses Angebot findest du vom 05.02. bis 11.02. in deiner Kaufland-Filiale.,2026-02-05,2026-02-11,images_kaufland/kaufland_offer_333.jpg
MEBUS,CO2-Messgerät 11342,"€ 14,99",UVP 59.99,Kein Mengenpreis,,Nein,Dieses Angebot findest du vom 05.02. bis 11.02. in deiner Kaufland-Filiale.,2026-02-05,2026-02-11,images_kaufland/kaufland_offer_334.jpg
ANAF,Feuerlöscher PS1-X ABC,"€ 9,99",,Kein Mengenpreis,,Nein,Dieses Angebot findest du vom 05.02. bis 11.02. in deiner Kaufland-Filiale.,2026-02-05,2026-02-11,images_kaufland/kaufland_offer_335.jpg
LIV BO,LED-Leuchtpanel,"€ 19,99",,Kein Mengenpreis,,Nein,Dieses Angebot findest du vom 05.02. bis 11.02. in deiner Kaufland-Filiale.,2026-02-05,2026-02-11,images_kaufland/kaufland_offer_336.jpg
SWITCH ON,Messerschärfer elektrisch,"€ 14,99",,Kein Mengenpreis,,Nein,Dieses Angebot findest du vom 05.02. bis 11.02. in deiner Kaufland-Filiale.,2026-02-05,2026-02-11,images_kaufland/kaufland_offer_337.jpg
SWITCH ON,Akku-Stabmixer 12 V SOSMA 12 ohne Akku,"€ 14,99",,Kein Mengenpreis,,Nein,Dieses Angebot findest du vom 05.02. bis 11.02. in deiner Kaufland-Filiale.,2026-02-05,2026-02-11,images_kaufland/kaufland_offer_338.jpg
SWITCH ON,Akku-Handmixer 12 V SOHMA 12 ohne Akku,"€ 14,99",,Kein Mengenpreis,,Nein,Dieses Angebot findest du vom 05.02. bis 11.02. in deiner Kaufland-Filiale.,2026-02-05,2026-02-11,images_kaufland/kaufland_offer_339.jpg
SWITCH ON,Akku-Multizerkleinerer 12 V SOMZA 12 ohne Akku,"€ 14,99",,Kein Mengenpreis,,Nein,Dieses Angebot findest du vom 05.02. bis 11.02. in deiner Kaufland-Filiale.,2026-02-05,2026-02-11,images_kaufland/kaufland_offer_340.jpg
SEVERIN,Kontaktgrill KG 9562,"€ 39,99",,Kein Mengenpreis,,Nein,Dieses Angebot findest du vom 05.02. bis 11.02. in deiner Kaufland-Filiale.,2026-02-05,2026-02-11,images_kaufland/kaufland_offer_341.jpg
SWITCH ON,Nähmaschine SONM33C1,"€ 79,99",,Kein Mengenpreis,,Nein,Dieses Angebot findest du vom 05.02. bis 11.02. in deiner Kaufland-Filiale.,2026-02-05,2026-02-11,images_kaufland/kaufland_offer_342.jpg
K-CLASSIC,Staubsaugerbeutel K 030 XXL-Pack,"€ 5,99",,Kein Mengenpreis,,Nein,Dieses Angebot findest du vom 05.02. bis 11.02. in deiner Kaufland-Filiale.,2026-02-05,2026-02-11,images_kaufland/kaufland_offer_343.jpg
K-CLASSIC,Staubsaugerbeutel K 010 XXL-Pack,"€ 5,99",,Kein Mengenpreis,,Nein,Dieses Angebot findest du vom 05.02. bis 11.02. in deiner Kaufland-Filiale.,2026-02-05,2026-02-11,images_kaufland/kaufland_offer_344.jpg
K-CLASSIC,Staubsaugerbeutel K 020 XXL-Pack,"€ 5,99",,Kein Mengenpreis,,Nein,Dieses Angebot findest du vom 05.02. bis 11.02. in deiner Kaufland-Filiale.,2026-02-05,2026-02-11,images_kaufland/kaufland_offer_345.jpg
K-CLASSIC,Staubsaugerbeutel K 040 XXL-Pack,"€ 5,99",,Kein Mengenpreis,,Nein,Dieses Angebot findest du vom 05.02. bis 11.02. in deiner Kaufland-Filiale.,2026-02-05,2026-02-11,images_kaufland/kaufland_offer_346.jpg
PARKSIDE,Akku-Bohrschrauber 12 V PBSA 12 E4 ohne Akku,"€ 9,99",34.99,Kein Mengenpreis,,Nein,Dieses Angebot findest du vom 05.02. bis 11.02. in deiner Kaufland-Filiale.,2026-02-05,2026-02-11,images_kaufland/kaufland_offer_347.jpg
PARKSIDE,Akku 12 V 2 Ah PAPK 12 A4,"€ 6,99",14.99,Kein Mengenpreis,,Nein,Dieses Angebot findest du vom 05.02. bis 11.02. in deiner Kaufland-Filiale.,2026-02-05,2026-02-11,images_kaufland/kaufland_offer_348.jpg
PARKSIDE,Akku 12 V 4 Ah PAPK 12 B4,"€ 9,99",27.99,Kein Mengenpreis,,Nein,Dieses Angebot findest du vom 05.02. bis 11.02. in deiner Kaufland-Filiale.,2026-02-05,2026-02-11,images_kaufland/kaufland_offer_349.jpg
DRABEST,Aluminium-Gerüst ARD 2x6 HOME,"€ 69,99",79.99,Kein Mengenpreis,,Nein,Dieses Angebot findest du vom 05.02. bis 11.02. in deiner Kaufland-Filiale.,2026-02-05,2026-02-11,images_kaufland/kaufland_offer_350.jpg
Keine Marke,Kreativ-Set Stitch,"€ 9,99",,Kein Mengenpreis,,Nein,Dieses Angebot findest du vom 05.02. bis 11.02. in deiner Kaufland-Filiale.,2026-02-05,2026-02-11,images_kaufland/kaufland_offer_351.jpg
SIMBA,Flopsie-Plüschtier Stitch Leroy,"€ 9,99",UVP 14.99,Kein Mengenpreis,,Nein,Dieses Angebot findest du vom 05.02. bis 11.02. in deiner Kaufland-Filiale.,2026-02-05,2026-02-11,images_kaufland/kaufland_offer_352.jpg
SIMBA,Flopsie-Plüschtier Stitch Angel,"€ 9,99",UVP 14.99,Kein Mengenpreis,,Nein,Dieses Angebot findest du vom 05.02. bis 11.02. in deiner Kaufland-Filiale.,2026-02-05,2026-02-11,images_kaufland/kaufland_offer_353.jpg
SIMBA,Flopsie-Plüschtier Stitch,"€ 9,99",UVP 14.99,Kein Mengenpreis,,Nein,Dieses Angebot findest du vom 05.02. bis 11.02. in deiner Kaufland-Filiale.,2026-02-05,2026-02-11,images_kaufland/kaufland_offer_354.jpg
ASMODEE,Dobble - Stitch,"€ 12,99",,Kein Mengenpreis,,Nein,Dieses Angebot findest du vom 05.02. bis 11.02. in deiner Kaufland-Filiale.,2026-02-05,2026-02-11,images_kaufland/kaufland_offer_355.jpg
ASMODEE,Dobble - Bluey Edition,"€ 12,99",,Kein Mengenpreis,,Nein,Dieses Angebot findest du vom 05.02. bis 11.02. in deiner Kaufland-Filiale.,2026-02-05,2026-02-11,images_kaufland/kaufland_offer_356.jpg
FISHER-PRICE,Lauflernwagen Zebra,"€ 19,99",UVP 33.99,Kein Mengenpreis,,Nein,Dieses Angebot findest du vom 05.02. bis 11.02. in deiner Kaufland-Filiale.,2026-02-05,2026-02-11,images_kaufland/kaufland_offer_357.jpg
FISHER-PRICE,Mein erstes Dreirad,"€ 17,99",UVP 24.90,Kein Mengenpreis,,Nein,Dieses Angebot findest du vom 05.02. bis 11.02. in deiner Kaufland-Filiale.,2026-02-05,2026-02-11,images_kaufland/kaufland_offer_358.jpg
Keine Marke,Plüschtier Valentinstag,"€ 9,99",,Kein Mengenpreis,,Nein,Dieses Angebot findest du vom 05.02. bis 11.02. in deiner Kaufland-Filiale.,2026-02-05,2026-02-11,images_kaufland/kaufland_offer_359.jpg
Keine Marke,LED-Lesehilfe,"€ 2,49",,Kein Mengenpreis,,Nein,Dieses Angebot findest du vom 05.02. bis 11.02. in deiner Kaufland-Filiale.,2026-02-05,2026-02-11,images_kaufland/kaufland_offer_360.jpg
SPICE SOUL,Becher,"€ 3,99",,Kein Mengenpreis,,Nein,Dieses Angebot findest du vom 05.02. bis 11.02. in deiner Kaufland-Filiale.,2026-02-05,2026-02-11,images_kaufland/kaufland_offer_361.jpg
BRITA,Wasserflter-Kartuschen MAXTRA PRO Extra Kalksch,"€ 29,99",UVP 54.89,Kein Mengenpreis,,Nein,Dieses Angebot findest du vom 05.02. bis 11.02. in deiner Kaufland-Filiale.,2026-02-05,2026-02-11,images_kaufland/kaufland_offer_362.jpg
BLAUMANN,Kochtopf ca 20 cm,"€ 12,99",UVP 27.95,Kein Mengenpreis,,Nein,Dieses Angebot findest du vom 05.02. bis 11.02. in deiner Kaufland-Filiale.,2026-02-05,2026-02-11,images_kaufland/kaufland_offer_363.jpg
BLAUMANN,Messerset mit Schneidebrett,"€ 14,99",UVP 27.95,Kein Mengenpreis,,Nein,Dieses Angebot findest du vom 05.02. bis 11.02. in deiner Kaufland-Filiale.,2026-02-05,2026-02-11,images_kaufland/kaufland_offer_364.jpg
SPICE SOUL,Frischhaltedosen 1 l,"€ 2,99",,Kein Mengenpreis,,Nein,Dieses Angebot findest du vom 05.02. bis 11.02. in deiner Kaufland-Filiale.,2026-02-05,2026-02-11,images_kaufland/kaufland_offer_365.jpg
BLAUMANN,Gewürzrondell,"€ 17,99",UVP 37.95,Kein Mengenpreis,,Nein,Dieses Angebot findest du vom 05.02. bis 11.02. in deiner Kaufland-Filiale.,2026-02-05,2026-02-11,images_kaufland/kaufland_offer_366.jpg
Keine Marke,Textil-Wandbild Blumenfrau,"€ 19,99",,Kein Mengenpreis,,Nein,Dieses Angebot findest du vom 05.02. bis 11.02. in deiner Kaufland-Filiale.,2026-02-05,2026-02-11,images_kaufland/kaufland_offer_367.jpg
BLAUMANN,Küchenwaage,"€ 7,99",UVP 17.95,Kein Mengenpreis,,Nein,Dieses Angebot findest du vom 05.02. bis 11.02. in deiner Kaufland-Filiale.,2026-02-05,2026-02-11,images_kaufland/kaufland_offer_368.jpg
SPICE SOUL,Frischhaltedosen 2 5 l,"€ 2,99",,Kein Mengenpreis,,Nein,Dieses Angebot findest du vom 05.02. bis 11.02. in deiner Kaufland-Filiale.,2026-02-05,2026-02-11,images_kaufland/kaufland_offer_369.jpg
BLAUMANN,Kaffee- und Teebereiter,"€ 7,99",UVP 14.95,Kein Mengenpreis,,Nein,Dieses Angebot findest du vom 05.02. bis 11.02. in deiner Kaufland-Filiale.,2026-02-05,2026-02-11,images_kaufland/kaufland_offer_370.jpg
BLAUMANN,Kochtopf ca 24 cm,"€ 14,99",UVP 34.95,Kein Mengenpreis,,Nein,Dieses Angebot findest du vom 05.02. bis 11.02. in deiner Kaufland-Filiale.,2026-02-05,2026-02-11,images_kaufland/kaufland_offer_371.jpg
BLAUMANN,Bratpfanne ca 28 cm,"€ 14,99",UVP 46.95,Kein Mengenpreis,,Nein,Dieses Angebot findest du vom 05.02. bis 11.02. in deiner Kaufland-Filiale.,2026-02-05,2026-02-11,images_kaufland/kaufland_offer_372.jpg
SODASTREAM,Wassersprudler GAIA,"€ 39,99",UVP 99.00,Kein Mengenpreis,,Nein,Dieses Angebot findest du vom 05.02. bis 11.02. in deiner Kaufland-Filiale.,2026-02-05,2026-02-11,images_kaufland/kaufland_offer_373.jpg
Keine Marke,Textil-Wandbild Löwe,"€ 19,99",,Kein Mengenpreis,,Nein,Dieses Angebot findest du vom 05.02. bis 11.02. in deiner Kaufland-Filiale.,2026-02-05,2026-02-11,images_kaufland/kaufland_offer_374.jpg
BRITA,Wasserfilter-Kartuschen MAXTRA PRO PURE PERFORM,"€ 27,99",UVP 47.69,Kein Mengenpreis,,Nein,Dieses Angebot findest du vom 05.02. bis 11.02. in deiner Kaufland-Filiale.,2026-02-05,2026-02-11,images_kaufland/kaufland_offer_375.jpg
Keine Marke,Cappuccino-Gläser Bubble,"€ 3,99",,Kein Mengenpreis,,Nein,Dieses Angebot findest du vom 05.02. bis 11.02. in deiner Kaufland-Filiale.,2026-02-05,2026-02-11,images_kaufland/kaufland_offer_376.jpg
KEEEPER,Aufbewahrungsbox Stitch,"€ 7,99",UVP 12.99,Kein Mengenpreis,,Nein,Dieses Angebot findest du vom 05.02. bis 11.02. in deiner Kaufland-Filiale.,2026-02-05,2026-02-11,images_kaufland/kaufland_offer_377.jpg
Keine Marke,Besteck-Set Budapest,"€ 9,99",UVP 24.99,Kein Mengenpreis,,Nein,Dieses Angebot findest du vom 05.02. bis 11.02. in deiner Kaufland-Filiale.,2026-02-05,2026-02-11,images_kaufland/kaufland_offer_378.jpg
SPICE SOUL,Besteck-Set,"€ 3,99",,Kein Mengenpreis,,Nein,Dieses Angebot findest du vom 05.02. bis 11.02. in deiner Kaufland-Filiale.,2026-02-05,2026-02-11,images_kaufland/kaufland_offer_379.jpg
BLAUMANN,Messer-Set,"€ 9,99",UVP 23.95,Kein Mengenpreis,,Nein,Dieses Angebot findest du vom 05.02. bis 11.02. in deiner Kaufland-Filiale.,2026-02-05,2026-02-11,images_kaufland/kaufland_offer_380.jpg
Keine Marke,Trinkgläser Bubble,"€ 3,99",,Kein Mengenpreis,,Nein,Dieses Angebot findest du vom 05.02. bis 11.02. in deiner Kaufland-Filiale.,2026-02-05,2026-02-11,images_kaufland/kaufland_offer_381.jpg
BLAUMANN,Kochtopf ca 26 cm,"€ 17,99",UVP 41.95,Kein Mengenpreis,,Nein,Dieses Angebot findest du vom 05.02. bis 11.02. in deiner Kaufland-Filiale.,2026-02-05,2026-02-11,images_kaufland/kaufland_offer_383.jpg
Keine Marke,Textil-Wandbild Elefant,"€ 19,99",,Kein Mengenpreis,,Nein,Dieses Angebot findest du vom 05.02. bis 11.02. in deiner Kaufland-Filiale.,2026-02-05,2026-02-11,images_kaufland/kaufland_offer_384.jpg
BRITA,Tischwasserfilter Marella,"€ 14,99",UVP 28.69,Kein Mengenpreis,,Nein,Dieses Angebot findest du vom 05.02. bis 11.02. in deiner Kaufland-Filiale.,2026-02-05,2026-02-11,images_kaufland/kaufland_offer_385.jpg
SPICE SOUL,Frischhaltedosen 0 5 l,"€ 2,99",,Kein Mengenpreis,,Nein,Dieses Angebot findest du vom 05.02. bis 11.02. in deiner Kaufland-Filiale.,2026-02-05,2026-02-11,images_kaufland/kaufland_offer_387.jpg
BLAUMANN,Kasserolle ca 26 cm,"€ 17,99",UVP 39.95,Kein Mengenpreis,,Nein,Dieses Angebot findest du vom 05.02. bis 11.02. in deiner Kaufland-Filiale.,2026-02-05,2026-02-11,images_kaufland/kaufland_offer_388.jpg
SPICE SOUL,Frischhaltedosen 2 l,"€ 2,99",,Kein Mengenpreis,,Nein,Dieses Angebot findest du vom 05.02. bis 11.02. in deiner Kaufland-Filiale.,2026-02-05,2026-02-11,images_kaufland/kaufland_offer_389.jpg
SPICE SOUL,Schalen,"€ 3,99",,Kein Mengenpreis,,Nein,Dieses Angebot findest du vom 05.02. bis 11.02. in deiner Kaufland-Filiale.,2026-02-05,2026-02-11,images_kaufland/kaufland_offer_390.jpg
SODASTREAM,Kunststoff-Flaschen FUSE,"€ 9,99",UVP 26.99,Kein Mengenpreis,,Nein,Dieses Angebot findest du vom 05.02. bis 11.02. in deiner Kaufland-Filiale.,2026-02-05,2026-02-11,images_kaufland/kaufland_offer_391.jpg
KEEEPER,Profi-Klappbox,"€ 7,99",UVP 21.99,Kein Mengenpreis,,Nein,Dieses Angebot findest du vom 05.02. bis 11.02. in deiner Kaufland-Filiale.,2026-02-05,2026-02-11,images_kaufland/kaufland_offer_392.jpg
K-CLASSIC,Bodenreinigungstücher feucht,"€ 2,99",,Kein Mengenpreis,,Nein,Dieses Angebot findest du vom 05.02. bis 11.02. in deiner Kaufland-Filiale.,2026-02-05,2026-02-11,images_kaufland/kaufland_offer_393.jpg
SPICE SOUL,Teller,"€ 3,99",,Kein Mengenpreis,,Nein,Dieses Angebot findest du vom 05.02. bis 11.02. in deiner Kaufland-Filiale.,2026-02-05,2026-02-11,images_kaufland/kaufland_offer_394.jpg
BLAUMANN,Kochtopf ca 16 cm,"€ 9,99",UVP 23.95,Kein Mengenpreis,,Nein,Dieses Angebot findest du vom 05.02. bis 11.02. in deiner Kaufland-Filiale.,2026-02-05,2026-02-11,images_kaufland/kaufland_offer_395.jpg
BLAUMANN,Bratpfanne ca 24 cm,"€ 12,99",UVP 34.95,Kein Mengenpreis,,Nein,Dieses Angebot findest du vom 05.02. bis 11.02. in deiner Kaufland-Filiale.,2026-02-05,2026-02-11,images_kaufland/kaufland_offer_397.jpg
Keine Marke,Trinkgläser-Set,"€ 5,99",,Kein Mengenpreis,,Nein,Dieses Angebot findest du vom 05.02. bis 11.02. in deiner Kaufland-Filiale.,2026-02-05,2026-02-11,images_kaufland/kaufland_offer_398.jpg
SPICE SOUL,Isolierkanne ca 950 ml,"€ 4,99",,Kein Mengenpreis,,Nein,Dieses Angebot findest du vom 05.02. bis 11.02. in deiner Kaufland-Filiale.,2026-02-05,2026-02-11,images_kaufland/kaufland_offer_402.jpg
GOURMETMAXX,Glas-Frischhaltedosen-Set Klick-it,"€ 7,99",UVP 19.99,Kein Mengenpreis,,Nein,Dieses Angebot findest du vom 05.02. bis 11.02. in deiner Kaufland-Filiale.,2026-02-05,2026-02-11,images_kaufland/kaufland_offer_403.jpg
Keine Marke,Kinder-Cozy-Hoodie Stitch,"€ 9,99",,Kein Mengenpreis,,Nein,Dieses Angebot findest du vom 05.02. bis 11.02. in deiner Kaufland-Filiale.,2026-02-05,2026-02-11,images_kaufland/kaufland_offer_404.jpg
KUNIBOO,Kinder-Socken,"€ 4,99",,Kein Mengenpreis,,Nein,Dieses Angebot findest du vom 05.02. bis 11.02. in deiner Kaufland-Filiale.,2026-02-05,2026-02-11,images_kaufland/kaufland_offer_405.jpg
KINGSHILL,Damen-T-Shirt,"€ 4,99",UVP 19.99,Kein Mengenpreis,,Nein,Dieses Angebot findest du vom 05.02. bis 11.02. in deiner Kaufland-Filiale.,2026-02-05,2026-02-11,images_kaufland/kaufland_offer_406.jpg
Keine Marke,Klebefilme,"€ 1,00",,1 m = 0.02,,Nein,Dieses Angebot findest du vom 05.02. bis 11.02. in deiner Kaufland-Filiale.,2026-02-05,2026-02-11,images_kaufland/kaufland_offer_407.jpg
WRANGLER,Sneakersocken,"€ 5,99",,Kein Mengenpreis,,Nein,Dieses Angebot findest du vom 05.02. bis 11.02. in deiner Kaufland-Filiale.,2026-02-05,2026-02-11,images_kaufland/kaufland_offer_408.jpg
Keine Marke,Kinder-Sweatpullover Naruto,"€ 7,99",,Kein Mengenpreis,,Nein,Dieses Angebot findest du vom 05.02. bis 11.02. in deiner Kaufland-Filiale.,2026-02-05,2026-02-11,images_kaufland/kaufland_offer_409.jpg
CAT,Herren-Boxershorts,"€ 7,99",14.99,Kein Mengenpreis,,Nein,Dieses Angebot findest du vom 05.02. bis 11.02. in deiner Kaufland-Filiale.,2026-02-05,2026-02-11,images_kaufland/kaufland_offer_410.jpg
PAKLITE,Sport-Reisetasche,"€ 14,99",,Kein Mengenpreis,,Nein,Dieses Angebot findest du vom 05.02. bis 11.02. in deiner Kaufland-Filiale.,2026-02-05,2026-02-11,images_kaufland/kaufland_offer_411.jpg
Keine Marke,Kinder-Unterhemden Naruto,"€ 4,99",,Kein Mengenpreis,,Nein,Dieses Angebot findest du vom 05.02. bis 11.02. in deiner Kaufland-Filiale.,2026-02-05,2026-02-11,images_kaufland/kaufland_offer_412.jpg
Keine Marke,Sekundenkleber,"€ 2,00",,1 kg = 111.12,,Nein,Dieses Angebot findest du vom 05.02. bis 11.02. in deiner Kaufland-Filiale.,2026-02-05,2026-02-11,images_kaufland/kaufland_offer_413.jpg
Keine Marke,Schere,"€ 1,00",,Kein Mengenpreis,,Nein,Dieses Angebot findest du vom 05.02. bis 11.02. in deiner Kaufland-Filiale.,2026-02-05,2026-02-11,images_kaufland/kaufland_offer_414.jpg
KINGSHILL,Herren-Sneaker,"€ 14,99",UVP 39.99,Kein Mengenpreis,,Nein,Dieses Angebot findest du vom 05.02. bis 11.02. in deiner Kaufland-Filiale.,2026-02-05,2026-02-11,images_kaufland/kaufland_offer_417.jpg
KINGSHILL,Damen-Longweste,"€ 14,99",UVP 59.99,Kein Mengenpreis,,Nein,Dieses Angebot findest du vom 05.02. bis 11.02. in deiner Kaufland-Filiale.,2026-02-05,2026-02-11,images_kaufland/kaufland_offer_419.jpg
OYANDA,Damen-Slips,"€ 9,99",,Kein Mengenpreis,,Nein,Dieses Angebot findest du vom 05.02. bis 11.02. in deiner Kaufland-Filiale.,2026-02-05,2026-02-11,images_kaufland/kaufland_offer_420.jpg
PAKLITE,Bordtasche,"€ 14,99",,Kein Mengenpreis,,Nein,Dieses Angebot findest du vom 05.02. bis 11.02. in deiner Kaufland-Filiale.,2026-02-05,2026-02-11,images_kaufland/kaufland_offer_421.jpg
PAKLITE,Trolley S,"€ 29,99",,Kein Mengenpreis,,Nein,Dieses Angebot findest du vom 05.02. bis 11.02. in deiner Kaufland-Filiale.,2026-02-05,2026-02-11,images_kaufland/kaufland_offer_423.jpg
Keine Marke,Haftbandage,"€ 1,00",,Kein Mengenpreis,,Nein,Dieses Angebot findest du vom 05.02. bis 11.02. in deiner Kaufland-Filiale.,2026-02-05,2026-02-11,images_kaufland/kaufland_offer_425.jpg
KUNIBOO,Kinder-Unterhemden,"€ 9,99",,Kein Mengenpreis,,Nein,Dieses Angebot findest du vom 05.02. bis 11.02. in deiner Kaufland-Filiale.,2026-02-05,2026-02-11,images_kaufland/kaufland_offer_426.jpg
PAKLITE,Trolley M,"€ 39,99",,Kein Mengenpreis,,Nein,Dieses Angebot findest du vom 05.02. bis 11.02. in deiner Kaufland-Filiale.,2026-02-05,2026-02-11,images_kaufland/kaufland_offer_427.jpg
KINGSHILL,Herren-Poloshirt,"€ 7,99",UVP 29.99,Kein Mengenpreis,,Nein,Dieses Angebot findest du vom 05.02. bis 11.02. in deiner Kaufland-Filiale.,2026-02-05,2026-02-11,images_kaufland/kaufland_offer_428.jpg
CAT,Herren-Arbeitssocken,"€ 4,99",UVP 12.00,Kein Mengenpreis,,Nein,Dieses Angebot findest du vom 05.02. bis 11.02. in deiner Kaufland-Filiale.,2026-02-05,2026-02-11,images_kaufland/kaufland_offer_429.jpg
LIQUI MOLY,Leichtlauf-Motorenöl 10W-40 Nr 1,"€ 19,99",UVP 29.99,1 l = 4.00,,Nein,Dieses Angebot findest du vom 05.02. bis 11.02. in deiner Kaufland-Filiale.,2026-02-05,2026-02-11,images_kaufland/kaufland_offer_430.jpg
Keine Marke,Kinder-Sweathose Naruto,"€ 7,99",,Kein Mengenpreis,,Nein,Dieses Angebot findest du vom 05.02. bis 11.02. in deiner Kaufland-Filiale.,2026-02-05,2026-02-11,images_kaufland/kaufland_offer_431.jpg
TREKK STAR,Herren-Trekkingschuhe,"€ 12,99",,Kein Mengenpreis,,Nein,Dieses Angebot findest du vom 05.02. bis 11.02. in deiner Kaufland-Filiale.,2026-02-05,2026-02-11,images_kaufland/kaufland_offer_435.jpg
MY PROJECT,AdBlue,"€ 4,44",,1 l = 0.89,,Nein,Dieses Angebot findest du vom 05.02. bis 11.02. in deiner Kaufland-Filiale.,2026-02-05,2026-02-11,images_kaufland/kaufland_offer_436.jpg
Keine Marke,Bausteinebeutel,"€ 8,99",,Kein Mengenpreis,,Nein,Dieses Angebot findest du vom 05.02. bis 11.02. in deiner Kaufland-Filiale.,2026-02-05,2026-02-11,images_kaufland/kaufland_offer_437.jpg
PAKLITE,Beauty Case,"€ 19,99",,Kein Mengenpreis,,Nein,Dieses Angebot findest du vom 05.02. bis 11.02. in deiner Kaufland-Filiale.,2026-02-05,2026-02-11,images_kaufland/kaufland_offer_438.jpg
Keine Marke,Fusselrolle,"€ 1,00",,Kein Mengenpreis,,Nein,Dieses Angebot findest du vom 05.02. bis 11.02. in deiner Kaufland-Filiale.,2026-02-05,2026-02-11,images_kaufland/kaufland_offer_439.jpg
OYANDA,Damen-Spaghettiträgerhemden,"€ 9,99",,Kein Mengenpreis,,Nein,Dieses Angebot findest du vom 05.02. bis 11.02. in deiner Kaufland-Filiale.,2026-02-05,2026-02-11,images_kaufland/kaufland_offer_440.jpg
OSANN,Rückenlehnen-Organizer,"€ 9,99",UVP 17.95,Kein Mengenpreis,,Nein,Dieses Angebot findest du vom 05.02. bis 11.02. in deiner Kaufland-Filiale.,2026-02-05,2026-02-11,images_kaufland/kaufland_offer_441.jpg
S OLIVER,Quarter-Socken,"€ 6,99",,Kein Mengenpreis,,Nein,Dieses Angebot findest du vom 05.02. bis 11.02. in deiner Kaufland-Filiale.,2026-02-05,2026-02-11,images_kaufland/kaufland_offer_443.jpg
K-CLASSIC,CO2-Zylinderfüllung,"€ 4,99",5.55,1 kg = 11.75,,Nein,Dieses Angebot findest du vom 05.02. bis 11.02. in deiner Kaufland-Filiale.,2026-02-05,2026-02-11,images_kaufland/kaufland_offer_444.jpg
WRANGLER,Tennissocken,"€ 6,99",,Kein Mengenpreis,,Nein,Dieses Angebot findest du vom 05.02. bis 11.02. in deiner Kaufland-Filiale.,2026-02-05,2026-02-11,images_kaufland/kaufland_offer_446.jpg
Keine Marke,Pflasterbox Erste Hilfe,"€ 1,00",,Kein Mengenpreis,,Nein,Dieses Angebot findest du vom 05.02. bis 11.02. in deiner Kaufland-Filiale.,2026-02-05,2026-02-11,images_kaufland/kaufland_offer_448.jpg
Keine Marke,Kinder-Sweathose Stitch,"€ 7,99",,Kein Mengenpreis,,Nein,Dieses Angebot findest du vom 05.02. bis 11.02. in deiner Kaufland-Filiale.,2026-02-05,2026-02-11,images_kaufland/kaufland_offer_449.jpg
KUNIBOO,Kinder-Boxershorts,"€ 9,99",,Kein Mengenpreis,,Nein,Dieses Angebot findest du vom 05.02. bis 11.02. in deiner Kaufland-Filiale.,2026-02-05,2026-02-11,images_kaufland/kaufland_offer_450.jpg
KINGSHILL,Herren-Weste,"€ 14,99",UVP 49.99,Kein Mengenpreis,,Nein,Dieses Angebot findest du vom 05.02. bis 11.02. in deiner Kaufland-Filiale.,2026-02-05,2026-02-11,images_kaufland/kaufland_offer_451.jpg
BEBECONFORT,Kinder-Autositz Eros i-Safe,"€ 59,99",UVP 99.99,Kein Mengenpreis,,Nein,Dieses Angebot findest du vom 05.02. bis 11.02. in deiner Kaufland-Filiale.,2026-02-05,2026-02-11,images_kaufland/kaufland_offer_452.jpg
FRUIT OF THE LOOM,Herren-T-Shirts,"€ 17,99",,Kein Mengenpreis,,Nein,Dieses Angebot findest du vom 05.02. bis 11.02. in deiner Kaufland-Filiale.,2026-02-05,2026-02-11,images_kaufland/kaufland_offer_453.jpg
S OLIVER,Sneaker-Socken,"€ 6,99",,Kein Mengenpreis,,Nein,Dieses Angebot findest du vom 05.02. bis 11.02. in deiner Kaufland-Filiale.,2026-02-05,2026-02-11,images_kaufland/kaufland_offer_454.jpg
Keine Marke,Kinder-Pyjama Stitch,"€ 7,99",,Kein Mengenpreis,,Nein,Dieses Angebot findest du vom 05.02. bis 11.02. in deiner Kaufland-Filiale.,2026-02-05,2026-02-11,images_kaufland/kaufland_offer_455.jpg
FISHER-PRICE,Schlummer-Otter,"€ 24,99",UVP 48.99,Kein Mengenpreis,,Nein,Dieses Angebot findest du vom 05.02. bis 11.02. in deiner Kaufland-Filiale.,2026-02-05,2026-02-11,images_kaufland/kaufland_offer_456.jpg
Keine Marke,Vorratsdosen,"€ 2,00",,Kein Mengenpreis,,Nein,Dieses Angebot findest du vom 05.02. bis 11.02. in deiner Kaufland-Filiale.,2026-02-05,2026-02-11,images_kaufland/kaufland_offer_458.jpg
Keine Marke,Schüssel,"€ 2,00",,Kein Mengenpreis,,Nein,Dieses Angebot findest du vom 05.02. bis 11.02. in deiner Kaufland-Filiale.,2026-02-05,2026-02-11,images_kaufland/kaufland_offer_462.jpg
LIV BO,Kuscheldecke,"€ 5,99",,Kein Mengenpreis,,Nein,Dieses Angebot findest du vom 05.02. bis 11.02. in deiner Kaufland-Filiale.,2026-02-05,2026-02-11,images_kaufland/kaufland_offer_463.jpg
Keine Marke,Müslischale,"€ 2,00",,Kein Mengenpreis,,Nein,Dieses Angebot findest du vom 05.02. bis 11.02. in deiner Kaufland-Filiale.,2026-02-05,2026-02-11,images_kaufland/kaufland_offer_464.jpg
Keine Marke,Kinder-Unterhemden Stitch,"€ 4,99",,Kein Mengenpreis,,Nein,Dieses Angebot findest du vom 05.02. bis 11.02. in deiner Kaufland-Filiale.,2026-02-05,2026-02-11,images_kaufland/kaufland_offer_465.jpg
KINGSHILL,Herren-Sweatshirt -troyer,"€ 9,99",UVP 49.99,Kein Mengenpreis,,Nein,Dieses Angebot findest du vom 05.02. bis 11.02. in deiner Kaufland-Filiale.,2026-02-05,2026-02-11,images_kaufland/kaufland_offer_467.jpg
Keine Marke,Kinder-Pyjama Naruto,"€ 7,99",,Kein Mengenpreis,,Nein,Dieses Angebot findest du vom 05.02. bis 11.02. in deiner Kaufland-Filiale.,2026-02-05,2026-02-11,images_kaufland/kaufland_offer_468.jpg
KINGSHILL,Herren-Sweathose,"€ 9,99",UVP 49.99,Kein Mengenpreis,,Nein,Dieses Angebot findest du vom 05.02. bis 11.02. in deiner Kaufland-Filiale.,2026-02-05,2026-02-11,images_kaufland/kaufland_offer_469.jpg
KUNIBOO,Kinder-Slips,"€ 6,99",,Kein Mengenpreis,,Nein,Dieses Angebot findest du vom 05.02. bis 11.02. in deiner Kaufland-Filiale.,2026-02-05,2026-02-11,images_kaufland/kaufland_offer_470.jpg
PAKLITE,Trolley-Reisetasche,"€ 29,99",,Kein Mengenpreis,,Nein,Dieses Angebot findest du vom 05.02. bis 11.02. in deiner Kaufland-Filiale.,2026-02-05,2026-02-11,images_kaufland/kaufland_offer_471.jpg
PAKLITE,Trolley L,"€ 49,99",,Kein Mengenpreis,,Nein,Dieses Angebot findest du vom 05.02. bis 11.02. in deiner Kaufland-Filiale.,2026-02-05,2026-02-11,images_kaufland/kaufland_offer_472.jpg
KINGSHILL,Herren-Retroboxer,"€ 7,99",UVP 19.99,Kein Mengenpreis,,Nein,Dieses Angebot findest du vom 05.02. bis 11.02. in deiner Kaufland-Filiale.,2026-02-05,2026-02-11,images_kaufland/kaufland_offer_473.jpg
UHU,Luftentfeuchter- Nachfüllbeutel,"€ 1,99",,1 kg = 4.43,,Nein,Dieses Angebot findest du vom 05.02. bis 11.02. in deiner Kaufland-Filiale.,2026-02-05,2026-02-11,images_kaufland/kaufland_offer_475.jpg
OSANN,Mal- und Reise-Tablett,"€ 9,99",UVP 15.95,Kein Mengenpreis,,Nein,Dieses Angebot findest du vom 05.02. bis 11.02. in deiner Kaufland-Filiale.,2026-02-05,2026-02-11,images_kaufland/kaufland_offer_476.jpg
Keine Marke,Kinder-Langarmshirt Stitch,"€ 4,99",,Kein Mengenpreis,,Nein,Dieses Angebot findest du vom 05.02. bis 11.02. in deiner Kaufland-Filiale.,2026-02-05,2026-02-11,images_kaufland/kaufland_offer_479.jpg
KINGSHILL,Damen-Leggings,"€ 7,99",UVP 29.99,Kein Mengenpreis,,Nein,Dieses Angebot findest du vom 05.02. bis 11.02. in deiner Kaufland-Filiale.,2026-02-05,2026-02-11,images_kaufland/kaufland_offer_480.jpg
LIQUI MOLY,Motorenöl 5W-30 Nr 1 Longlife III,"€ 39,99",UVP 56.99,1 l = 8.00,,Nein,Dieses Angebot findest du vom 05.02. bis 11.02. in deiner Kaufland-Filiale.,2026-02-05,2026-02-11,images_kaufland/kaufland_offer_482.jpg
WALSER,Kindersitzerhöhung Raffi,"€ 12,99",UVP 16.95,Kein Mengenpreis,,Nein,Dieses Angebot findest du vom 05.02. bis 11.02. in deiner Kaufland-Filiale.,2026-02-05,2026-02-11,images_kaufland/kaufland_offer_483.jpg
KINGSHILL,Herren-T-Shirt,"€ 4,99",UVP 19.99,Kein Mengenpreis,,Nein,Dieses Angebot findest du vom 05.02. bis 11.02. in deiner Kaufland-Filiale.,2026-02-05,2026-02-11,images_kaufland/kaufland_offer_484.jpg
SPICE SOUL,Geschirrtücher,"€ 5,99",,Kein Mengenpreis,,Nein,Dieses Angebot findest du vom 05.02. bis 11.02. in deiner Kaufland-Filiale.,2026-02-05,2026-02-11,images_kaufland/kaufland_offer_485.jpg
Keine Marke,Kinder-Langarmshirt Naruto,"€ 4,99",,Kein Mengenpreis,,Nein,Dieses Angebot findest du vom 05.02. bis 11.02. in deiner Kaufland-Filiale.,2026-02-05,2026-02-11,images_kaufland/kaufland_offer_488.jpg
K-CLASSIC,QuickClick-Zylinderfüllung,"€ 5,99",,1 kg = 14.10,,Nein,Dieses Angebot findest du vom 05.02. bis 11.02. in deiner Kaufland-Filiale.,2026-02-05,2026-02-11,images_kaufland/kaufland_offer_489.jpg
TREKK STAR,Damen-Trekkingschuhe,"€ 12,99",,Kein Mengenpreis,,Nein,Dieses Angebot findest du vom 05.02. bis 11.02. in deiner Kaufland-Filiale.,2026-02-05,2026-02-11,images_kaufland/kaufland_offer_490.jpg
Keine Marke,Kinder-Sweatpullover Stitch,"€ 7,99",,Kein Mengenpreis,,Nein,Dieses Angebot findest du vom 05.02. bis 11.02. in deiner Kaufland-Filiale.,2026-02-05,2026-02-11,images_kaufland/kaufland_offer_491.jpg
UHU,Luftentfeuchter,"€ 3,99",,1 kg = 8.87,,Nein,Dieses Angebot findest du vom 05.02. bis 11.02. in deiner Kaufland-Filiale.,2026-02-05,2026-02-11,images_kaufland/kaufland_offer_492.jpg
Keine Marke,Teeglas,"€ 2,00",,Kein Mengenpreis,,Nein,Dieses Angebot findest du vom 05.02. bis 11.02. in deiner Kaufland-Filiale.,2026-02-05,2026-02-11,images_kaufland/kaufland_offer_495.jpg
PAKLITE,Rucksack,"€ 14,99",,Kein Mengenpreis,,Nein,Dieses Angebot findest du vom 05.02. bis 11.02. in deiner Kaufland-Filiale.,2026-02-05,2026-02-11,images_kaufland/kaufland_offer_496.jpg
NESCAF,Gold,"€ 11,99",,1 kg = 59.95 - 63.11,,Nein,Dieses Angebot findest du vom 09.02. bis 11.02. in deiner Kaufland-Filiale.,2026-02-09,2026-02-11,images_kaufland/kaufland_offer_613.jpg
K-PURLAND,Kasseler Minutensteaks XXL,"€ 5,99",,1 kg = 7.49,,Nein,Dieses Angebot findest du vom 09.02. bis 11.02. in deiner Kaufland-Filiale.,2026-02-09,2026-02-11,images_kaufland/kaufland_offer_615.jpg
TULLAMORE DEW,Irish Whiskey,"€ 13,89",18.99,1 l = 19.85,,Nein,Dieses Angebot findest du vom 09.02. bis 11.02. in deiner Kaufland-Filiale.,2026-02-09,2026-02-11,images_kaufland/kaufland_offer_616.jpg
K-CLASSIC,Räucherscheiben,"€ 1,39",1.55,1 kg = 9.27,,Nein,Dieses Angebot findest du vom 09.02. bis 11.02. in deiner Kaufland-Filiale.,2026-02-09,2026-02-11,images_kaufland/kaufland_offer_618.jpg
MAGGI,Asia- oder Wirtshaus-Snack,"€ 0,99",,1 kg = 5.83 - 8.32,,Nein,Dieses Angebot findest du vom 09.02. bis 11.02. in deiner Kaufland-Filiale.,2026-02-09,2026-02-11,images_kaufland/kaufland_offer_619.jpg
K-CLASSIC,Backofen-Snacks,"€ 1,59",2.19,1 kg = 6.36,,Nein,Dieses Angebot findest du vom 09.02. bis 11.02. in deiner Kaufland-Filiale.,2026-02-09,2026-02-11,images_kaufland/kaufland_offer_620.jpg
OUZO 12 oder GOLD 12,Anisspirituose oder -likör,"€ 9,49",,1 l = 13.56,,Nein,Dieses Angebot findest du vom 09.02. bis 11.02. in deiner Kaufland-Filiale.,2026-02-09,2026-02-11,images_kaufland/kaufland_offer_621.jpg
MILKA,Choco oder Sensations,"€ 1,99",2.99,1 kg = 7.66 - 13.27,,Nein,Dieses Angebot findest du vom 09.02. bis 11.02. in deiner Kaufland-Filiale.,2026-02-09,2026-02-11,images_kaufland/kaufland_offer_622.jpg
Keine Marke,Südafrik Zitronen,"€ 0,99",1.49,1 kg = 1.98,,Nein,Dieses Angebot findest du vom 09.02. bis 11.02. in deiner Kaufland-Filiale.,2026-02-09,2026-02-11,images_kaufland/kaufland_offer_623.jpg
ALWAYS,Slipeinlagen Big-Pack,"€ 4,00",5.18,Kein Mengenpreis,,Nein,Dieses Angebot findest du vom 09.02. bis 11.02. in deiner Kaufland-Filiale.,2026-02-09,2026-02-11,images_kaufland/kaufland_offer_624.jpg
DREAMIES oder WHISKAS,Katzensnack,"€ 2,69",,1 kg = 14.95 - 22.42,,Nein,Dieses Angebot findest du vom 09.02. bis 11.02. in deiner Kaufland-Filiale.,2026-02-09,2026-02-11,images_kaufland/kaufland_offer_626.jpg
Keine Marke,Chrysantheme in Manschette,"€ 4,99",,Kein Mengenpreis,,Nein,Dieses Angebot findest du vom 09.02. bis 11.02. in deiner Kaufland-Filiale.,2026-02-09,2026-02-11,images_kaufland/kaufland_offer_627.jpg
Keine Marke,Calla oder Flamingoblume,"€ 8,88",,Kein Mengenpreis,,Nein,Dieses Angebot findest du vom 09.02. bis 11.02. in deiner Kaufland-Filiale.,2026-02-09,2026-02-11,images_kaufland/kaufland_offer_629.jpg
PAULANER,Münchner Hell,"€ 14,99",19.99,1 l = 1.50,,Nein,Dieses Angebot findest du vom 09.02. bis 11.02. in deiner Kaufland-Filiale.,2026-02-09,2026-02-11,images_kaufland/kaufland_offer_630.jpg
KLEINEMAS,Wacholder-Bauch,"€ 4,29",5.49,1 kg = 14.30,,Nein,Dieses Angebot findest du vom 09.02. bis 11.02. in deiner Kaufland-Filiale.,2026-02-09,2026-02-11,images_kaufland/kaufland_offer_631.jpg
Keine Marke,Ital Babyspinat,"€ 0,79",1.29,1 kg = 5.27,,Nein,Dieses Angebot findest du vom 09.02. bis 11.02. in deiner Kaufland-Filiale.,2026-02-09,2026-02-11,images_kaufland/kaufland_offer_632.jpg
DR OETKER,Paradiescreme,"€ 3,00",3.96,1 kg = 10.14 - 13.64,,Nein,Dieses Angebot findest du vom 09.02. bis 11.02. in deiner Kaufland-Filiale.,2026-02-09,2026-02-11,images_kaufland/kaufland_offer_633.jpg
HARRY,Toast,"€ 1,29",1.99,1 kg = 2.58,,Nein,Dieses Angebot findest du vom 09.02. bis 11.02. in deiner Kaufland-Filiale.,2026-02-09,2026-02-11,images_kaufland/kaufland_offer_636.jpg
Keine Marke,Dtsch Möhren,"€ 0,89",1.29,Kein Mengenpreis,,Nein,Dieses Angebot findest du vom 09.02. bis 11.02. in deiner Kaufland-Filiale.,2026-02-09,2026-02-11,images_kaufland/kaufland_offer_641.jpg
K-CLASSIC,Frischer Schmand 24 Fett,"€ 0,66",,1 kg = 3.30,,Nein,Dieses Angebot findest du vom 09.02. bis 11.02. in deiner Kaufland-Filiale.,2026-02-09,2026-02-11,images_kaufland/kaufland_offer_643.jpg
PERWOLL,Woll- oder Feinwaschmittel,"€ 9,89",11.95,pro Anwendung = 0.19,,Nein,Dieses Angebot findest du vom 09.02. bis 11.02. in deiner Kaufland-Filiale.,2026-02-09,2026-02-11,images_kaufland/kaufland_offer_644.jpg
Keine Marke,Kalanchoe im Glas,"€ 7,99",,Kein Mengenpreis,,Nein,Dieses Angebot findest du vom 09.02. bis 11.02. in deiner Kaufland-Filiale.,2026-02-09,2026-02-11,images_kaufland/kaufland_offer_645.jpg
Keine Marke,Ital Rucola oder Pflücksalat,"€ 0,79",1.29,1 kg = 6.32,,Nein,Dieses Angebot findest du vom 09.02. bis 11.02. in deiner Kaufland-Filiale.,2026-02-09,2026-02-11,images_kaufland/kaufland_offer_646.jpg
Keine Marke,Bauernbrötchen mit Saaten,"€ 0,39",0.55,Kein Mengenpreis,,Nein,Dieses Angebot findest du vom 09.02. bis 11.02. in deiner Kaufland-Filiale.,2026-02-09,2026-02-11,images_kaufland/kaufland_offer_647.jpg
BRUT DARGENT,Franz Sekt,"€ 5,89",7.99,1 l = 7.86,,Nein,Dieses Angebot findest du vom 09.02. bis 11.02. in deiner Kaufland-Filiale.,2026-02-09,2026-02-11,images_kaufland/kaufland_offer_648.jpg
Keine Marke,Ecuador peruan Bio-Bananen,"€ 1,49",1.99,Kein Mengenpreis,,Nein,Dieses Angebot findest du vom 09.02. bis 11.02. in deiner Kaufland-Filiale.,2026-02-09,2026-02-11,images_kaufland/kaufland_offer_649.jpg
K-CLASSIC,Leberwurst,"€ 1,11",1.39,1 kg = 4.44,,Nein,Dieses Angebot findest du vom 09.02. bis 11.02. in deiner Kaufland-Filiale.,2026-02-09,2026-02-11,images_kaufland/kaufland_offer_651.jpg
K-CLASSIC,Baguette,"€ 2,22",2.99,1 kg = 2.96,,Nein,Dieses Angebot findest du vom 09.02. bis 11.02. in deiner Kaufland-Filiale.,2026-02-09,2026-02-11,images_kaufland/kaufland_offer_652.jpg
KUSCHELWEICH,Weichspüler Luxury Moments oder Oriental,"€ 1,69",,pro Anwendung = 0.05,,Nein,Dieses Angebot findest du vom 09.02. bis 11.02. in deiner Kaufland-Filiale.,2026-02-09,2026-02-11,images_kaufland/kaufland_offer_653.jpg
TUC,Bake Rolls oder Mini,"€ 1,39",1.99,1 kg = 9.27 - 11.59,,Nein,Dieses Angebot findest du vom 09.02. bis 11.02. in deiner Kaufland-Filiale.,2026-02-09,2026-02-11,images_kaufland/kaufland_offer_654.jpg
