Produkt,Marke,Preis,Vorheriger Preis,Preis_kg,Gueltig_raw,Gueltig_von,Gueltig_bis
Highland Single Grain Scotch Whisky 12 Jahre,The Targe,"€ 19,99",Kein vorheriger Preis,"€ 28,56 / l -",21.09. - 04.10.,2025-09-21,2025-10-04
Primitivo di Manduria,Poggio Marù,"€ 8,99",Kein vorheriger Preis,"€ 11,99 / l -",21.09. - 04.10.,2025-09-21,2025-10-04
Liquore Crema Pistacchio,Keine Marke,"€ 6,99",Kein vorheriger Preis,"€ 13,98 / l -",21.09. - 04.10.,2025-09-21,2025-10-04
Süßrahmbutter,Milbona,"€ 1,49",Kein vorheriger Preis,"€ 5,96 / kg -",26.09. - 04.10.,2025-09-26,2025-10-04
Deutsche Markenbutter,Ein Gutes Stück Bayern,"€ 1,89",Kein vorheriger Preis,"€ 7,56 / kg -",26.09. - 04.10.,2025-09-26,2025-10-04
Single Malt Scotch Whisky,Loch Lomond,"€ 17,99",Kein vorheriger Preis,"€ 25,70 / l -",21.09. - 04.10.,2025-09-21,2025-10-04
Rosato,Cà Dei Frati,"€ 12,49",Kein vorheriger Preis,"€ 16,65 / l -",21.09. - 04.10.,2025-09-21,2025-10-04
Deutsche Markenbutter,Milbona,"€ 1,49",Kein vorheriger Preis,"€ 5,96 / kg -",26.09. - 04.10.,2025-09-26,2025-10-04
Weidebutter,Milbona,"€ 1,99",Kein vorheriger Preis,"€ 7,96 / kg -",26.09. - 04.10.,2025-09-26,2025-10-04
Sauvignon Blanc Weißburgunder,Keine Marke,"€ 4,99",Kein vorheriger Preis,"€ 6,65 / l -",21.09. - 04.10.,2025-09-21,2025-10-04
Lugana,Ca’del Lago,"€ 8,99",Kein vorheriger Preis,"€ 11,99 / l -",21.09. - 04.10.,2025-09-21,2025-10-04
Barbados Rum Grande Réserve,Plantation Rum,"€ 17,99",Kein vorheriger Preis,"€ 25,70 / l -",21.09. - 04.10.,2025-09-21,2025-10-04
No Butter,Vemondo,"€ 1,49",Kein vorheriger Preis,"€ 5,96 / kg -",26.09. - 04.10.,2025-09-26,2025-10-04
Gold Echter Übersee Rum,James Cook,"€ 6,99",Kein vorheriger Preis,"€ 9,99 / l -",21.09. - 04.10.,2025-09-21,2025-10-04
Chianti Colli Senesi,Medici Riccardi,"€ 6,99",Kein vorheriger Preis,"€ 9,32 / l -",21.09. - 04.10.,2025-09-21,2025-10-04
Sødergården Gesalzen,Milbona,"€ 1,39",Kein vorheriger Preis,"€ 5,56 / kg -",26.09. - 04.10.,2025-09-26,2025-10-04
Ruby LʼApéro,Pampelle,"€ 15,99",Kein vorheriger Preis,"€ 22,84 / l -",21.09. - 04.10.,2025-09-21,2025-10-04
Blanc de Blancs,Bissinger,"€ 27,99",Kein vorheriger Preis,"€ 37,32 / l -",21.09. - 04.10.,2025-09-21,2025-10-04
Kinder Skihelm,Crivit,"€ 49,99",Kein vorheriger Preis,"€ 49,99 / Stk -",06.10. - 11.10.,2025-10-06,2025-10-11
Herren Slips 3er-Set,Livergy,"€ 4,99",Kein vorheriger Preis,"€ 1,66 / Stk -",01.10. - 04.10.,2025-10-01,2025-10-04
Gratinkäse Gerieben,Milbona,"€ 1,59",Kein vorheriger Preis,"€ 6,36 / kg -",29.09. - 04.10.,2025-09-29,2025-10-04
Kinder Hausschuhe,Keine Marke,"€ 4,99",Kein vorheriger Preis,"€ 4,99 / Stk -",29.09. - 04.10.,2025-09-29,2025-10-04
Hauchzart,Dulano,"€ 1,99",Kein vorheriger Preis,"€ 19,90 / kg -",29.09. - 04.10.,2025-09-29,2025-10-04
Bio Hochland Kaffee Löslich,Fairglobe,"€ 4,45",Kein vorheriger Preis,"€ 44,50 / kg -",29.09. - 04.10.,2025-09-29,2025-10-04
Puten Geschnetzeltes,Metzgerfrisch,"€ 5,99",Kein vorheriger Preis,"€ 7,49 / kg -",09.10. - 11.10.,2025-10-09,2025-10-11
Pinky Donuts,Lidl Backshop,"€ 1,99",Kein vorheriger Preis,"€ 9,39 / kg -",06.10. - 11.10.,2025-10-06,2025-10-11
Hähnchen-Rouladen,Metzgerfrisch,"€ 5,49",Kein vorheriger Preis,"€ 9,98 / kg -",10.10. - 11.10.,2025-10-10,2025-10-11
Kinder-Ski- und Snowboardhelm,Crivit,"€ 19,99",Kein vorheriger Preis,"€ 19,99 / Stk -",06.10. - 11.10.,2025-10-06,2025-10-11
Crema d'Oro,Dallmayr,"€ 13,99",Kein vorheriger Preis,"€ 13,99 / kg -",10.10. - 11.10.,2025-10-10,2025-10-11
Grobe Bratwurst XXL,Metzgerfrisch,"€ 5,49",Kein vorheriger Preis,"€ 5,49 / kg -",01.10. - 04.10.,2025-10-01,2025-10-04
Speisequark,Milbona,"€ 1,29",Kein vorheriger Preis,"€ 2,58 / kg -",06.10. - 11.10.,2025-10-06,2025-10-11
Teufels-Hähnchen,Metzgerfrisch,"€ 6,49",Kein vorheriger Preis,"€ 4,64 / kg -",01.10. - 04.10.,2025-10-01,2025-10-04
Kinder Seamless-Funktionsunterwäsche 2 tlg.,Lupilu,"€ 9,99",Kein vorheriger Preis,"€ 5,00 / Stk -",06.10. - 11.10.,2025-10-06,2025-10-11
Steckschlüsselsatz,Parkside,"€ 8,99",Kein vorheriger Preis,"€ 8,99 / Stk -",09.10. - 11.10.,2025-10-09,2025-10-11
Weißkäse,Patros,"€ 1,99",Kein vorheriger Preis,"€ 11,06 / kg -",09.10. - 11.10.,2025-10-09,2025-10-11
Schweine Schulter,Metzgerfrisch,"€ 5,49",Kein vorheriger Preis,"€ 5,49 / kg -",01.10. - 04.10.,2025-10-01,2025-10-04
Muscat von Samos,Keine Marke,"€ 4,99",Kein vorheriger Preis,"€ 6,65 / l -",01.10. - 04.10.,2025-10-01,2025-10-04
Taschentücher,Tempo,"€ 3,99",Kein vorheriger Preis,"€ 0,10 / Stk -",06.10. - 11.10.,2025-10-06,2025-10-11
Ersatzbezüge Ultramax,Vileda,"€ 5,99",Kein vorheriger Preis,"€ 5,99 / Stk -",09.10. - 11.10.,2025-10-09,2025-10-11
Blanc de Blancs,Henkell Sekt,"€ 3,99",Kein vorheriger Preis,"€ 5,32 / l -",06.10. - 11.10.,2025-10-06,2025-10-11
Hirschbraten,Deluxe,"€ 11,99",Kein vorheriger Preis,"€ 19,98 / kg -",06.10. - 11.10.,2025-10-06,2025-10-11
Kitchen Tools Digitaler Reiskocher,SilverCrest,"€ 29,99",Kein vorheriger Preis,"€ 29,99 / Stk -",29.09. - 04.10.,2025-09-29,2025-10-04
Mavrodaphne Patras,Keine Marke,"€ 4,49",Kein vorheriger Preis,"€ 5,99 / l -",01.10. - 04.10.,2025-10-01,2025-10-04
Crosstrainer Syros E,Horizon Fitness,"€ 199,00",Kein vorheriger Preis,"€ 199,00 / Stk -",06.10. - 11.10.,2025-10-06,2025-10-11
Kurzhantelset,Crivit,"€ 14,99",Kein vorheriger Preis,"€ 14,99 / Stk -",29.09. - 04.10.,2025-09-29,2025-10-04
Kleinkinder-Schneestiefel,Lupilu,"€ 12,99",Kein vorheriger Preis,"€ 12,99 / Stk -",06.10. - 11.10.,2025-10-06,2025-10-11
Saure Sahne,Milbona,"€ 0,69",Kein vorheriger Preis,"€ 3,45 / kg -",06.10. - 11.10.,2025-10-06,2025-10-11
Men Flanell-Schlafhose,Esmara,"€ 6,29",Kein vorheriger Preis,"€ 6,29 / Stk -",09.10. - 11.10.,2025-10-09,2025-10-11
OptiGrill GC7P08,Tefal,"€ 84,99",Kein vorheriger Preis,"€ 84,99 / Stk -",29.09. - 04.10.,2025-09-29,2025-10-04
LED-Lichterkette,Livarno Home,"€ 7,99",Kein vorheriger Preis,"€ 0,08 / Stk -",09.10. - 11.10.,2025-10-09,2025-10-11
XXL-Isolierbecher Travel Mug,emsa,"€ 17,99",Kein vorheriger Preis,"€ 17,99 / Stk -",29.09. - 04.10.,2025-09-29,2025-10-04
Trendline 7-Zonen-Kaltschaummatratze BT 260,Badenia Bettcomfort,"€ 139,00",Kein vorheriger Preis,"€ 139,00 / Stk -",06.10. - 11.10.,2025-10-06,2025-10-11
Gummidichtung W-Profil,Parkside,"€ 2,99",Kein vorheriger Preis,"€ 2,99 / Stk -",01.10. - 04.10.,2025-10-01,2025-10-04
Weihnachtsbaumständer,Livarno Home,"€ 9,99",Kein vorheriger Preis,"€ 9,99 / Stk -",09.10. - 11.10.,2025-10-09,2025-10-11
Vorrats- und Gewürzdosen-Set,Ernesto,"€ 7,99",Kein vorheriger Preis,"€ 7,99 / Stk -",29.09. - 04.10.,2025-09-29,2025-10-04
Performance Elektro-Kettensäge PPEKS 2500 A1,Parkside,"€ 99,99",Kein vorheriger Preis,"€ 99,99 / Stk -",06.10. - 11.10.,2025-10-06,2025-10-11
Akku-Universal-Kleingebläse PAUKGB A1,Parkside,"€ 19,99",Kein vorheriger Preis,"€ 19,99 / Stk -",01.10. - 04.10.,2025-10-01,2025-10-04
Sesampaste Tahini,Eridanous,"€ 2,29",Kein vorheriger Preis,"€ 6,54 / kg -",01.10. - 04.10.,2025-10-01,2025-10-04
Ofen-Feta,Eridanous,"€ 2,99",Kein vorheriger Preis,"€ 27,18 / kg -",01.10. - 04.10.,2025-10-01,2025-10-04
Pepsi Cola,Pepsi,"€ 0,69",Kein vorheriger Preis,"€ 0,55 / l -",06.10. - 11.10.,2025-10-06,2025-10-11
Nuss-Nougat-Croissant,Lidl Backshop,"€ 1,38",Kein vorheriger Preis,"€ 0,46 / Stk -",06.10. - 11.10.,2025-10-06,2025-10-11
Yes Cacao,Nestlé,"€ 1,79",Kein vorheriger Preis,"€ 54,24 / kg -",09.10. - 11.10.,2025-10-09,2025-10-11
Krautsalat,Eridanous,"€ 1,69",Kein vorheriger Preis,"€ 4,22 / kg -",01.10. - 04.10.,2025-10-01,2025-10-04
Bougatsa,Vemondo,"€ 2,99",Kein vorheriger Preis,"€ 7,48 / kg -",01.10. - 04.10.,2025-10-01,2025-10-04
Messer-Organizer,Joseph Joseph,"€ 9,99",Kein vorheriger Preis,"€ 9,99 / Stk -",06.10. - 11.10.,2025-10-06,2025-10-11
Halloween Purple Tortilla Chips Wednesday,Keine Marke,"€ 1,49",Kein vorheriger Preis,"€ 7,45 / kg -",06.10. - 11.10.,2025-10-06,2025-10-11
Food-Processor MCM3501M,Bosch,"€ 79,99",Kein vorheriger Preis,"€ 79,99 / Stk -",06.10. - 11.10.,2025-10-06,2025-10-11
Magnetschalen-Set,Parkside,"€ 2,99",Kein vorheriger Preis,"€ 2,99 / Stk -",01.10. - 04.10.,2025-10-01,2025-10-04
Veganes Edelmarzipan Brot,Favorina,"€ 1,19",Kein vorheriger Preis,"€ 9,52 / kg -",29.09. - 04.10.,2025-09-29,2025-10-04
Aprikosenkekse,Eridanous,"€ 1,89",Kein vorheriger Preis,"€ 5,73 / kg -",01.10. - 04.10.,2025-10-01,2025-10-04
Saft,Hohes C,"€ 1,49",Kein vorheriger Preis,"€ 1,49 / l -",06.10. - 11.10.,2025-10-06,2025-10-11
Wand- und Bodenbearbeitungssystem PWBS 180 B3,Parkside,"€ 49,99",Kein vorheriger Preis,"€ 49,99 / Stk -",01.10. - 04.10.,2025-10-01,2025-10-04
Butter-Spekulatius,Favorina,"€ 1,69",Kein vorheriger Preis,"€ 6,76 / kg -",29.09. - 04.10.,2025-09-29,2025-10-04
Äpfel,Keine Marke,"€ 1,39",Kein vorheriger Preis,"€ 1,39 / kg -",29.09. - 04.10.,2025-09-29,2025-10-04
Milchaufschäumer SMSP 500 A1,SilverCrest,"€ 14,99",Kein vorheriger Preis,"€ 14,99 / Stk -",29.09. - 04.10.,2025-09-29,2025-10-04
Graviera Kritis Käse,Eridanous,"€ 4,49",Kein vorheriger Preis,"€ 17,96 / kg -",01.10. - 04.10.,2025-10-01,2025-10-04
Laktosefrei H-­Vollmilch,Milbona,"€ 1,29",Kein vorheriger Preis,"€ 1,29 / l -",06.10. - 11.10.,2025-10-06,2025-10-11
Orangen,Keine Marke,"€ 2,29",Kein vorheriger Preis,"€ 1,53 / kg -",29.09. - 04.10.,2025-09-29,2025-10-04
Kinder Schneehose,Lupilu,"€ 9,99",Kein vorheriger Preis,"€ 9,99 / Stk -",06.10. - 11.10.,2025-10-06,2025-10-11
Bio-Ingwer-Shot,Solevita,"€ 1,29",Kein vorheriger Preis,"€ 8,60 / l -",06.10. - 11.10.,2025-10-06,2025-10-11
LED-Lupenleuchte,Livarno Home,"€ 29,99",Kein vorheriger Preis,"€ 29,99 / Stk -",01.10. - 04.10.,2025-10-01,2025-10-04
Heidekraut,Keine Marke,"€ 5,99",Kein vorheriger Preis,"€ 5,99 / Stk -",29.09. - 04.10.,2025-09-29,2025-10-04
Bio Sonnenblumenkerne,Alesto,"€ 1,75",Kein vorheriger Preis,"€ 2,69 / kg -",06.10. - 11.10.,2025-10-06,2025-10-11
Strickfleece-Weste,Parkside,"€ 9,99",Kein vorheriger Preis,"€ 9,99 / Stk -",01.10. - 04.10.,2025-10-01,2025-10-04
Streichzart,Meggle,"€ 3,29",Kein vorheriger Preis,"€ 8,22 / kg -",01.10. - 04.10.,2025-10-01,2025-10-04
Heidekraut,Keine Marke,"€ 1,99",Kein vorheriger Preis,"€ 1,99 / Stk -",01.10. - 04.10.,2025-10-01,2025-10-04
Rosenkohl,Keine Marke,"€ 0,99",Kein vorheriger Preis,"€ 1,32 / kg -",01.10. - 04.10.,2025-10-01,2025-10-04
Sekt,Rotkäppchen,"€ 3,29",Kein vorheriger Preis,"€ 4,39 / l -",01.10. - 04.10.,2025-10-01,2025-10-04
Rum,Plantation Rum,"€ 22,22",Kein vorheriger Preis,"€ 31,74 / l -",01.10. - 11.10.,2025-10-01,2025-10-11
Reiniger,Sagrotan,"€ 2,79",Kein vorheriger Preis,"€ 4,65 / l -",01.10. - 04.10.,2025-10-01,2025-10-04
Antipasti,Eridanous,"€ 2,49",Kein vorheriger Preis,"€ 10,83 / kg -",01.10. - 04.10.,2025-10-01,2025-10-04
Halloween Zungenfärber Bonbons Wednesday,Keine Marke,"€ 1,79",Kein vorheriger Preis,"€ 5,97 / kg -",06.10. - 11.10.,2025-10-06,2025-10-11
Fairtrade-Rosen,Keine Marke,"€ 2,99",Kein vorheriger Preis,"€ 2,99 / Stk -",29.09. - 04.10.,2025-09-29,2025-10-04
Kaltschaummatratze Emma One,Emma,"€ 149,00",Kein vorheriger Preis,"€ 149,00 / Stk -",29.09. - 04.10.,2025-09-29,2025-10-04
Rosa Aperitif,Sarti,"€ 14,99",Kein vorheriger Preis,"€ 21,41 / l -",29.09. - 04.10.,2025-09-29,2025-10-04
Halloween Sweet & Sour Mix,Trolli,"€ 2,99",Kein vorheriger Preis,"€ 8,31 / kg -",06.10. - 11.10.,2025-10-06,2025-10-11
Speyside Single Malt Scotch Whisky 29 Jahre,Ben Bracken,"€ 88,88",Kein vorheriger Preis,"€ 126,97 / l -",01.10. - 11.10.,2025-10-01,2025-10-11
Chrysanthemen Strauß,Keine Marke,"€ 9,99",Kein vorheriger Preis,"€ 9,99 / Stk -",01.10. - 04.10.,2025-10-01,2025-10-04
Frischkäsecreme,Eridanous,"€ 1,99",Kein vorheriger Preis,"€ 15,92 / kg -",01.10. - 04.10.,2025-10-01,2025-10-04
Black Label Blended Scotch Whisky,Johnnie Walker,"€ 17,99",Kein vorheriger Preis,"€ 25,70 / l -",29.09. - 04.10.,2025-09-29,2025-10-04
Halloween Totenkopf,Keine Marke,"€ 4,90",Kein vorheriger Preis,"€ 14,71 / kg -",06.10. - 11.10.,2025-10-06,2025-10-11
Selection Nuts Royal XXL,Alesto,"€ 5,99",Kein vorheriger Preis,"€ 11,98 / kg -",29.09. - 04.10.,2025-09-29,2025-10-04
Eau de Toilette,Bruno Banani,"€ 11,95",Kein vorheriger Preis,"€ 398,33 / l -",29.09. - 04.10.,2025-09-29,2025-10-04
Premium Pilsener,Warsteiner,"€ 9,99",Kein vorheriger Preis,"€ 2,00 / l -",06.10. - 11.10.,2025-10-06,2025-10-11
Highlands Single Malt Scotch Whisky 12 Jahre,Loch Lomond,"€ 34,99",Kein vorheriger Preis,"€ 49,99 / l -",01.10. - 11.10.,2025-10-01,2025-10-11
Supersoft Premium Toilettenpapier XXL,Floralys,"€ 6,29",Kein vorheriger Preis,"€ 0,39 / Stk -",29.09. - 04.10.,2025-09-29,2025-10-04
Ice Impèrial,Moët & Chandon,"€ 49,90",Kein vorheriger Preis,"€ 66,53 / l -",06.10. - 11.10.,2025-10-06,2025-10-11
Herbstlicher Strauß,Keine Marke,"€ 4,99",Kein vorheriger Preis,"€ 4,99 / Stk -",01.10. - 04.10.,2025-10-01,2025-10-04
Château Haut-Boulac,Keine Marke,"€ 4,99",Kein vorheriger Preis,"€ 4,99 / l -",06.10. - 11.10.,2025-10-06,2025-10-11
Waschbeckenunterschrank Oslo,Livarno Home,"€ 29,99",Kein vorheriger Preis,"€ 29,99 / Stk -",29.09. - 04.10.,2025-09-29,2025-10-04
Grand Dessert,Ehrmann,"€ 0,59",Kein vorheriger Preis,"€ 3,11 / kg -",29.09. - 04.10.,2025-09-29,2025-10-04
Funksteckdosen-Set,Tronic,"€ 16,99",Kein vorheriger Preis,"€ 16,99 / Stk -",09.10. - 11.10.,2025-10-09,2025-10-11
Damen Sweatkleid,Keine Marke,"€ 14,99",Kein vorheriger Preis,"€ 14,99 / Stk -",29.09. - 04.10.,2025-09-29,2025-10-04
Sauvignon Blanc Blush,Cimarosa,"€ 5,99",Kein vorheriger Preis,"€ 7,99 / l -",06.10. - 11.10.,2025-10-06,2025-10-11
Original Irische Butter,Kerrygold,"€ 2,39",Kein vorheriger Preis,"€ 9,56 / kg -",29.09. - 04.10.,2025-09-29,2025-10-04
Frottier-Set,Livarno Home,"€ 9,99",Kein vorheriger Preis,"€ 9,99 / Stk -",06.10. - 11.10.,2025-10-06,2025-10-11
Duroc Jamón Serrano,Deluxe,"€ 19,00",Kein vorheriger Preis,"€ 20,00 / kg -",06.10. - 11.10.,2025-10-06,2025-10-11
Flammkuchen Elsasser Art,Original Wagner,"€ 1,99",Kein vorheriger Preis,"€ 6,63 / kg -",29.09. - 04.10.,2025-09-29,2025-10-04
Chicken Wings Gegart XXL,Metzgerfrisch,"€ 6,49",Kein vorheriger Preis,"€ 8,11 / kg -",29.09. - 04.10.,2025-09-29,2025-10-04
Deko-Clips,3M,"€ 3,49",Kein vorheriger Preis,"€ 3,49 / Stk -",09.10. - 11.10.,2025-10-09,2025-10-11
Hähnchen Minischnitte Cornflakes Panade XXL,Metzgerfrisch,"€ 4,99",Kein vorheriger Preis,"€ 9,24 / kg -",04.10. - 04.10.,2025-10-04,2025-10-04
Profiteroles Schoko,Deluxe,"€ 2,99",Kein vorheriger Preis,"€ 6,64 / kg -",06.10. - 11.10.,2025-10-06,2025-10-11
Single Malt Scotch Whisky 12 Jahre,Highland Park,"€ 39,99",Kein vorheriger Preis,"€ 57,13 / l -",01.10. - 11.10.,2025-10-01,2025-10-11
Tintenfischringe,Eridanous,"€ 6,99",Kein vorheriger Preis,"€ 11,10 / kg -",01.10. - 04.10.,2025-10-01,2025-10-04
Schweine-Schlachtplatte,Metzgerfrisch,"€ 5,99",Kein vorheriger Preis,"€ 5,99 / kg -",29.09. - 04.10.,2025-09-29,2025-10-04
Teppich,Livarno Home,"€ 17,99",Kein vorheriger Preis,"€ 17,99 / Stk -",06.10. - 11.10.,2025-10-06,2025-10-11
BellaCrema La Crema,Melitta,"€ 13,99",Kein vorheriger Preis,"€ 13,99 / kg -",04.10. - 04.10.,2025-10-04,2025-10-04
Silikon Tarteletteform,Coox,"€ 8,99",Kein vorheriger Preis,"€ 8,99 / Stk -",29.09. - 04.10.,2025-09-29,2025-10-04
Natives Olivenöl extra,Eridanous,"€ 24,99",Kein vorheriger Preis,"€ 8,33 / l -",01.10. - 04.10.,2025-10-01,2025-10-04
Herbstlasagne,Chef Select,"€ 4,49",Kein vorheriger Preis,"€ 5,61 / kg -",06.10. - 11.10.,2025-10-06,2025-10-11
Haltbare Schlagsahne XXL,Milbona,"€ 1,99",Kein vorheriger Preis,"€ 3,98 / kg -",09.10. - 11.10.,2025-10-09,2025-10-11
Silikon Backmatte,Coox,"€ 12,99",Kein vorheriger Preis,"€ 12,99 / Stk -",29.09. - 04.10.,2025-09-29,2025-10-04
Hähnchenflügel XXL,Metzgerfrisch,"€ 4,49",Kein vorheriger Preis,"€ 4,08 / kg -",29.09. - 04.10.,2025-09-29,2025-10-04
Fix,Maggi,"€ 0,55",Kein vorheriger Preis,"€ 15,28 / kg -",06.10. - 11.10.,2025-10-06,2025-10-11
Medovik Torten Mix,Dovgan,"€ 9,99",Kein vorheriger Preis,"€ 9,99 / kg -",06.10. - 11.10.,2025-10-06,2025-10-11
Frische Lachsforelle,Deluxe,"€ 11,99",Kein vorheriger Preis,"€ 11,99 / kg -",29.09. - 04.10.,2025-09-29,2025-10-04
Raffaello,Ferrero,"€ 3,29",Kein vorheriger Preis,"€ 21,93 / kg -",09.10. - 11.10.,2025-10-09,2025-10-11
Herren Poloshirt,Adidas,"€ 24,99",Kein vorheriger Preis,"€ 24,99 / Stk -",29.09. - 04.10.,2025-09-29,2025-10-04
Herren Shorts,Adidas,"€ 12,99",Kein vorheriger Preis,"€ 12,99 / Stk -",29.09. - 04.10.,2025-09-29,2025-10-04
Vegan Orangensaft XXL,Solevita,"€ 3,45",Kein vorheriger Preis,"€ 1,73 / l -",09.10. - 11.10.,2025-10-09,2025-10-11
Sekundenkleber,UHU,"€ 1,99",Kein vorheriger Preis,"€ 1,99 / Stk -",01.10. - 04.10.,2025-10-01,2025-10-04
Delikatess Frikadellen,Dulano,"€ 2,99",Kein vorheriger Preis,"€ 5,98 / kg -",29.09. - 04.10.,2025-09-29,2025-10-04
Duftkerze im Glas,Yankee Candle,"€ 12,99",Kein vorheriger Preis,"€ 12,99 / Stk -",06.10. - 11.10.,2025-10-06,2025-10-11
Zarte Filets vom Hering,Appel,"€ 1,11",Kein vorheriger Preis,"€ 5,55 / kg -",06.10. - 11.10.,2025-10-06,2025-10-11
Scheiben,Géramont,"€ 4,66",Kein vorheriger Preis,"€ 13,31 / kg -",06.10. - 11.10.,2025-10-06,2025-10-11
Knacker,Dulano,"€ 6,49",Kein vorheriger Preis,"€ 6,49 / kg -",29.09. - 04.10.,2025-09-29,2025-10-04
Reinigungshelfer,Vileda,"€ 2,99",Kein vorheriger Preis,"€ 2,99 / Stk -",09.10. - 11.10.,2025-10-09,2025-10-11
Chocolate Thins Caramel,Halloren,"€ 3,99",Kein vorheriger Preis,"€ 26,60 / kg -",06.10. - 11.10.,2025-10-06,2025-10-11
Curry King,Meica,"€ 1,79",Kein vorheriger Preis,"€ 8,14 / kg -",06.10. - 11.10.,2025-10-06,2025-10-11
Mini Salami,Dulano,"€ 0,89",Kein vorheriger Preis,"€ 17,80 / kg -",29.09. - 04.10.,2025-09-29,2025-10-04
Nähartikel Sortiment,Crelando,"€ 5,99",Kein vorheriger Preis,"€ 0,30 / Stk -",01.10. - 04.10.,2025-10-01,2025-10-04
Ersatzbezüge,Vileda,"€ 7,99",Kein vorheriger Preis,"€ 7,99 / Stk -",09.10. - 11.10.,2025-10-09,2025-10-11
Deutsche Junge Ente,Deluxe,"€ 11,99",Kein vorheriger Preis,"€ 5,00 / kg -",06.10. - 11.10.,2025-10-06,2025-10-11
Cookies,Sondey,"€ 1,19",Kein vorheriger Preis,"€ 5,29 / kg -",06.10. - 11.10.,2025-10-06,2025-10-11
Hähnchen-Hacksteaks,Metzgerfrisch,"€ 4,49",Kein vorheriger Preis,"€ 8,02 / kg -",06.10. - 11.10.,2025-10-06,2025-10-11
Hirschgulasch von Hand geschnitten,Deluxe,"€ 4,49",Kein vorheriger Preis,"€ 11,22 / kg -",06.10. - 11.10.,2025-10-06,2025-10-11
Crunchips XXL,Lorenz,"€ 1,69",Kein vorheriger Preis,"€ 7,68 / kg -",06.10. - 11.10.,2025-10-06,2025-10-11
Frische Hamburger vom Rind,Metzgerfrisch,"€ 8,99",Kein vorheriger Preis,"€ 11,24 / kg -",06.10. - 11.10.,2025-10-06,2025-10-11
Steinofenpizza Edelsalami XXL,Trattoria Alfredo,"€ 4,69",Kein vorheriger Preis,"€ 3,35 / kg -",29.09. - 04.10.,2025-09-29,2025-10-04
Express Heizungstrockner,Vileda,"€ 6,99",Kein vorheriger Preis,"€ 6,99 / Stk -",09.10. - 11.10.,2025-10-09,2025-10-11
4 Mini Kartoffelgratins Emmentaler,Deluxe,"€ 2,99",Kein vorheriger Preis,"€ 7,48 / kg -",06.10. - 11.10.,2025-10-06,2025-10-11
Hähnchenschnitzel XXL,Culinea,"€ 3,99",Kein vorheriger Preis,"€ 7,98 / kg -",29.09. - 04.10.,2025-09-29,2025-10-04
Schwabische Spatzle,Deluxe,"€ 2,29",Kein vorheriger Preis,"€ 4,58 / kg -",06.10. - 11.10.,2025-10-06,2025-10-11
Fitnessbänderset,Crivit,"€ 4,99",Kein vorheriger Preis,"€ 1,25 / Stk -",29.09. - 04.10.,2025-09-29,2025-10-04
Kaffeepadmaschine Senseo Select CSA230,Philips,"€ 59,99",Kein vorheriger Preis,"€ 59,99 / Stk -",29.09. - 04.10.,2025-09-29,2025-10-04
Universal-Wandfarbe,Alpina,"€ 17,99",Kein vorheriger Preis,"€ 1,64 / l -",01.10. - 04.10.,2025-10-01,2025-10-04
Maler-Starter-Set,Parkside,"€ 4,99",Kein vorheriger Preis,"€ 4,99 / Stk -",09.10. - 11.10.,2025-10-09,2025-10-11
Rinder Beinscheiben,Metzgerfrisch,"€ 6,49",Kein vorheriger Preis,"€ 9,27 / kg -",06.10. - 11.10.,2025-10-06,2025-10-11
Girasoli mit Ricotta und Spinat,Chef Select,"€ 1,99",Kein vorheriger Preis,"€ 7,96 / kg -",06.10. - 11.10.,2025-10-06,2025-10-11
Gewebeklebeband,3M,"€ 2,99",Kein vorheriger Preis,"€ 2,99 / Stk -",01.10. - 04.10.,2025-10-01,2025-10-04
Silikon-Quicheform Ø26cm,Coox,"€ 11,99",Kein vorheriger Preis,"€ 11,99 / Stk -",29.09. - 04.10.,2025-09-29,2025-10-04
Flammkuchen Elsässer Art,Chef Select,"€ 2,79",Kein vorheriger Preis,"€ 7,97 / kg -",06.10. - 11.10.,2025-10-06,2025-10-11
Zitronen,Keine Marke,"€ 1,49",Kein vorheriger Preis,"€ 2,98 / kg -",06.10. - 11.10.,2025-10-06,2025-10-11
Kinder Sturmhaube Fleece,Lupilu,"€ 5,99",Kein vorheriger Preis,"€ 5,99 / Stk -",06.10. - 11.10.,2025-10-06,2025-10-11
Silikon-Backform,Coox,"€ 10,99",Kein vorheriger Preis,"€ 10,99 / Stk -",29.09. - 04.10.,2025-09-29,2025-10-04
Blended Scotch Whisky 18 Jahre Sherry Cask Finish,Glenalba,"€ 33,33",Kein vorheriger Preis,"€ 47,61 / l -",06.10. - 11.10.,2025-10-06,2025-10-11
Kitchen Küchenmaschine SKMW 900 A1,SilverCrest,"€ 99,99",Kein vorheriger Preis,"€ 99,99 / Stk -",29.09. - 04.10.,2025-09-29,2025-10-04
Handkreissäge PHKS 750 A1,Parkside,"€ 29,99",Kein vorheriger Preis,"€ 29,99 / Stk -",09.10. - 11.10.,2025-10-09,2025-10-11
Longlife Batterien,Varta,"€ 8,69",Kein vorheriger Preis,"€ 0,29 / Stk -",29.09. - 04.10.,2025-09-29,2025-10-04
Silikon-Quicheform Ø12cm,Coox,"€ 6,99",Kein vorheriger Preis,"€ 6,99 / Stk -",29.09. - 04.10.,2025-09-29,2025-10-04
Kinder Thermo-Funktionsshirt,Crivit,"€ 5,99",Kein vorheriger Preis,"€ 5,99 / Stk -",06.10. - 11.10.,2025-10-06,2025-10-11
Kinder Joy Ei,Ferrero,"€ 1,11",Kein vorheriger Preis,"€ 55,50 / kg -",06.10. - 11.10.,2025-10-06,2025-10-11
Geschirrset 18-tlg.,Livarno Home,"€ 24,99",Kein vorheriger Preis,"€ 1,39 / Stk -",29.09. - 04.10.,2025-09-29,2025-10-04
Hähnchen Unterkeulen,Metzgerfrisch,"€ 2,99",Kein vorheriger Preis,"€ 4,98 / kg -",06.10. - 11.10.,2025-10-06,2025-10-11
Pesto,Barilla,"€ 1,99",Kein vorheriger Preis,"€ 9,95 / kg -",29.09. - 04.10.,2025-09-29,2025-10-04
Performance Akku-Ratsche Starterset PARP 20-Li A1,Parkside,"€ 79,99",Kein vorheriger Preis,"€ 79,99 / Stk -",01.10. - 04.10.,2025-10-01,2025-10-04
Handmixer GN400111,Krups,"€ 29,99",Kein vorheriger Preis,"€ 29,99 / Stk -",29.09. - 04.10.,2025-09-29,2025-10-04
Kleinkinder Ski-Thermo Fleecejacke,Lupilu,"€ 6,99",Kein vorheriger Preis,"€ 6,99 / Stk -",06.10. - 11.10.,2025-10-06,2025-10-11
Werkstattwagen GWSPP 07,Güde,"€ 239,00",Kein vorheriger Preis,"€ 239,00 / Stk -",01.10. - 04.10.,2025-10-01,2025-10-04
Teigschaber,Zenker,"€ 2,00",Kein vorheriger Preis,"€ 2,00 / Stk -",29.09. - 04.10.,2025-09-29,2025-10-04
Laufband 2 in 1,Christopeit Sport,"€ 319,00",Kein vorheriger Preis,"€ 319,00 / Stk -",06.10. - 11.10.,2025-10-06,2025-10-11
Bauchmuskel-Roller,Crivit,"€ 14,99",Kein vorheriger Preis,"€ 14,99 / Stk -",29.09. - 04.10.,2025-09-29,2025-10-04
Sahnekapseln,Isi,"€ 4,99",Kein vorheriger Preis,"€ 0,50 / Stk -",29.09. - 04.10.,2025-09-29,2025-10-04
Fitnessreifen,Crivit,"€ 17,99",Kein vorheriger Preis,"€ 17,99 / Stk -",06.10. - 11.10.,2025-10-06,2025-10-11
Bistro Baguettes,Dr. Oetker,"€ 2,79",Kein vorheriger Preis,"€ 5,58 / kg -",09.10. - 11.10.,2025-10-09,2025-10-11
Gabby-Puppe,Gabby's Dollhouse,"€ 17,99",Kein vorheriger Preis,"€ 17,99 / Stk -",06.10. - 11.10.,2025-10-06,2025-10-11
Kraftstation Ferrum TX3,Hammer,"€ 649,00",Kein vorheriger Preis,"€ 649,00 / Stk -",06.10. - 11.10.,2025-10-06,2025-10-11
Rotkohl,Keine Marke,"€ 1,29",Kein vorheriger Preis,"€ 1,29 / kg -",06.10. - 11.10.,2025-10-06,2025-10-11
Käsescheiben,Bergader,"€ 1,69",Kein vorheriger Preis,"€ 13,52 / kg -",09.10. - 11.10.,2025-10-09,2025-10-11
Original Pudding Vanille,Dr. Oetker,"€ 0,79",Kein vorheriger Preis,"€ 5,34 / kg -",29.09. - 04.10.,2025-09-29,2025-10-04
Bio Basmati Reis XXL,Golden Sun,"€ 2,99",Kein vorheriger Preis,"€ 2,99 / kg -",29.09. - 04.10.,2025-09-29,2025-10-04
Springform Königskuchen,Zenker,"€ 7,99",Kein vorheriger Preis,"€ 7,99 / Stk -",29.09. - 04.10.,2025-09-29,2025-10-04
Pyjama,Esmara,"€ 9,99",Kein vorheriger Preis,"€ 9,99 / Stk -",06.10. - 11.10.,2025-10-06,2025-10-11
Spezialität,Funny Frisch,"€ 1,19",Kein vorheriger Preis,"€ 14,87 / kg -",09.10. - 11.10.,2025-10-09,2025-10-11
Bohrmaschinenzubehör,Parkside,"€ 4,99",Kein vorheriger Preis,"€ 4,99 / Stk -",01.10. - 04.10.,2025-10-01,2025-10-04
Crêpes XXL,Kuchenzauber,"€ 3,99",Kein vorheriger Preis,"€ 6,93 / kg -",29.09. - 04.10.,2025-09-29,2025-10-04
Kinder-Pyjama,Lupilu,"€ 5,99",Kein vorheriger Preis,"€ 5,99 / Stk -",06.10. - 11.10.,2025-10-06,2025-10-11
Party Mix Minis,Sweet Corner,"€ 1,99",Kein vorheriger Preis,"€ 4,68 / kg -",06.10. - 11.10.,2025-10-06,2025-10-11
Original Griechischer Joghurt,Mevgal,"€ 0,99",Kein vorheriger Preis,"€ 4,95 / kg -",09.10. - 11.10.,2025-10-09,2025-10-11
Backform,SilverCrest,"€ 3,59",Kein vorheriger Preis,"€ 3,59 / Stk -",29.09. - 04.10.,2025-09-29,2025-10-04
Weltmeisterbrötchen,Lidl Backshop,"€ 0,78",Kein vorheriger Preis,"€ 0,26 / Stk -",06.10. - 11.10.,2025-10-06,2025-10-11
Kinder Country,Ferrero,"€ 4,39",Kein vorheriger Preis,"€ 11,68 / kg -",29.09. - 04.10.,2025-09-29,2025-10-04
4 Wassergläser,Ernesto,"€ 6,99",Kein vorheriger Preis,"€ 1,75 / Stk -",06.10. - 11.10.,2025-10-06,2025-10-11
Silikon-Backform,SilverCrest,"€ 2,99",Kein vorheriger Preis,"€ 2,99 / Stk -",29.09. - 04.10.,2025-09-29,2025-10-04
Gerippte Slips 3er,Esmara,"€ 3,99",Kein vorheriger Preis,"€ 1,33 / Stk -",01.10. - 04.10.,2025-10-01,2025-10-04
Apfeltasche,Lidl Backshop,"€ 0,39",Kein vorheriger Preis,"€ 0,39 / Stk -",29.09. - 04.10.,2025-09-29,2025-10-04
Aluminium-Haushaltsleiter,Parkside,"€ 32,99",Kein vorheriger Preis,"€ 32,99 / Stk -",06.10. - 11.10.,2025-10-06,2025-10-11
Delikatess Edelsalami XXL,Dulano,"€ 1,69",Kein vorheriger Preis,"€ 9,94 / kg -",29.09. - 04.10.,2025-09-29,2025-10-04
Mini Mozzarella,Milbona,"€ 1,11",Kein vorheriger Preis,"€ 8,88 / kg -",29.09. - 04.10.,2025-09-29,2025-10-04
Fruchtgummi,Sweet Corner,"€ 1,11",Kein vorheriger Preis,"€ 3,70 / kg -",06.10. - 11.10.,2025-10-06,2025-10-11
Kinder Thermoleggings,Keine Marke,"€ 4,99",Kein vorheriger Preis,"€ 4,99 / Stk -",29.09. - 04.10.,2025-09-29,2025-10-04
Delikatess Schinkenbraten,Dulano,"€ 1,69",Kein vorheriger Preis,"€ 16,90 / kg -",29.09. - 04.10.,2025-09-29,2025-10-04
Fairer Bio Kaffee,Fairglobe,"€ 8,25",Kein vorheriger Preis,"€ 16,50 / kg -",29.09. - 04.10.,2025-09-29,2025-10-04
Mascarpone,Milbona,"€ 1,89",Kein vorheriger Preis,"€ 7,56 / kg -",29.09. - 04.10.,2025-09-29,2025-10-04
Fairer Bio Kaffee,Fairglobe,"€ 15,45",Kein vorheriger Preis,"€ 15,45 / kg -",29.09. - 04.10.,2025-09-29,2025-10-04
Käse für den Ofen,Milbona,"€ 1,99",Kein vorheriger Preis,"€ 11,06 / kg -",29.09. - 04.10.,2025-09-29,2025-10-04
Super Shots,Hohes C,"€ 1,69",Kein vorheriger Preis,"€ 5,12 / l -",10.10. - 11.10.,2025-10-10,2025-10-11
Blätterteigtaschen,Eridanous,"€ 3,79",Kein vorheriger Preis,"€ 3,79 / kg -",01.10. - 04.10.,2025-10-01,2025-10-04
Baby Winterstiefel,Lupilu,"€ 12,99",Kein vorheriger Preis,"€ 12,99 / Stk -",06.10. - 11.10.,2025-10-06,2025-10-11
Winkelschleiferzubehör,Parkside,"€ 2,99",Kein vorheriger Preis,"€ 2,99 / Stk -",09.10. - 11.10.,2025-10-09,2025-10-11
Käseschnecken,Eridanous,"€ 2,79",Kein vorheriger Preis,"€ 4,10 / kg -",01.10. - 04.10.,2025-10-01,2025-10-04
Knusperringe Calamares Style,Fischerstolz,"€ 3,49",Kein vorheriger Preis,"€ 8,72 / kg -",01.10. - 04.10.,2025-10-01,2025-10-04
Strickmütze,Lupilu,"€ 3,99",Kein vorheriger Preis,"€ 3,99 / Stk -",06.10. - 11.10.,2025-10-06,2025-10-11
Abmantelungswerkzeug,Parkside,"€ 4,99",Kein vorheriger Preis,"€ 4,99 / Stk -",09.10. - 11.10.,2025-10-09,2025-10-11
Schwerlastregal,Parkside,"€ 19,99",Kein vorheriger Preis,"€ 19,99 / Stk -",01.10. - 04.10.,2025-10-01,2025-10-04
Schweinerückensteaks,Metzgerfrisch,"€ 5,79",Kein vorheriger Preis,"€ 7,24 / kg -",09.10. - 11.10.,2025-10-09,2025-10-11
Chicken Nuggets,Lidlobu,"€ 3,49",Kein vorheriger Preis,"€ 6,98 / kg -",01.10. - 04.10.,2025-10-01,2025-10-04
Putenschnitzel auf Metaxa-Sauce,Metzgerfrisch,"€ 3,99",Kein vorheriger Preis,"€ 7,98 / kg -",09.10. - 11.10.,2025-10-09,2025-10-11
Weißwein,Retsina,"€ 1,49",Kein vorheriger Preis,"€ 2,98 / l -",01.10. - 04.10.,2025-10-01,2025-10-04
Hähnchen Schmelz-Käse Ecken Nacho-Style,Metzgerfrisch,"€ 7,99",Kein vorheriger Preis,"€ 7,99 / kg -",01.10. - 04.10.,2025-10-01,2025-10-04
Color Pulver,Ariel,"€ 8,99",Kein vorheriger Preis,"€ 0,25 / kg -",06.10. - 11.10.,2025-10-06,2025-10-11
Winkelschleifer PWS 115 C3,Parkside,"€ 17,99",Kein vorheriger Preis,"€ 17,99 / Stk -",09.10. - 11.10.,2025-10-09,2025-10-11
Instant Kaffee Gold,Dallmayr,"€ 7,49",Kein vorheriger Preis,"€ 37,45 / kg -",06.10. - 11.10.,2025-10-06,2025-10-11
Hirschgulasch,Deluxe,"€ 7,99",Kein vorheriger Preis,"€ 19,97 / kg -",06.10. - 11.10.,2025-10-06,2025-10-11
Schimmelflecken-Blocker,Parkside,"€ 3,99",Kein vorheriger Preis,"€ 9,97 / l -",01.10. - 04.10.,2025-10-01,2025-10-04
Kraftstation Ferrum TX2 II,Hammer,"€ 589,00",Kein vorheriger Preis,"€ 589,00 / Stk -",06.10. - 11.10.,2025-10-06,2025-10-11
Gymnastikmatte,Crivit,"€ 6,29",Kein vorheriger Preis,"€ 6,29 / Stk -",29.09. - 04.10.,2025-09-29,2025-10-04
Schokoriegel,Snickers,"€ 3,99",Kein vorheriger Preis,"€ 7,98 / kg -",09.10. - 11.10.,2025-10-09,2025-10-11
Wischmopp-Set Easy Wring & Clean,Vileda,"€ 27,99",Kein vorheriger Preis,"€ 27,99 / Stk -",09.10. - 11.10.,2025-10-09,2025-10-11
Laufband TM 500S,Christopeit Sport,"€ 379,00",Kein vorheriger Preis,"€ 379,00 / Stk -",06.10. - 11.10.,2025-10-06,2025-10-11
Pilze am Stück,Deluxe,"€ 2,49",Kein vorheriger Preis,"€ 8,30 / kg -",06.10. - 11.10.,2025-10-06,2025-10-11
Kitchen Tools Kontaktgrill SKGE 2000 D3,SilverCrest,"€ 39,99",Kein vorheriger Preis,"€ 39,99 / Stk -",29.09. - 04.10.,2025-09-29,2025-10-04
Weichspüler,Lenor,"€ 2,99",Kein vorheriger Preis,"€ 2,41 / l -",09.10. - 11.10.,2025-10-09,2025-10-11
Fischstäbchen,Iglo,"€ 2,99",Kein vorheriger Preis,"€ 6,64 / kg -",09.10. - 11.10.,2025-10-09,2025-10-11
Trolley Reisekoffer,TopMove,"€ 27,99",Kein vorheriger Preis,"€ 27,99 / Stk -",06.10. - 11.10.,2025-10-06,2025-10-11
Mehrzweckseil,Parkside,"€ 5,79",Kein vorheriger Preis,"€ 5,79 / Stk -",01.10. - 04.10.,2025-10-01,2025-10-04
Joghurt,Milbona,"€ 0,89",Kein vorheriger Preis,"€ 1,78 / kg -",06.10. - 11.10.,2025-10-06,2025-10-11
Sahnejoghurt,Zott,"€ 0,39",Kein vorheriger Preis,"€ 2,60 / kg -",06.10. - 11.10.,2025-10-06,2025-10-11
Fleischwolf MFW2514W,Bosch,"€ 69,99",Kein vorheriger Preis,"€ 69,99 / Stk -",29.09. - 04.10.,2025-09-29,2025-10-04
Aluminium-Kasserolle,Livarno Home,"€ 3,99",Kein vorheriger Preis,"€ 3,99 / Stk -",29.09. - 04.10.,2025-09-29,2025-10-04
Kinder-Ski-Hose,Crivit,"€ 17,99",Kein vorheriger Preis,"€ 17,99 / Stk -",06.10. - 11.10.,2025-10-06,2025-10-11
Heißluftfritteusen Zubehör-Set,SilverCrest,"€ 6,99",Kein vorheriger Preis,"€ 2,33 / Stk -",29.09. - 04.10.,2025-09-29,2025-10-04
Halloumi Grillkäse,Eridanous,"€ 2,49",Kein vorheriger Preis,"€ 11,07 / kg -",01.10. - 04.10.,2025-10-01,2025-10-04
Kitchen Tools Waffeleisen SWEW 750 D4,SilverCrest,"€ 19,99",Kein vorheriger Preis,"€ 19,99 / Stk -",06.10. - 11.10.,2025-10-06,2025-10-11
Vital­-Kürbiskernbrot,Lidl Backshop,"€ 1,99",Kein vorheriger Preis,"€ 2,65 / kg -",06.10. - 11.10.,2025-10-06,2025-10-11
Gefüllte Weinblätter,Eridanous,"€ 1,79",Kein vorheriger Preis,"€ 6,39 / kg -",01.10. - 04.10.,2025-10-01,2025-10-04
Steckschlüssel-Satz 39-tlg.,Parkside,"€ 9,99",Kein vorheriger Preis,"€ 0,26 / Stk -",01.10. - 04.10.,2025-10-01,2025-10-04
Halloween Popcorn Wednesday,Keine Marke,"€ 2,49",Kein vorheriger Preis,"€ 9,96 / kg -",06.10. - 11.10.,2025-10-06,2025-10-11
Feta,Eridanous,"€ 4,99",Kein vorheriger Preis,"€ 12,47 / kg -",01.10. - 04.10.,2025-10-01,2025-10-04
Marzipan Butterstollen Konfekt,Favorina,"€ 2,69",Kein vorheriger Preis,"€ 8,97 / kg -",29.09. - 04.10.,2025-09-29,2025-10-04
Kaffeemühle SKMS 180 B1,SilverCrest,"€ 9,99",Kein vorheriger Preis,"€ 9,99 / Stk -",29.09. - 04.10.,2025-09-29,2025-10-04
Pfanne Kupfer 24 cm,SilverCrest,"€ 39,99",Kein vorheriger Preis,"€ 39,99 / Stk -",06.10. - 11.10.,2025-10-06,2025-10-11
Mandel-Florentiner,Favorina,"€ 2,49",Kein vorheriger Preis,"€ 19,92 / kg -",29.09. - 04.10.,2025-09-29,2025-10-04
Laktosefreie Schlagsahne,Milbona,"€ 1,15",Kein vorheriger Preis,"€ 5,75 / kg -",06.10. - 11.10.,2025-10-06,2025-10-11
Conference Birnen,Keine Marke,"€ 1,49",Kein vorheriger Preis,"€ 1,49 / kg -",29.09. - 04.10.,2025-09-29,2025-10-04
Griechischer Naturjoghurt,Eridanous,"€ 2,59",Kein vorheriger Preis,"€ 2,59 / kg -",01.10. - 04.10.,2025-10-01,2025-10-04
Bügeltisch Universal,Vileda,"€ 29,99",Kein vorheriger Preis,"€ 29,99 / Stk -",09.10. - 11.10.,2025-10-09,2025-10-11
Pfanne Kupfer 28 cm,SilverCrest,"€ 49,99",Kein vorheriger Preis,"€ 49,99 / Stk -",06.10. - 11.10.,2025-10-06,2025-10-11
Herren Arbeitsbundhose,Parkside,"€ 14,99",Kein vorheriger Preis,"€ 14,99 / Stk -",01.10. - 04.10.,2025-10-01,2025-10-04
Schneidematte,Crelando,"€ 14,99",Kein vorheriger Preis,"€ 0,48 / Stk -",01.10. - 04.10.,2025-10-01,2025-10-04
Kinder-Ski-Hose,Crivit,"€ 12,99",Kein vorheriger Preis,"€ 12,99 / Stk -",06.10. - 11.10.,2025-10-06,2025-10-11
Bio Reiswaffeln,Sondey,"€ 0,65",Kein vorheriger Preis,"€ 4,81 / kg -",06.10. - 11.10.,2025-10-06,2025-10-11
Cherrystrauchtomaten,Keine Marke,"€ 0,79",Kein vorheriger Preis,"€ 7,90 / kg -",29.09. - 04.10.,2025-09-29,2025-10-04
Herren Arbeitsjacke,Parkside,"€ 19,99",Kein vorheriger Preis,"€ 19,99 / Stk -",01.10. - 04.10.,2025-10-01,2025-10-04
Müsli,Kölln,"€ 2,49",Kein vorheriger Preis,"€ 5,53 / kg -",09.10. - 11.10.,2025-10-09,2025-10-11
Herbstmix Fall in Love,Keine Marke,"€ 5,99",Kein vorheriger Preis,"€ 5,99 / Stk -",01.10. - 04.10.,2025-10-01,2025-10-04
Kräuter-Butter,Milbona,"€ 1,19",Kein vorheriger Preis,"€ 11,90 / kg -",06.10. - 11.10.,2025-10-06,2025-10-11
Birnen Rocha,Keine Marke,"€ 1,99",Kein vorheriger Preis,"€ 1,99 / kg -",01.10. - 04.10.,2025-10-01,2025-10-04
Herren-Fleecejacke,Parkside,"€ 12,99",Kein vorheriger Preis,"€ 12,99 / Stk -",01.10. - 04.10.,2025-10-01,2025-10-04
Ultimate Plus,Finish,"€ 12,99",Kein vorheriger Preis,"€ 0,17 / Stk -",01.10. - 04.10.,2025-10-01,2025-10-04
Dekochrysanthemen,Keine Marke,"€ 6,99",Kein vorheriger Preis,"€ 6,99 / Stk -",01.10. - 04.10.,2025-10-01,2025-10-04
Käsescheiben,Leerdammer,"€ 2,99",Kein vorheriger Preis,"€ 13,29 / kg -",01.10. - 04.10.,2025-10-01,2025-10-04
Bio-Käsescheiben,Milbona,"€ 2,15",Kein vorheriger Preis,"€ 10,75 / kg -",29.09. - 04.10.,2025-09-29,2025-10-04
Halloween Schoko Lolly Wednesday,Keine Marke,"€ 2,49",Kein vorheriger Preis,"€ 16,60 / kg -",06.10. - 11.10.,2025-10-06,2025-10-11
Fruchtsecco,Rotkäppchen,"€ 2,69",Kein vorheriger Preis,"€ 3,59 / l -",09.10. - 11.10.,2025-10-09,2025-10-11
Grüne Oliven,Eridanous,"€ 1,99",Kein vorheriger Preis,"€ 9,95 / kg -",01.10. - 04.10.,2025-10-01,2025-10-04
Hanuta Minis,Ferrero,"€ 3,79",Kein vorheriger Preis,"€ 13,58 / kg -",06.10. - 11.10.,2025-10-06,2025-10-11
deLuxe Gänsefeder/Daunen Kopfkissen Gold-Edition,Balette,"€ 37,99",Kein vorheriger Preis,"€ 37,99 / Stk -",29.09. - 04.10.,2025-09-29,2025-10-04
Creme Joghurt,Milbona,"€ 2,49",Kein vorheriger Preis,"€ 2,49 / kg -",06.10. - 11.10.,2025-10-06,2025-10-11
Manouri,Eridanous,"€ 2,99",Kein vorheriger Preis,"€ 14,95 / kg -",01.10. - 04.10.,2025-10-01,2025-10-04
Raki Gold,Efe,"€ 14,99",Kein vorheriger Preis,"€ 21,41 / l -",29.09. - 04.10.,2025-09-29,2025-10-04
Halloween Fruchtkaubonbons,Keine Marke,"€ 4,79",Kein vorheriger Preis,"€ 3,99 / kg -",06.10. - 11.10.,2025-10-06,2025-10-11
Waschmittel,Maxi Trat,"€ 8,99",Kein vorheriger Preis,"€ 0,20 / Stk -",29.09. - 04.10.,2025-09-29,2025-10-04
Mezquiriz Tempranillo Tinto Roble,Navarra,"€ 27,99",Kein vorheriger Preis,"€ 6,22 / l -",06.10. - 11.10.,2025-10-06,2025-10-11
Hortensienstrauß,Keine Marke,"€ 14,99",Kein vorheriger Preis,"€ 14,99 / Stk -",01.10. - 04.10.,2025-10-01,2025-10-04
Kids Pyjama,Esmara,"€ 4,44",Kein vorheriger Preis,"€ 4,44 / Stk -",09.10. - 11.10.,2025-10-09,2025-10-11
Schokolade,Toblerone,"€ 1,49",Kein vorheriger Preis,"€ 14,90 / kg -",29.09. - 04.10.,2025-09-29,2025-10-04
LED-Deko-Beleuchtung,Livarno Home,"€ 24,99",Kein vorheriger Preis,"€ 24,99 / Stk -",09.10. - 11.10.,2025-10-09,2025-10-11
Nippon Puffreis Häppchen,Hosta,"€ 1,79",Kein vorheriger Preis,"€ 8,95 / kg -",29.09. - 04.10.,2025-09-29,2025-10-04
WC-Sitz,Wenko,"€ 19,99",Kein vorheriger Preis,"€ 19,99 / Stk -",29.09. - 04.10.,2025-09-29,2025-10-04
Meistertorte,Coppenrath & Wiese,"€ 5,99",Kein vorheriger Preis,"€ 9,90 / kg -",29.09. - 04.10.,2025-09-29,2025-10-04
Thermostat-Duscharmatur,Livarno Home,"€ 39,99",Kein vorheriger Preis,"€ 39,99 / Stk -",29.09. - 04.10.,2025-09-29,2025-10-04
Kinder Maxi King,Ferrero,"€ 1,49",Kein vorheriger Preis,"€ 14,19 / kg -",29.09. - 04.10.,2025-09-29,2025-10-04
Wanduhr,Auriol,"€ 4,99",Kein vorheriger Preis,"€ 4,99 / Stk -",06.10. - 11.10.,2025-10-06,2025-10-11
Damen Pyjama,Keine Marke,"€ 12,99",Kein vorheriger Preis,"€ 12,99 / Stk -",29.09. - 04.10.,2025-09-29,2025-10-04
Damen Leggings,Keine Marke,"€ 5,99",Kein vorheriger Preis,"€ 5,99 / Stk -",29.09. - 04.10.,2025-09-29,2025-10-04
Räucherlachs,Deluxe,"€ 2,79",Kein vorheriger Preis,"€ 27,90 / kg -",06.10. - 11.10.,2025-10-06,2025-10-11
Gefüllte Pfefferonen,Eridanous,"€ 2,29",Kein vorheriger Preis,"€ 15,27 / kg -",01.10. - 04.10.,2025-10-01,2025-10-04
Vollmundig & Würzig,Saint Albray,"€ 2,49",Kein vorheriger Preis,"€ 13,83 / kg -",29.09. - 04.10.,2025-09-29,2025-10-04
Schweine Rückenbraten,Metzgerfrisch,"€ 5,49",Kein vorheriger Preis,"€ 5,49 / kg -",29.09. - 04.10.,2025-09-29,2025-10-04
QLED-TV L43QM10P,Chiq,"€ 199,00",Kein vorheriger Preis,"€ 199,00 / Stk -",06.10. - 11.10.,2025-10-06,2025-10-11
Cremissimo Eis,Langnese,"€ 1,66",Kein vorheriger Preis,"€ 2,01 / l -",04.10. - 04.10.,2025-10-04,2025-10-04
Softe Honigkugeln,Deluxe,"€ 3,99",Kein vorheriger Preis,"€ 16,98 / kg -",06.10. - 11.10.,2025-10-06,2025-10-11
Grüne Oliven,Eridanous,"€ 5,99",Kein vorheriger Preis,"€ 7,05 / kg -",01.10. - 04.10.,2025-10-01,2025-10-04
Goldlocken,Fischerstolz,"€ 2,15",Kein vorheriger Preis,"€ 16,54 / kg -",29.09. - 04.10.,2025-09-29,2025-10-04
Butterkeks,Sondey,"€ 1,69",Kein vorheriger Preis,"€ 4,22 / kg -",04.10. - 04.10.,2025-10-04,2025-10-04
Margarine zum Backen,Sanella,"€ 1,29",Kein vorheriger Preis,"€ 3,23 / kg -",09.10. - 11.10.,2025-10-09,2025-10-11
Energy Drink,Red Bull,"€ 0,85",Kein vorheriger Preis,"€ 3,40 / l -",29.09. - 04.10.,2025-09-29,2025-10-04
Kalmar,Eridanous,"€ 6,99",Kein vorheriger Preis,"€ 11,10 / kg -",01.10. - 04.10.,2025-10-01,2025-10-04
Silikon Springform Blume,Coox,"€ 14,99",Kein vorheriger Preis,"€ 14,99 / Stk -",29.09. - 04.10.,2025-09-29,2025-10-04
Mandeln,Belbake,"€ 1,99",Kein vorheriger Preis,"€ 9,95 / kg -",09.10. - 11.10.,2025-10-09,2025-10-11
4-Käse-Mix XXL,Milbona,"€ 3,49",Kein vorheriger Preis,"€ 8,72 / kg -",06.10. - 11.10.,2025-10-06,2025-10-11
Schweine Minutensteaks,Metzgerfrisch,"€ 2,79",Kein vorheriger Preis,"€ 6,97 / kg -",29.09. - 04.10.,2025-09-29,2025-10-04
Bio Rinder Gulasch,Metzgerfrisch,"€ 5,89",Kein vorheriger Preis,"€ 14,72 / kg -",29.09. - 04.10.,2025-09-29,2025-10-04
Milchschnitte Erdbeere,Ferrero,"€ 2,99",Kein vorheriger Preis,"€ 10,68 / kg -",09.10. - 11.10.,2025-10-09,2025-10-11
Mohn-Streuselkuchen,Ölz,"€ 2,39",Kein vorheriger Preis,"€ 5,97 / kg -",06.10. - 11.10.,2025-10-06,2025-10-11
Puten ­Brustfilet,Metzgerfrisch,"€ 6,99",Kein vorheriger Preis,"€ 6,99 / kg -",29.09. - 04.10.,2025-09-29,2025-10-04
Kalter Hund Mini,Oma Hartmanns,"€ 2,99",Kein vorheriger Preis,"€ 11,96 / kg -",09.10. - 11.10.,2025-10-09,2025-10-11
Der Cremige Weichkäsezubereitung,Rotkäppchen Käse,"€ 2,49",Kein vorheriger Preis,"€ 14,23 / kg -",06.10. - 11.10.,2025-10-06,2025-10-11
Bierschinken,Dulano,"€ 1,29",Kein vorheriger Preis,"€ 12,90 / kg -",06.10. - 11.10.,2025-10-06,2025-10-11
Men Expert Anti Transpirant Deospray,L'Oréal Paris,"€ 3,29",Kein vorheriger Preis,"€ 13,16 / l -",09.10. - 11.10.,2025-10-09,2025-10-11
Doppelgehrungssäge,Parkside,"€ 39,99",Kein vorheriger Preis,"€ 39,99 / Stk -",01.10. - 04.10.,2025-10-01,2025-10-04
Delikatess Mini-Wiener,Dulano,"€ 2,59",Kein vorheriger Preis,"€ 8,09 / kg -",29.09. - 04.10.,2025-09-29,2025-10-04
Kitchen Tools Mikrowelle SMW 700 D3,SilverCrest,"€ 49,99",Kein vorheriger Preis,"€ 49,99 / Stk -",06.10. - 11.10.,2025-10-06,2025-10-11
Frischkäse,Exquisa,"€ 1,59",Kein vorheriger Preis,"€ 5,30 / kg -",06.10. - 11.10.,2025-10-06,2025-10-11
Bayerischer Leberkäse,Dulano,"€ 3,49",Kein vorheriger Preis,"€ 8,72 / kg -",29.09. - 04.10.,2025-09-29,2025-10-04
Handnähmaschine,Singer,"€ 9,99",Kein vorheriger Preis,"€ 9,99 / Stk -",01.10. - 04.10.,2025-10-01,2025-10-04
Kaffeevollautomat Quattro Force EA8178,Krups,"€ 299,00",Kein vorheriger Preis,"€ 299,00 / Stk -",06.10. - 11.10.,2025-10-06,2025-10-11
High Protein-Pudding,Dr. Oetker,"€ 1,99",Kein vorheriger Preis,"€ 4,97 / kg -",06.10. - 11.10.,2025-10-06,2025-10-11
Delikatess Bacon,Dulano,"€ 1,39",Kein vorheriger Preis,"€ 13,90 / kg -",29.09. - 04.10.,2025-09-29,2025-10-04
7-Zonen Taschenfederkern-Matratze Flex Air,Fjödur,"€ 169,00",Kein vorheriger Preis,"€ 169,00 / Stk -",06.10. - 11.10.,2025-10-06,2025-10-11
Dampfmopp Steam,Vileda,"€ 44,99",Kein vorheriger Preis,"€ 44,99 / Stk -",09.10. - 11.10.,2025-10-09,2025-10-11
Musselin-Bettwäsche,Livarno Home,"€ 24,99",Kein vorheriger Preis,"€ 24,99 / Stk -",06.10. - 11.10.,2025-10-06,2025-10-11
Wäscheständer Static One,Vileda,"€ 29,99",Kein vorheriger Preis,"€ 29,99 / Stk -",09.10. - 11.10.,2025-10-09,2025-10-11
Norwegischer Räucherlachs XXL,Nautica,"€ 4,79",Kein vorheriger Preis,"€ 21,77 / kg -",29.09. - 04.10.,2025-09-29,2025-10-04
LED-Dekofigur,Livarno Home,"€ 14,99",Kein vorheriger Preis,"€ 14,99 / Stk -",09.10. - 11.10.,2025-10-09,2025-10-11
Holzleim Crocodile Power,Pattex,"€ 2,29",Kein vorheriger Preis,"€ 9,16 / kg -",01.10. - 04.10.,2025-10-01,2025-10-04
Knabbermix im Eimer XXL,Snack Day,"€ 2,99",Kein vorheriger Preis,"€ 5,98 / kg -",29.09. - 04.10.,2025-09-29,2025-10-04
Hähnchen-Brustfilet,Metzgerfrisch,"€ 4,99",Kein vorheriger Preis,"€ 8,32 / kg -",06.10. - 11.10.,2025-10-06,2025-10-11
Ski-Handschuhe,Crivit,"€ 6,99",Kein vorheriger Preis,"€ 6,99 / Stk -",06.10. - 11.10.,2025-10-06,2025-10-11
Fitnesszubehör,Crivit,"€ 5,39",Kein vorheriger Preis,"€ 5,39 / Stk -",29.09. - 04.10.,2025-09-29,2025-10-04
Schinken XXL,Herta,"€ 1,99",Kein vorheriger Preis,"€ 14,21 / kg -",29.09. - 04.10.,2025-09-29,2025-10-04
Kinder Seamless-Funktionsunterwäsche,Crivit,"€ 9,99",Kein vorheriger Preis,"€ 9,99 / Stk -",06.10. - 11.10.,2025-10-06,2025-10-11
Nescafé Dolce Gusto Modell Mini Me,Krups,"€ 48,99",Kein vorheriger Preis,"€ 48,99 / Stk -",29.09. - 04.10.,2025-09-29,2025-10-04
Schweinebauch XXL,Metzgerfrisch,"€ 5,49",Kein vorheriger Preis,"€ 5,49 / kg -",06.10. - 11.10.,2025-10-06,2025-10-11
Herbstpfanne Rustikal,Chef Select,"€ 2,49",Kein vorheriger Preis,"€ 4,98 / kg -",06.10. - 11.10.,2025-10-06,2025-10-11
Klebeband,3M,"€ 1,99",Kein vorheriger Preis,"€ 1,99 / Stk -",01.10. - 04.10.,2025-10-01,2025-10-04
Kaffeevollautomat EP0824/00 Series 800,Philips,"€ 239,00",Kein vorheriger Preis,"€ 239,00 / Stk -",29.09. - 04.10.,2025-09-29,2025-10-04
Gourmet-Maultaschen,Schwaben Krone,"€ 3,99",Kein vorheriger Preis,"€ 9,97 / kg -",06.10. - 11.10.,2025-10-06,2025-10-11
Knopfzellen,Tronic,"€ 0,99",Kein vorheriger Preis,"€ 0,17 / Stk -",01.10. - 04.10.,2025-10-01,2025-10-04
Kreuzlinienlaser PKLL 7 F7,Parkside,"€ 13,49",Kein vorheriger Preis,"€ 13,49 / Stk -",09.10. - 11.10.,2025-10-09,2025-10-11
Silikon-Quicheform Ø18cm,Coox,"€ 8,99",Kein vorheriger Preis,"€ 8,99 / Stk -",29.09. - 04.10.,2025-09-29,2025-10-04
Die Sonnenwinzer Badischer Roter Federweißer,Badischer Winzerkeller,"€ 2,79",Kein vorheriger Preis,"€ 2,79 / l -",06.10. - 11.10.,2025-10-06,2025-10-11
LED-Lichterkette,Livarno Home,"€ 0,69",Kein vorheriger Preis,"€ 0,69 / Stk -",09.10. - 11.10.,2025-10-09,2025-10-11
Walnuss-Salami,Aoste,"€ 2,49",Kein vorheriger Preis,"€ 16,60 / kg -",06.10. - 11.10.,2025-10-06,2025-10-11
Harry Potter,Haribo,"€ 0,89",Kein vorheriger Preis,"€ 5,56 / kg -",29.09. - 04.10.,2025-09-29,2025-10-04
Silikon Mini Springform,Coox,"€ 7,99",Kein vorheriger Preis,"€ 7,99 / Stk -",29.09. - 04.10.,2025-09-29,2025-10-04
Matjesfilets XXL,Nordsee,"€ 3,49",Kein vorheriger Preis,"€ 12,46 / kg -",29.09. - 04.10.,2025-09-29,2025-10-04
Kinder Thermo Fleecejacke,Crivit,"€ 7,99",Kein vorheriger Preis,"€ 7,99 / Stk -",06.10. - 11.10.,2025-10-06,2025-10-11
LED-Galaxielichterkette,Livarno Home,"€ 17,99",Kein vorheriger Preis,"€ 17,90 / Stk -",09.10. - 11.10.,2025-10-09,2025-10-11
Aluguss-Backform,Zenker,"€ 9,99",Kein vorheriger Preis,"€ 9,99 / Stk -",29.09. - 04.10.,2025-09-29,2025-10-04
Der Grosse Bauer Joghurt,Bauer,"€ 0,55",Kein vorheriger Preis,"€ 2,20 / kg -",29.09. - 04.10.,2025-09-29,2025-10-04
Glühdraht-Hartschaumschneidegerät PGDH A2,Parkside,"€ 179,00",Kein vorheriger Preis,"€ 179,00 / Stk -",01.10. - 04.10.,2025-10-01,2025-10-04
Nostalgie-Messbecher,Zenker,"€ 2,00",Kein vorheriger Preis,"€ 2,00 / Stk -",29.09. - 04.10.,2025-09-29,2025-10-04
Zimtschnecken Kombi,Chef Select,"€ 2,99",Kein vorheriger Preis,"€ 4,98 / kg -",06.10. - 11.10.,2025-10-06,2025-10-11
Mikrofaser-Satin-Bettwäsch,Livarno Home,"€ 4,49",Kein vorheriger Preis,"€ 4,49 / Stk -",06.10. - 11.10.,2025-10-06,2025-10-11
Biscoff Original Karamellgebäck XXL,Lotus,"€ 1,99",Kein vorheriger Preis,"€ 6,91 / kg -",06.10. - 11.10.,2025-10-06,2025-10-11
Universal-Herdbackblech,Zenker,"€ 6,99",Kein vorheriger Preis,"€ 6,99 / Stk -",29.09. - 04.10.,2025-09-29,2025-10-04
Schalotten,Keine Marke,"€ 1,59",Kein vorheriger Preis,"€ 3,18 / kg -",06.10. - 11.10.,2025-10-06,2025-10-11
Mini-Monsieur Cuisine PMMC 5 A1,Playtive,"€ 29,99",Kein vorheriger Preis,"€ 29,99 / Stk -",06.10. - 11.10.,2025-10-06,2025-10-11
Heimtrainer,Crivit,"€ 159,00",Kein vorheriger Preis,"€ 159,00 / Stk -",29.09. - 04.10.,2025-09-29,2025-10-04
Backartikel,Zenker,"€ 2,00",Kein vorheriger Preis,"€ 2,00 / Stk -",29.09. - 04.10.,2025-09-29,2025-10-04
Milchaufschäumer SM3585,Severin,"€ 49,99",Kein vorheriger Preis,"€ 49,99 / Stk -",06.10. - 11.10.,2025-10-06,2025-10-11
Kuscheldecke,Keine Marke,"€ 12,99",Kein vorheriger Preis,"€ 6,50 / Stk -",06.10. - 11.10.,2025-10-06,2025-10-11
Edel-Renforcé Wendebettwäsche,Gabby's Dollhouse,"€ 19,99",Kein vorheriger Preis,"€ 19,99 / Stk -",06.10. - 11.10.,2025-10-06,2025-10-11
Performance Akku-Bohrschrauber Starterset,Parkside,"€ 69,99",Kein vorheriger Preis,"€ 69,99 / Stk -",06.10. - 11.10.,2025-10-06,2025-10-11
Hähnchen-Schnitte Cordon Bleu,Metzgerfrisch,"€ 6,49",Kein vorheriger Preis,"€ 8,65 / kg -",09.10. - 11.10.,2025-10-09,2025-10-11
Herren Pyjama,Esmara,"€ 9,99",Kein vorheriger Preis,"€ 9,99 / Stk -",06.10. - 11.10.,2025-10-06,2025-10-11
Schweine Schnitzel,Metzgerfrisch,"€ 5,99",Kein vorheriger Preis,"€ 7,49 / kg -",09.10. - 11.10.,2025-10-09,2025-10-11
Performance Exzenterschleifer PPEXS 750 B2,Parkside,"€ 49,99",Kein vorheriger Preis,"€ 49,99 / Stk -",06.10. - 11.10.,2025-10-06,2025-10-11
Digitale Löffelwaage,SilverCrest,"€ 4,99",Kein vorheriger Preis,"€ 4,99 / Stk -",29.09. - 04.10.,2025-09-29,2025-10-04
Feigen Walnussbrot,Lidl Backshop,"€ 1,49",Kein vorheriger Preis,"€ 4,26 / kg -",06.10. - 11.10.,2025-10-06,2025-10-11
Men Feinripp Achselhemden 2er,Esmara,"€ 4,99",Kein vorheriger Preis,"€ 2,50 / Stk -",01.10. - 04.10.,2025-10-01,2025-10-04
Griechische Spinattasche,Lidl Backshop,"€ 0,99",Kein vorheriger Preis,"€ 0,99 / Stk -",29.09. - 04.10.,2025-09-29,2025-10-04
Cargo Arbeitsbundhose,Parkside,"€ 14,99",Kein vorheriger Preis,"€ 14,99 / Stk -",06.10. - 11.10.,2025-10-06,2025-10-11
Premium Lamm-Filets,Metzgerfrisch,"€ 14,00",Kein vorheriger Preis,"€ 28,00 / kg -",09.10. - 11.10.,2025-10-09,2025-10-11
Delikatess-Hähnchenbrust,Dulano,"€ 1,99",Kein vorheriger Preis,"€ 15,92 / kg -",29.09. - 04.10.,2025-09-29,2025-10-04
Gerippte Tops,Esmara,"€ 8,99",Kein vorheriger Preis,"€ 8,99 / Stk -",01.10. - 04.10.,2025-10-01,2025-10-04
Klapptritt,Parkside,"€ 8,99",Kein vorheriger Preis,"€ 8,99 / Stk -",09.10. - 11.10.,2025-10-09,2025-10-11
Corned Beef,Dulano,"€ 2,99",Kein vorheriger Preis,"€ 14,95 / kg -",29.09. - 04.10.,2025-09-29,2025-10-04
Kinder-Fäustlinge,Lupilu,"€ 5,99",Kein vorheriger Preis,"€ 5,99 / Stk -",06.10. - 11.10.,2025-10-06,2025-10-11
Multifunktionswerkzeug PMFW 250 A1,Parkside,"€ 17,99",Kein vorheriger Preis,"€ 17,99 / Stk -",09.10. - 11.10.,2025-10-09,2025-10-11
Käsevariation,Milbona,"€ 1,79",Kein vorheriger Preis,"€ 7,16 / kg -",29.09. - 04.10.,2025-09-29,2025-10-04
Monte Snack,Zott,"€ 1,99",Kein vorheriger Preis,"€ 8,58 / kg -",09.10. - 11.10.,2025-10-09,2025-10-11
Gyros-Pfanne,Eridanous,"€ 5,79",Kein vorheriger Preis,"€ 7,72 / kg -",01.10. - 04.10.,2025-10-01,2025-10-04
Kinder-Ski- und Snowboardhelm,Crivit,"€ 9,99",Kein vorheriger Preis,"€ 9,99 / Stk -",06.10. - 11.10.,2025-10-06,2025-10-11
Wiesenländer,Milbona,"€ 1,55",Kein vorheriger Preis,"€ 8,86 / kg -",29.09. - 04.10.,2025-09-29,2025-10-04
Ascheeimer,Parkside,"€ 9,99",Kein vorheriger Preis,"€ 9,99 / Stk -",01.10. - 04.10.,2025-10-01,2025-10-04
Moussaka,Eridanous,"€ 3,79",Kein vorheriger Preis,"€ 9,97 / kg -",01.10. - 04.10.,2025-10-01,2025-10-04
Premium Lammmedaillons,Metzgerfrisch,"€ 4,80",Kein vorheriger Preis,"€ 20,00 / kg -",01.10. - 04.10.,2025-10-01,2025-10-04
Carré Gourmet,Président,"€ 2,29",Kein vorheriger Preis,"€ 11,45 / kg -",10.10. - 11.10.,2025-10-10,2025-10-11
Mega Bärchen,Sweet Corner,"€ 0,99",Kein vorheriger Preis,"€ 3,30 / kg -",06.10. - 11.10.,2025-10-06,2025-10-11
Heizkörper-Entlüftungssortiment,Parkside,"€ 2,79",Kein vorheriger Preis,"€ 2,79 / Stk -",01.10. - 04.10.,2025-10-01,2025-10-04
Puten-Bällchen,Metzgerfrisch,"€ 3,99",Kein vorheriger Preis,"€ 5,70 / kg -",01.10. - 04.10.,2025-10-01,2025-10-04
Fruchtgummi Frösche,Sweet Corner,"€ 1,11",Kein vorheriger Preis,"€ 3,70 / kg -",06.10. - 11.10.,2025-10-06,2025-10-11
Bodenwischer-Set Ultramax,Vileda,"€ 19,99",Kein vorheriger Preis,"€ 19,99 / Stk -",09.10. - 11.10.,2025-10-09,2025-10-11
Kürbiskerne,Eridanous,"€ 1,99",Kein vorheriger Preis,"€ 9,95 / kg -",01.10. - 04.10.,2025-10-01,2025-10-04
Puten Schenkel,Metzgerfrisch,"€ 3,99",Kein vorheriger Preis,"€ 3,99 / kg -",01.10. - 04.10.,2025-10-01,2025-10-04
6in1 WC Duft und Farbspüler,Cillit Bang,"€ 2,49",Kein vorheriger Preis,"€ 35,57 / kg -",06.10. - 11.10.,2025-10-06,2025-10-11
Mega Mix Fruity & Sour,Sweet Corner,"€ 3,45",Kein vorheriger Preis,"€ 3,45 / kg -",06.10. - 11.10.,2025-10-06,2025-10-11
Schimmelentferner,Parkside,"€ 3,99",Kein vorheriger Preis,"€ 3,99 / l -",01.10. - 04.10.,2025-10-01,2025-10-04
Elsässer Saibling,Deluxe,"€ 12,00",Kein vorheriger Preis,"€ 15,00 / kg -",09.10. - 11.10.,2025-10-09,2025-10-11
Kretischer Honig,Eridanous,"€ 3,99",Kein vorheriger Preis,"€ 8,87 / kg -",01.10. - 04.10.,2025-10-01,2025-10-04
Energy-Drink,Rockstar,"€ 0,99",Kein vorheriger Preis,"€ 1,98 / l -",06.10. - 11.10.,2025-10-06,2025-10-11
Halva,Eridanous,"€ 1,99",Kein vorheriger Preis,"€ 7,96 / kg -",01.10. - 04.10.,2025-10-01,2025-10-04
Gold 12,Ouzo,"€ 9,99",Kein vorheriger Preis,"€ 14,27 / l -",06.10. - 11.10.,2025-10-06,2025-10-11
Damen 2-in-1-Steppmantel,Crivit,"€ 29,99",Kein vorheriger Preis,"€ 29,99 / Stk -",29.09. - 04.10.,2025-09-29,2025-10-04
Kitchen Tools Digitaler Reiskocher,SilverCrest,"€ 19,99",Kein vorheriger Preis,"€ 19,99 / Stk -",29.09. - 04.10.,2025-09-29,2025-10-04
Men Expert Duschgel,L'Oréal Paris,"€ 5,99",Kein vorheriger Preis,"€ 5,99 / l -",09.10. - 11.10.,2025-10-09,2025-10-11
Kraftstation SP 2000,Christopeit Sport,"€ 334,00",Kein vorheriger Preis,"€ 334,00 / Stk -",06.10. - 11.10.,2025-10-06,2025-10-11
Salami,Deluxe,"€ 1,79",Kein vorheriger Preis,"€ 22,38 / kg -",06.10. - 11.10.,2025-10-06,2025-10-11
Damen-Funktionstights,Crivit,"€ 5,29",Kein vorheriger Preis,"€ 5,29 / Stk -",29.09. - 04.10.,2025-09-29,2025-10-04
Skyr Natur,Milbona,"€ 1,49",Kein vorheriger Preis,"€ 2,98 / kg -",06.10. - 11.10.,2025-10-06,2025-10-11
Damen Maxi-Steppmantel,Esmara,"€ 19,99",Kein vorheriger Preis,"€ 19,99 / Stk -",06.10. - 11.10.,2025-10-06,2025-10-11
Schnellkochtopf Secure Click,Tefal,"€ 49,99",Kein vorheriger Preis,"€ 49,99 / Stk -",29.09. - 04.10.,2025-09-29,2025-10-04
LED-Galaxielichterkette,Livarno Home,"€ 14,99",Kein vorheriger Preis,"€ 0,03 / Stk -",09.10. - 11.10.,2025-10-09,2025-10-11
Fruchtgummi,Haribo,"€ 0,79",Kein vorheriger Preis,"€ 4,94 / kg -",09.10. - 11.10.,2025-10-09,2025-10-11
Kitchen Tools Grill- und Backautomat SGB 1200 B5,SilverCrest,"€ 39,99",Kein vorheriger Preis,"€ 39,99 / Stk -",06.10. - 11.10.,2025-10-06,2025-10-11
LED-Lichtervorhang,Livarno Home,"€ 5,99",Kein vorheriger Preis,"€ 0,15 / Stk -",09.10. - 11.10.,2025-10-09,2025-10-11
Möhren,Keine Marke,"€ 0,95",Kein vorheriger Preis,"€ 0,47 / kg -",29.09. - 04.10.,2025-09-29,2025-10-04
Doppel-Türbodendichtung,Parkside,"€ 2,99",Kein vorheriger Preis,"€ 2,99 / Stk -",01.10. - 04.10.,2025-10-01,2025-10-04
Multifunktionsschneider,SilverCrest,"€ 9,99",Kein vorheriger Preis,"€ 9,99 / Stk -",29.09. - 04.10.,2025-09-29,2025-10-04
Ice Tea,Lipton,"€ 1,29",Kein vorheriger Preis,"€ 1,03 / l -",09.10. - 11.10.,2025-10-09,2025-10-11
Halloween Kartoffel Gitter Wednesday,Keine Marke,"€ 1,19",Kein vorheriger Preis,"€ 10,82 / kg -",06.10. - 11.10.,2025-10-06,2025-10-11
Hähnchenbrustfiletstücke,Eridanous,"€ 1,99",Kein vorheriger Preis,"€ 13,27 / kg -",01.10. - 04.10.,2025-10-01,2025-10-04
Partybällchen,Eridanous,"€ 2,79",Kein vorheriger Preis,"€ 9,96 / kg -",01.10. - 04.10.,2025-10-01,2025-10-04
Küchenmesserset Fresh Kitchen 2-tlg.,Tefal,"€ 7,99",Kein vorheriger Preis,"€ 4,00 / Stk -",06.10. - 11.10.,2025-10-06,2025-10-11
Vegane Teigtaschen,Vemondo,"€ 1,89",Kein vorheriger Preis,"€ 3,78 / kg -",01.10. - 04.10.,2025-10-01,2025-10-04
Bitschrauber-Set PBB 4 C2,Parkside,"€ 4,99",Kein vorheriger Preis,"€ 4,99 / Stk -",01.10. - 04.10.,2025-10-01,2025-10-04
Feine Nurnberger Oblatenlebkuchen,Favorina,"€ 2,49",Kein vorheriger Preis,"€ 8,30 / kg -",29.09. - 04.10.,2025-09-29,2025-10-04
Reine Buttermilch,Milbona,"€ 0,59",Kein vorheriger Preis,"€ 1,18 / kg -",06.10. - 11.10.,2025-10-06,2025-10-11
Siebträger Espresso Maschine Scultura ECZ351,DeLonghi,"€ 99,99",Kein vorheriger Preis,"€ 99,99 / Stk -",29.09. - 04.10.,2025-09-29,2025-10-04
Riegel,Eridanous,"€ 2,49",Kein vorheriger Preis,"€ 12,45 / kg -",01.10. - 04.10.,2025-10-01,2025-10-04
Handsägen-Set,Parkside,"€ 7,99",Kein vorheriger Preis,"€ 1,33 / Stk -",01.10. - 04.10.,2025-10-01,2025-10-04
Gefüllte Lebkuchen-Herzen,Favorina,"€ 2,69",Kein vorheriger Preis,"€ 8,97 / kg -",29.09. - 04.10.,2025-09-29,2025-10-04
4 Wassergläser,Livarno Home,"€ 3,99",Kein vorheriger Preis,"€ 1,00 / Stk -",29.09. - 04.10.,2025-09-29,2025-10-04
5 Sterne,Metaxa,"€ 10,99",Kein vorheriger Preis,"€ 15,70 / l -",01.10. - 04.10.,2025-10-01,2025-10-04
Topf Kupfer 20 cm,SilverCrest,"€ 49,99",Kein vorheriger Preis,"€ 49,99 / Stk -",06.10. - 11.10.,2025-10-06,2025-10-11
Runde braune Lebkuchen,Favorina,"€ 1,49",Kein vorheriger Preis,"€ 7,45 / kg -",29.09. - 04.10.,2025-09-29,2025-10-04
Heidelbeeren,Keine Marke,"€ 0,99",Kein vorheriger Preis,"€ 7,92 / kg -",29.09. - 04.10.,2025-09-29,2025-10-04
Bio-Agavendicksaft,Maribel,"€ 2,35",Kein vorheriger Preis,"€ 4,80 / kg -",06.10. - 11.10.,2025-10-06,2025-10-11
Kritharaki Pasta,Eridanous,"€ 0,89",Kein vorheriger Preis,"€ 1,78 / kg -",01.10. - 04.10.,2025-10-01,2025-10-04
Dominosteine,Favorina,"€ 2,49",Kein vorheriger Preis,"€ 9,96 / kg -",29.09. - 04.10.,2025-09-29,2025-10-04
Baby-Schneeoverall,Lupilu,"€ 14,99",Kein vorheriger Preis,"€ 14,99 / Stk -",06.10. - 11.10.,2025-10-06,2025-10-11
Bio Karottensaft,Solevita,"€ 1,79",Kein vorheriger Preis,"€ 1,79 / l -",06.10. - 11.10.,2025-10-06,2025-10-11
Zaziki,Milbona,"€ 1,65",Kein vorheriger Preis,"€ 3,30 / kg -",06.10. - 11.10.,2025-10-06,2025-10-11
Zwiebeln,Keine Marke,"€ 0,89",Kein vorheriger Preis,"€ 0,89 / kg -",29.09. - 04.10.,2025-09-29,2025-10-04
Joghurt,Milbona,"€ 0,99",Kein vorheriger Preis,"€ 1,65 / kg -",06.10. - 11.10.,2025-10-06,2025-10-11
Nähmaschinentisch,Livarno Home,"€ 69,99","€ 79,99","€ 69,99 / Stk -",01.10. - 04.10.,2025-10-01,2025-10-04
Herren T-Shirts 3er Set,Parkside,"€ 9,99",Kein vorheriger Preis,"€ 3,33 / Stk -",01.10. - 04.10.,2025-10-01,2025-10-04
Gold Original,Nescafé,"€ 7,99",Kein vorheriger Preis,"€ 39,95 / kg -",01.10. - 04.10.,2025-10-01,2025-10-04
Finest Blended Scotch Whisky,Ballantines,"€ 9,99",Kein vorheriger Preis,"€ 14,27 / l -",09.10. - 11.10.,2025-10-09,2025-10-11
Heidekraut-Schale,Keine Marke,"€ 5,99",Kein vorheriger Preis,"€ 5,99 / Stk -",01.10. - 04.10.,2025-10-01,2025-10-04
Butterschmalz,Milbona,"€ 7,49",Kein vorheriger Preis,"€ 14,98 / kg -",06.10. - 11.10.,2025-10-06,2025-10-11
Herren Thermo-Arbeitssocken 2 Paar,Parkside,"€ 2,99",Kein vorheriger Preis,"€ 1,50 / Stk -",01.10. - 04.10.,2025-10-01,2025-10-04
Bio Käse am Stück,Milbona,"€ 2,42",Kein vorheriger Preis,"€ 12,10 / kg -",29.09. - 04.10.,2025-09-29,2025-10-04
Back-Hirtenkäse Vegetarisch,Eridanous,"€ 2,99",Kein vorheriger Preis,"€ 8,54 / kg -",01.10. - 04.10.,2025-10-01,2025-10-04
Damen Flanell-Bigshirt,Esmara,"€ 7,99",Kein vorheriger Preis,"€ 7,99 / Stk -",09.10. - 11.10.,2025-10-09,2025-10-11
Halloween Schaumküsse Wednesday,Keine Marke,"€ 2,29",Kein vorheriger Preis,"€ 10,18 / kg -",06.10. - 11.10.,2025-10-06,2025-10-11
Rosenstrauß,Keine Marke,"€ 3,99",Kein vorheriger Preis,"€ 3,99 / Stk -",29.09. - 04.10.,2025-09-29,2025-10-04
Griechischer Oliven Mix,Eridanous,"€ 3,79",Kein vorheriger Preis,"€ 9,47 / kg -",01.10. - 04.10.,2025-10-01,2025-10-04
Kinder Bueno,Ferrero,"€ 4,19",Kein vorheriger Preis,"€ 19,49 / kg -",06.10. - 11.10.,2025-10-06,2025-10-11
WC-Garnitur,Livarno Home,"€ 2,99",Kein vorheriger Preis,"€ 2,99 / Stk -",06.10. - 11.10.,2025-10-06,2025-10-11
DeLuxe Gänsedaunen-Kassettenbettdecke Gold-Edition,Balette,"€ 119,00",Kein vorheriger Preis,"€ 119,00 / Stk -",29.09. - 04.10.,2025-09-29,2025-10-04
Original Rum,Havana Club,"€ 10,99",Kein vorheriger Preis,"€ 15,70 / l -",29.09. - 04.10.,2025-09-29,2025-10-04
Halloween Schokoladenkugeln,Keine Marke,"€ 2,99",Kein vorheriger Preis,"€ 14,95 / kg -",06.10. - 11.10.,2025-10-06,2025-10-11
Trendstrauß,Keine Marke,"€ 7,99",Kein vorheriger Preis,"€ 7,99 / Stk -",01.10. - 04.10.,2025-10-01,2025-10-04
Tee,Meßmer,"€ 1,49",Kein vorheriger Preis,"€ 21,59 / kg -",09.10. - 11.10.,2025-10-09,2025-10-11
Mozzarella XXL,Milbona,"€ 3,49",Kein vorheriger Preis,"€ 6,98 / kg -",29.09. - 04.10.,2025-09-29,2025-10-04
Celebrations,Mars,"€ 3,99",Kein vorheriger Preis,"€ 14,83 / kg -",29.09. - 04.10.,2025-09-29,2025-10-04
Wellenschnitt Pommes XXL,Harvest Basket,"€ 3,49",Kein vorheriger Preis,"€ 1,40 / kg -",29.09. - 04.10.,2025-09-29,2025-10-04
The Chocolate Block,Boekoenhoutskloof,"€ 21,99",Kein vorheriger Preis,"€ 29,32 / l -",06.10. - 11.10.,2025-10-06,2025-10-11
Seitenschrank,Keine Marke,"€ 49,99",Kein vorheriger Preis,"€ 49,99 / Stk -",06.10. - 11.10.,2025-10-06,2025-10-11
Spiegelschrank Oslo,Livarno Home,"€ 35,99",Kein vorheriger Preis,"€ 35,99 / Stk -",29.09. - 04.10.,2025-09-29,2025-10-04
Milchreis,Milbona,"€ 0,39",Kein vorheriger Preis,"€ 1,95 / kg -",06.10. - 11.10.,2025-10-06,2025-10-11
Kritzel-Kratzel-Buch,Keine Marke,"€ 3,99",Kein vorheriger Preis,"€ 3,99 / Stk -",29.09. - 04.10.,2025-09-29,2025-10-04
M Riesling,Markus Molitor,"€ 8,99",Kein vorheriger Preis,"€ 8,99 / l -",06.10. - 11.10.,2025-10-06,2025-10-11
Proteinpulver,IronMaxx,"€ 12,99",Kein vorheriger Preis,"€ 25,98 / kg -",29.09. - 04.10.,2025-09-29,2025-10-04
LED-Lichtervorhang,Livarno Home,"€ 12,99",Kein vorheriger Preis,"€ 12,99 / Stk -",09.10. - 11.10.,2025-10-09,2025-10-11
Lugana,Cà Dei Frati,"€ 14,90",Kein vorheriger Preis,"€ 19,87 / l -",06.10. - 11.10.,2025-10-06,2025-10-11
Orangen Limonade,Fanta,"€ 1,19",Kein vorheriger Preis,"€ 0,95 / l -",29.09. - 04.10.,2025-09-29,2025-10-04
Damen Pyjama,Keine Marke,"€ 4,99",Kein vorheriger Preis,"€ 4,99 / Stk -",29.09. - 04.10.,2025-09-29,2025-10-04
Choco Crossies,Nestlé,"€ 1,99",Kein vorheriger Preis,"€ 13,27 / kg -",29.09. - 04.10.,2025-09-29,2025-10-04
Gourmet Weichkäse,Deluxe,"€ 2,79",Kein vorheriger Preis,"€ 14,31 / kg -",06.10. - 11.10.,2025-10-06,2025-10-11
Kondensmilch,Milbona,"€ 0,79",Kein vorheriger Preis,"€ 2,32 / kg -",06.10. - 11.10.,2025-10-06,2025-10-11
Hähnchen-Rollbraten,Metzgerfrisch,"€ 5,49",Kein vorheriger Preis,"€ 10,98 / kg -",29.09. - 04.10.,2025-09-29,2025-10-04
Enjoy,Granini,"€ 1,49",Kein vorheriger Preis,"€ 1,99 / l -",04.10. - 04.10.,2025-10-04,2025-10-04
Aufbewahrungsregal,Livarno Home,"€ 26,99",Kein vorheriger Preis,"€ 26,99 / Stk -",06.10. - 11.10.,2025-10-06,2025-10-11
Mousse au Chocolat,Deluxe,"€ 3,79",Kein vorheriger Preis,"€ 10,83 / kg -",06.10. - 11.10.,2025-10-06,2025-10-11
Fertiggerichte,Erasco,"€ 1,99",Kein vorheriger Preis,"€ 2,49 / kg -",01.10. - 04.10.,2025-10-01,2025-10-04
Octopus Tentakel,Eridanous,"€ 9,99",Kein vorheriger Preis,"€ 18,50 / kg -",01.10. - 04.10.,2025-10-01,2025-10-04
Kasseler Minutensteaks,Metzgerfrisch,"€ 3,19",Kein vorheriger Preis,"€ 7,97 / kg -",29.09. - 04.10.,2025-09-29,2025-10-04
Blumenkohl,Freshona,"€ 1,99",Kein vorheriger Preis,"€ 3,98 / kg -",06.10. - 11.10.,2025-10-06,2025-10-11
Silikon Gugelhupfform,Coox,"€ 14,99",Kein vorheriger Preis,"€ 14,99 / Stk -",29.09. - 04.10.,2025-09-29,2025-10-04
Zucker XXL,Diamant,"€ 1,69",Kein vorheriger Preis,"€ 0,84 / kg -",09.10. - 11.10.,2025-10-09,2025-10-11
Spiced Rum,Remedy,"€ 17,99",Kein vorheriger Preis,"€ 25,70 / l -",01.10. - 11.10.,2025-10-01,2025-10-11
Wäscheparfüm,Lenor,"€ 4,49",Kein vorheriger Preis,"€ 16,33 / kg -",29.09. - 04.10.,2025-09-29,2025-10-04
Savaron,Laiterie de le Montagne,"€ 3,79",Kein vorheriger Preis,"€ 12,63 / kg -",06.10. - 11.10.,2025-10-06,2025-10-11
Silikon-Backform,Coox,"€ 14,99",Kein vorheriger Preis,"€ 14,99 / Stk -",29.09. - 04.10.,2025-09-29,2025-10-04
Selection Mandeln XXL,Alesto,"€ 4,99",Kein vorheriger Preis,"€ 9,98 / kg -",09.10. - 11.10.,2025-10-09,2025-10-11
Pizza Tradizionale,Dr. Oetker,"€ 1,99",Kein vorheriger Preis,"€ 5,69 / kg -",29.09. - 04.10.,2025-09-29,2025-10-04
Faltbares Silikon-Backblech,Coox,"€ 13,99",Kein vorheriger Preis,"€ 13,99 / Stk -",29.09. - 04.10.,2025-09-29,2025-10-04
Hamburger vom Rind XXL,Metzgerfrisch,"€ 10,99",Kein vorheriger Preis,"€ 10,99 / kg -",29.09. - 04.10.,2025-09-29,2025-10-04
Steinofenpizza,Gustavo Gusto,"€ 3,59",Kein vorheriger Preis,"€ 7,80 / kg -",06.10. - 11.10.,2025-10-06,2025-10-11
LED-Lichtband,Livarno Home,"€ 3,29",Kein vorheriger Preis,"€ 3,29 / Stk -",06.10. - 11.10.,2025-10-06,2025-10-11
Herren Trainingsjacke Tiro 24,Adidas,"€ 29,99",Kein vorheriger Preis,"€ 29,99 / Stk -",29.09. - 04.10.,2025-09-29,2025-10-04
Halbes Hähnchen,Metzgerfrisch,"€ 3,39",Kein vorheriger Preis,"€ 4,52 / kg -",29.09. - 04.10.,2025-09-29,2025-10-04
Miracel Whip Original,Kraft,"€ 1,49",Kein vorheriger Preis,"€ 2,98 / l -",09.10. - 11.10.,2025-10-09,2025-10-11
LED-Tischleuchte,Livarno Home,"€ 9,99",Kein vorheriger Preis,"€ 9,99 / Stk -",06.10. - 11.10.,2025-10-06,2025-10-11
Original Sahne Muh-Muhs Toffees,Pico Food,"€ 1,79",Kein vorheriger Preis,"€ 8,33 / kg -",09.10. - 11.10.,2025-10-09,2025-10-11
Herren Sweathoodie,Adidas,"€ 34,99",Kein vorheriger Preis,"€ 34,99 / Stk -",29.09. - 04.10.,2025-09-29,2025-10-04
Crackers,Ritz,"€ 1,49",Kein vorheriger Preis,"€ 7,45 / kg -",09.10. - 11.10.,2025-10-09,2025-10-11
Mega Monte,Zott,"€ 1,49",Kein vorheriger Preis,"€ 3,72 / kg -",06.10. - 11.10.,2025-10-06,2025-10-11
2-Komponenten-Kleber 3T,Rexxan,"€ 2,99",Kein vorheriger Preis,"€ 96,45 / kg -",01.10. - 04.10.,2025-10-01,2025-10-04
Delikatess Geflügel Fleischwurst,Dulano,"€ 2,15",Kein vorheriger Preis,"€ 5,37 / kg -",29.09. - 04.10.,2025-09-29,2025-10-04
Microfibre Colours Allzwecktücher XXL,Vileda,"€ 3,99",Kein vorheriger Preis,"€ 3,99 / Stk -",09.10. - 11.10.,2025-10-09,2025-10-11
Nähartikel-Zubehör,Crelando,"€ 1,49",Kein vorheriger Preis,"€ 1,49 / Stk -",01.10. - 04.10.,2025-10-01,2025-10-04
Kaminwurzerl,Dulano,"€ 1,99",Kein vorheriger Preis,"€ 13,27 / kg -",29.09. - 04.10.,2025-09-29,2025-10-04
Nähmaschine 323L Serenade,Singer,"€ 119,00",Kein vorheriger Preis,"€ 119,00 / Stk -",01.10. - 04.10.,2025-10-01,2025-10-04
Heißluftfritteuse mit Grill Easy Fry und Grill XXL EY8014,Tefal,"€ 99,99",Kein vorheriger Preis,"€ 99,99 / Stk -",06.10. - 11.10.,2025-10-06,2025-10-11
Schweine Schnitten Cordon Bleu,Metzgerfrisch,"€ 6,99",Kein vorheriger Preis,"€ 6,99 / kg -",06.10. - 11.10.,2025-10-06,2025-10-11
Stollen Edelmarzipan,Favorina,"€ 4,99",Kein vorheriger Preis,"€ 4,99 / kg -",06.10. - 11.10.,2025-10-06,2025-10-11
Die Ofenfrische Pizza,Dr. Oetker,"€ 1,99",Kein vorheriger Preis,"€ 5,10 / Stk -",29.09. - 04.10.,2025-09-29,2025-10-04
Wildgulasch,Deluxe,"€ 3,99",Kein vorheriger Preis,"€ 13,30 / kg -",06.10. - 11.10.,2025-10-06,2025-10-11
Tafelschokolade,Fin Carre,"€ 0,79",Kein vorheriger Preis,"€ 7,90 / kg -",06.10. - 11.10.,2025-10-06,2025-10-11
Feinste Baumkuchenspitzen,Favorina,"€ 2,99",Kein vorheriger Preis,"€ 19,93 / kg -",06.10. - 11.10.,2025-10-06,2025-10-11
Kaffeegetränk XXL,Milbona,"€ 0,99",Kein vorheriger Preis,"€ 2,61 / l -",29.09. - 04.10.,2025-09-29,2025-10-04
White Tiger Garnelenring,Deluxe,"€ 4,99",Kein vorheriger Preis,"€ 16,63 / kg -",06.10. - 11.10.,2025-10-06,2025-10-11
Puten-Mini-Steaks,Metzgerfrisch,"€ 3,49",Kein vorheriger Preis,"€ 8,72 / kg -",06.10. - 11.10.,2025-10-06,2025-10-11
Waffel-Mischung XXL,Sondey,"€ 2,69",Kein vorheriger Preis,"€ 6,11 / kg -",29.09. - 04.10.,2025-09-29,2025-10-04
Gulasch gemischt XXL,Metzgerfrisch,"€ 7,49",Kein vorheriger Preis,"€ 9,36 / kg -",06.10. - 11.10.,2025-10-06,2025-10-11
Winter Funktionsstrümpfe,Crivit,"€ 4,99",Kein vorheriger Preis,"€ 4,99 / Stk -",06.10. - 11.10.,2025-10-06,2025-10-11
LED-Lichterbaum,Livarno Home,"€ 19,99",Kein vorheriger Preis,"€ 19,99 / Stk -",09.10. - 11.10.,2025-10-09,2025-10-11
Mini-Nussecken,Favorina,"€ 2,69",Kein vorheriger Preis,"€ 13,45 / kg -",06.10. - 11.10.,2025-10-06,2025-10-11
Norwegische Lachs­ Filetportionen,Ocean Sea,"€ 9,99",Kein vorheriger Preis,"€ 24,97 / kg -",29.09. - 04.10.,2025-09-29,2025-10-04
Schweine Hackfleisch,Metzgerfrisch,"€ 1,99",Kein vorheriger Preis,"€ 3,98 / kg -",06.10. - 11.10.,2025-10-06,2025-10-11
USB-Steckdosenleiste,SilverCrest,"€ 7,99",Kein vorheriger Preis,"€ 7,99 / Stk -",01.10. - 04.10.,2025-10-01,2025-10-04
Heißluftfritteuse Typ CAF-R901-AEU,Cosori,"€ 149,00",Kein vorheriger Preis,"€ 149,00 / Stk -",29.09. - 04.10.,2025-09-29,2025-10-04
Akkus,Tronic,"€ 3,99",Kein vorheriger Preis,"€ 1,00 / Stk -",01.10. - 04.10.,2025-10-01,2025-10-04
Kaffeevollautomat EP2230-10,Philips,"€ 299,00",Kein vorheriger Preis,"€ 299,00 / Stk -",29.09. - 04.10.,2025-09-29,2025-10-04
Halbe Pute,Metzgerfrisch,"€ 5,99",Kein vorheriger Preis,"€ 5,99 / kg -",06.10. - 11.10.,2025-10-06,2025-10-11
Jägerhackbraten,Chef Select,"€ 2,49",Kein vorheriger Preis,"€ 4,98 / kg -",06.10. - 11.10.,2025-10-06,2025-10-11
LED-Lichterschlauch,Livarno Home,"€ 8,99",Kein vorheriger Preis,"€ 8,99 / Stk -",09.10. - 11.10.,2025-10-09,2025-10-11
Trauben,Keine Marke,"€ 2,99",Kein vorheriger Preis,"€ 2,99 / kg -",06.10. - 11.10.,2025-10-06,2025-10-11
Kitchen Tools Fritteuse SFT 1900 A1,SilverCrest,"€ 24,99",Kein vorheriger Preis,"€ 24,99 / Stk -",29.09. - 04.10.,2025-09-29,2025-10-04
Silikon-Springform,Coox,"€ 13,99",Kein vorheriger Preis,"€ 13,99 / Stk -",29.09. - 04.10.,2025-09-29,2025-10-04
Selection Herbstgenuss,Dulano,"€ 3,49",Kein vorheriger Preis,"€ 12,46 / kg -",06.10. - 11.10.,2025-10-06,2025-10-11
LED-Tannengirlande,Livarno Home,"€ 14,99",Kein vorheriger Preis,"€ 14,99 / Stk -",09.10. - 11.10.,2025-10-09,2025-10-11
Esskastanien,Keine Marke,"€ 0,99",Kein vorheriger Preis,"€ 9,90 / kg -",06.10. - 11.10.,2025-10-06,2025-10-11
Remoulade,Heinz,"€ 1,99",Kein vorheriger Preis,"€ 4,97 / l -",29.09. - 04.10.,2025-09-29,2025-10-04
Herbstkäse,Milbona,"€ 3,99",Kein vorheriger Preis,"€ 19,95 / kg -",06.10. - 11.10.,2025-10-06,2025-10-11
Vakuumierer SV 125 C7,Livarno Home,"€ 19,99",Kein vorheriger Preis,"€ 19,99 / Stk -",29.09. - 04.10.,2025-09-29,2025-10-04
Kaustreifen XXL,Fritt,"€ 3,99",Kein vorheriger Preis,"€ 7,13 / kg -",29.09. - 04.10.,2025-09-29,2025-10-04
Oberschwäbische Land-Nudeln,Dorfmühle,"€ 1,99",Kein vorheriger Preis,"€ 3,98 / kg -",06.10. - 11.10.,2025-10-06,2025-10-11
Edelstahl­ Besteck Set 60-­tlg.,Livarno Home,"€ 19,99",Kein vorheriger Preis,"€ 0,33 / Stk -",29.09. - 04.10.,2025-09-29,2025-10-04
Kaffeemaschine Café Gaia HD7544,Philips,"€ 54,99",Kein vorheriger Preis,"€ 54,99 / Stk -",29.09. - 04.10.,2025-09-29,2025-10-04
Mikrofaser-Jersey-Spannbettlaken,Livarno Home,"€ 2,69",Kein vorheriger Preis,"€ 2,69 / Stk -",06.10. - 11.10.,2025-10-06,2025-10-11
Zug-Kappsäge PZKS 2000 C3,Parkside,"€ 89,99",Kein vorheriger Preis,"€ 89,99 / Stk -",01.10. - 04.10.,2025-10-01,2025-10-04
Kissen Super Soft,John Cotton,"€ 7,99",Kein vorheriger Preis,"€ 7,99 / Stk -",06.10. - 11.10.,2025-10-06,2025-10-11
Damen Sweathose,Crivit,"€ 6,29",Kein vorheriger Preis,"€ 6,29 / Stk -",29.09. - 04.10.,2025-09-29,2025-10-04
Performance Akku-Drehschlagschrauber PASSP 20-Li C4,Parkside,"€ 99,99",Kein vorheriger Preis,"€ 99,99 / Stk -",01.10. - 04.10.,2025-10-01,2025-10-04
Ausstechformen,Zenker,"€ 2,00",Kein vorheriger Preis,"€ 2,00 / Stk -",29.09. - 04.10.,2025-09-29,2025-10-04
Crosstrainer EL 5000 Pro,Christopeit Sport,"€ 239,00",Kein vorheriger Preis,"€ 239,00 / Stk -",06.10. - 11.10.,2025-10-06,2025-10-11
Feder­ und Daunen­-Bettdecke,Livarno Home,"€ 44,99",Kein vorheriger Preis,"€ 44,99 / Stk -",06.10. - 11.10.,2025-10-06,2025-10-11
Steinofenpizza Margherita XXL,Trattoria Alfredo,"€ 3,49",Kein vorheriger Preis,"€ 2,91 / kg -",09.10. - 11.10.,2025-10-09,2025-10-11
Wasser-Rudergerät Connected,Crivit,"€ 349,00",Kein vorheriger Preis,"€ 349,00 / Stk -",29.09. - 04.10.,2025-09-29,2025-10-04
Aufs Brot,Ferdi Fuchs,"€ 0,99",Kein vorheriger Preis,"€ 9,90 / kg -",09.10. - 11.10.,2025-10-09,2025-10-11
Walking Pad,Christopeit Sport,"€ 179,00",Kein vorheriger Preis,"€ 179,00 / Stk -",29.09. - 04.10.,2025-09-29,2025-10-04
Pfanne Resistal Ceramic Stone 28cm,Tefal,"€ 24,99",Kein vorheriger Preis,"€ 24,99 / Stk -",06.10. - 11.10.,2025-10-06,2025-10-11
Zahnpasta,Colgate,"€ 4,99",Kein vorheriger Preis,"€ 16,63 / l -",29.09. - 04.10.,2025-09-29,2025-10-04
Zarte Haferflocken XXL,Crownfield,"€ 1,19",Kein vorheriger Preis,"€ 1,19 / kg -",29.09. - 04.10.,2025-09-29,2025-10-04
Springform,Zenker,"€ 7,99",Kein vorheriger Preis,"€ 7,99 / Stk -",29.09. - 04.10.,2025-09-29,2025-10-04
Performance Sechskant-Bohrer-Set,Parkside,"€ 7,99",Kein vorheriger Preis,"€ 1,00 / Stk -",06.10. - 11.10.,2025-10-06,2025-10-11
Pasta,Barilla,"€ 1,89",Kein vorheriger Preis,"€ 1,89 / kg -",29.09. - 04.10.,2025-09-29,2025-10-04
Kaubo-Mix,Sweet Corner,"€ 1,79",Kein vorheriger Preis,"€ 4,47 / kg -",06.10. - 11.10.,2025-10-06,2025-10-11
Kitchen Tools Digitaler Messbecher,SilverCrest,"€ 7,99",Kein vorheriger Preis,"€ 7,99 / Stk -",29.09. - 04.10.,2025-09-29,2025-10-04
Men Boxer 3er,Esmara,"€ 3,99",Kein vorheriger Preis,"€ 1,33 / Stk -",01.10. - 04.10.,2025-10-01,2025-10-04
Selection Schwarzwälder Schinken,Dulano,"€ 2,19",Kein vorheriger Preis,"€ 10,95 / kg -",29.09. - 04.10.,2025-09-29,2025-10-04
Saure Würmer,Sweet Corner,"€ 1,19",Kein vorheriger Preis,"€ 2,97 / kg -",06.10. - 11.10.,2025-10-06,2025-10-11
Kefir Drink,Milram,"€ 0,99",Kein vorheriger Preis,"€ 1,98 / kg -",09.10. - 11.10.,2025-10-09,2025-10-11
Kinder Socken 3 Paar,Keine Marke,"€ 2,99",Kein vorheriger Preis,"€ 1,00 / Stk -",29.09. - 04.10.,2025-09-29,2025-10-04
Damen-Kuschelsocken 2 Paar,Esmara,"€ 1,99",Kein vorheriger Preis,"€ 0,99 / Stk -",01.10. - 04.10.,2025-10-01,2025-10-04
Mildes Bauernbrot,Lidl Backshop,"€ 1,39",Kein vorheriger Preis,"€ 1,39 / kg -",29.09. - 04.10.,2025-09-29,2025-10-04
Fruchtgummi,Sweet Corner,"€ 0,89",Kein vorheriger Preis,"€ 2,97 / kg -",06.10. - 11.10.,2025-10-06,2025-10-11
Kinder Sweatpullover Minnie Mouse,Keine Marke,"€ 6,29",Kein vorheriger Preis,"€ 6,29 / Stk -",29.09. - 04.10.,2025-09-29,2025-10-04
Brühwurst,Dulano,"€ 1,29",Kein vorheriger Preis,"€ 6,45 / kg -",29.09. - 04.10.,2025-09-29,2025-10-04
Emmentaler,Milbona,"€ 3,33",Kein vorheriger Preis,"€ 8,32 / kg -",29.09. - 04.10.,2025-09-29,2025-10-04
Sandwich Scheiben,Milbona,"€ 1,99",Kein vorheriger Preis,"€ 9,95 / kg -",29.09. - 04.10.,2025-09-29,2025-10-04
Bifteki,Eridanous,"€ 5,99",Kein vorheriger Preis,"€ 7,99 / kg -",01.10. - 04.10.,2025-10-01,2025-10-04
Color Waschmittel Schnell Auflosend,Lenor,"€ 16,99",Kein vorheriger Preis,"€ 0,19 / Stk -",10.10. - 11.10.,2025-10-10,2025-10-11
Kaubo Cubyys,Sweet Corner,"€ 0,79",Kein vorheriger Preis,"€ 3,59 / kg -",06.10. - 11.10.,2025-10-06,2025-10-11
Transportkarre,Parkside,"€ 9,99",Kein vorheriger Preis,"€ 9,99 / Stk -",01.10. - 04.10.,2025-10-01,2025-10-04
Schweinenacken,Metzgerfrisch,"€ 3,48",Kein vorheriger Preis,"€ 5,80 / kg -",09.10. - 11.10.,2025-10-09,2025-10-11
Bougatsa,Eridanous,"€ 1,99",Kein vorheriger Preis,"€ 4,34 / kg -",01.10. - 04.10.,2025-10-01,2025-10-04
mit Butter XXL,Rama,"€ 1,99",Kein vorheriger Preis,"€ 4,97 / kg -",09.10. - 11.10.,2025-10-09,2025-10-11
Akku-Lötkolben,Parkside,"€ 12,99",Kein vorheriger Preis,"€ 12,99 / Stk -",09.10. - 11.10.,2025-10-09,2025-10-11
Rinder Markknochen,Metzgerfrisch,"€ 2,49",Kein vorheriger Preis,"€ 4,98 / kg -",09.10. - 11.10.,2025-10-09,2025-10-11
Mini Rolls,Babybel,"€ 2,69",Kein vorheriger Preis,"€ 14,94 / kg -",09.10. - 11.10.,2025-10-09,2025-10-11
Ouzo,Korifeos,"€ 5,99",Kein vorheriger Preis,"€ 11,98 / l -",01.10. - 04.10.,2025-10-01,2025-10-04
Küchentücher,Floralys,"€ 2,99",Kein vorheriger Preis,"€ 1,00 / Stk -",06.10. - 11.10.,2025-10-06,2025-10-11
Baby-Schneestiefel,Lupilu,"€ 12,99",Kein vorheriger Preis,"€ 12,99 / Stk -",06.10. - 11.10.,2025-10-06,2025-10-11
Risbellis Reis-Cracker,Reis-Fit,"€ 0,99",Kein vorheriger Preis,"€ 24,75 / kg -",09.10. - 11.10.,2025-10-09,2025-10-11
Original,Heineken,"€ 3,99",Kein vorheriger Preis,"€ 2,02 / l -",06.10. - 11.10.,2025-10-06,2025-10-11
Ersatzbezüge Easy Wring & Clean,Vileda,"€ 3,59",Kein vorheriger Preis,"€ 3,59 / Stk -",09.10. - 11.10.,2025-10-09,2025-10-11
Trainingsstation Power Tower,Crivit,"€ 99,99",Kein vorheriger Preis,"€ 99,99 / Stk -",06.10. - 11.10.,2025-10-06,2025-10-11
Herren-Funktionsshirt,Crivit,"€ 3,99",Kein vorheriger Preis,"€ 3,99 / Stk -",29.09. - 04.10.,2025-09-29,2025-10-04
SEVERIN Kaffeemaschine mit Mahlwerk KA9210,Severin,"€ 99,99",Kein vorheriger Preis,"€ 99,99 / Stk -",29.09. - 04.10.,2025-09-29,2025-10-04
Original Taste,Coca-Cola,"€ 3,99",Kein vorheriger Preis,"€ 2,02 / l -",06.10. - 12.10.,2025-10-06,2025-10-12
Pilates-Reformer,Crivit,"€ 279,00",Kein vorheriger Preis,"€ 279,00 / Stk -",29.09. - 04.10.,2025-09-29,2025-10-04
Kitchen Tools Filterkaffeemaschine Brew-Buddy,SilverCrest,"€ 29,99",Kein vorheriger Preis,"€ 29,99 / Stk -",29.09. - 04.10.,2025-09-29,2025-10-04
Damen Kuschelsocken,Esmara,"€ 3,99",Kein vorheriger Preis,"€ 3,99 / Stk -",09.10. - 11.10.,2025-10-09,2025-10-11
Tischdecke,Livarno Home,"€ 4,99",Kein vorheriger Preis,"€ 4,99 / Stk -",29.09. - 04.10.,2025-09-29,2025-10-04
2-in-1-Treppenhochstuhl Born Up Zickzack,Roba,"€ 99,99",Kein vorheriger Preis,"€ 99,99 / Stk -",06.10. - 11.10.,2025-10-06,2025-10-11
Oberflächenschutz,Parkside,"€ 0,99",Kein vorheriger Preis,"€ 0,99 / Stk -",01.10. - 04.10.,2025-10-01,2025-10-04
Haushaltshelfer,Jes Collection,"€ 2,00",Kein vorheriger Preis,"€ 2,00 / Stk -",29.09. - 04.10.,2025-09-29,2025-10-04
Kreuzlinienlaser mit Stativ PKLL 10 B5,Parkside,"€ 24,99",Kein vorheriger Preis,"€ 24,99 / Stk -",01.10. - 04.10.,2025-10-01,2025-10-04
Tischwasserfilter,Brita,"€ 39,99",Kein vorheriger Preis,"€ 39,99 / Stk -",29.09. - 04.10.,2025-09-29,2025-10-04
Mineralwasser,Gerolsteiner,"€ 0,79",Kein vorheriger Preis,"€ 0,53 / l -",09.10. - 11.10.,2025-10-09,2025-10-11
Wasserfilterkartuschen Maxtra Pro All-in-1,Brita,"€ 11,99",Kein vorheriger Preis,"€ 11,99 / Stk -",29.09. - 04.10.,2025-09-29,2025-10-04
Kitchen Tools Pizzaofen SPOH 1200,SilverCrest,"€ 49,99",Kein vorheriger Preis,"€ 49,99 / Stk -",06.10. - 11.10.,2025-10-06,2025-10-11
Tzatziki,Eridanous,"€ 1,69",Kein vorheriger Preis,"€ 6,76 / kg -",01.10. - 04.10.,2025-10-01,2025-10-04
Schubladenbox,Livarno Home,"€ 9,99",Kein vorheriger Preis,"€ 9,99 / Stk -",06.10. - 11.10.,2025-10-06,2025-10-11
Rinder­bäckchen,Deluxe,"€ 8,99",Kein vorheriger Preis,"€ 22,47 / kg -",06.10. - 11.10.,2025-10-06,2025-10-11
Kaergarden Butter,Arla,"€ 1,99",Kein vorheriger Preis,"€ 7,96 / kg -",06.10. - 11.10.,2025-10-06,2025-10-11
Creme Fraiche,Milbona,"€ 1,09",Kein vorheriger Preis,"€ 5,45 / kg -",06.10. - 11.10.,2025-10-06,2025-10-11
Gabel Ringschlüsselsatz 25-teilig,Parkside,"€ 29,99",Kein vorheriger Preis,"€ 1,20 / Stk -",01.10. - 04.10.,2025-10-01,2025-10-04
Schoko-Lollys,Favorina,"€ 1,99",Kein vorheriger Preis,"€ 13,27 / kg -",29.09. - 04.10.,2025-09-29,2025-10-04
Agiorgitiko Rotwein,Nemea,"€ 4,89",Kein vorheriger Preis,"€ 6,52 / l -",01.10. - 04.10.,2025-10-01,2025-10-04
Stielkasserolle Kupfer 16 cm,SilverCrest,"€ 39,99",Kein vorheriger Preis,"€ 39,99 / Stk -",06.10. - 11.10.,2025-10-06,2025-10-11
Edelmarzipan-Baumstamm,Favorina,"€ 0,99",Kein vorheriger Preis,"€ 9,90 / kg -",29.09. - 04.10.,2025-09-29,2025-10-04
Kinder Thermo-Langarmshirts 2er Set,Lupilu,"€ 7,99",Kein vorheriger Preis,"€ 7,99 / Stk -",06.10. - 11.10.,2025-10-06,2025-10-11
Food in a Bottle,Tasty,"€ 2,49",Kein vorheriger Preis,"€ 4,98 / l -",06.10. - 11.10.,2025-10-06,2025-10-11
Cremiger Hirtenkäse,Eridanous,"€ 2,29",Kein vorheriger Preis,"€ 13,09 / kg -",01.10. - 04.10.,2025-10-01,2025-10-04
Topf Kupfer 24 cm,SilverCrest,"€ 59,99",Kein vorheriger Preis,"€ 59,99 / Stk -",06.10. - 11.10.,2025-10-06,2025-10-11
Krustenschinkenbraten,Deluxe,"€ 1,99",Kein vorheriger Preis,"€ 16,58 / kg -",06.10. - 11.10.,2025-10-06,2025-10-11
Lübecker Edelmarzipan,Favorina,"€ 1,49",Kein vorheriger Preis,"€ 11,92 / kg -",29.09. - 04.10.,2025-09-29,2025-10-04
Bügeltischbezug Perfekt Fit,Vileda,"€ 9,99",Kein vorheriger Preis,"€ 9,99 / Stk -",09.10. - 11.10.,2025-10-09,2025-10-11
Kinder Schneejacke,Lupilu,"€ 12,99",Kein vorheriger Preis,"€ 12,99 / Stk -",06.10. - 11.10.,2025-10-06,2025-10-11
LED-Handbrause,Livarno Home,"€ 9,99",Kein vorheriger Preis,"€ 9,99 / Stk -",06.10. - 11.10.,2025-10-06,2025-10-11
Mango,Keine Marke,"€ 0,99",Kein vorheriger Preis,"€ 0,99 / Stk -",29.09. - 04.10.,2025-09-29,2025-10-04
Thermogläser Tavolino,Leonardo,"€ 9,99",Kein vorheriger Preis,"€ 9,99 / Stk -",29.09. - 04.10.,2025-09-29,2025-10-04
Kinder-Ski-Jacke,Crivit,"€ 17,99",Kein vorheriger Preis,"€ 17,99 / Stk -",06.10. - 11.10.,2025-10-06,2025-10-11
Palmenmix,Keine Marke,"€ 6,99",Kein vorheriger Preis,"€ 6,99 / Stk -",29.09. - 04.10.,2025-09-29,2025-10-04
Sockenwolle Anika,Crelando,"€ 4,99",Kein vorheriger Preis,"€ 4,99 / kg -",01.10. - 04.10.,2025-10-01,2025-10-04
Trauben,Keine Marke,"€ 0,99",Kein vorheriger Preis,"€ 1,98 / kg -",01.10. - 04.10.,2025-10-01,2025-10-04
Peanut Chocolate,m&m's,"€ 2,29",Kein vorheriger Preis,"€ 12,72 / kg -",01.10. - 04.10.,2025-10-01,2025-10-04
Heidekraut,Keine Marke,"€ 2,99",Kein vorheriger Preis,"€ 2,99 / Stk -",01.10. - 04.10.,2025-10-01,2025-10-04
Bio-Fruchtjoghurt,Milbona,"€ 0,59",Kein vorheriger Preis,"€ 3,93 / kg -",06.10. - 11.10.,2025-10-06,2025-10-11
Creme zum Kochen,Milbona,"€ 0,89",Kein vorheriger Preis,"€ 3,56 / l -",06.10. - 11.10.,2025-10-06,2025-10-11
Wirsing,Keine Marke,"€ 0,99",Kein vorheriger Preis,"€ 0,99 / kg -",01.10. - 04.10.,2025-10-01,2025-10-04
Jeans-Arbeitsbundhose,Parkside,"€ 19,99",Kein vorheriger Preis,"€ 19,99 / Stk -",01.10. - 04.10.,2025-10-01,2025-10-04
Happy Day Säfte,Rauch,"€ 1,99",Kein vorheriger Preis,"€ 1,99 / l -",01.10. - 04.10.,2025-10-01,2025-10-04
Gemüse,Eridanous,"€ 3,49",Kein vorheriger Preis,"€ 8,84 / kg -",01.10. - 04.10.,2025-10-01,2025-10-04
Waschmittel,Persil,"€ 18,99",Kein vorheriger Preis,"€ 0,19 / Stk -",01.10. - 04.10.,2025-10-01,2025-10-04
Getrocknete Steinpilze,Deluxe,"€ 1,99",Kein vorheriger Preis,"€ 99,50 / kg -",06.10. - 11.10.,2025-10-06,2025-10-11
Halloween Kaubonbon Streifen Wednesday vegan,Keine Marke,"€ 1,49",Kein vorheriger Preis,"€ 7,45 / kg -",06.10. - 11.10.,2025-10-06,2025-10-11
Taschenfederkern-Matratze Emma Express,Emma,"€ 149,00",Kein vorheriger Preis,"€ 149,00 / Stk -",29.09. - 04.10.,2025-09-29,2025-10-04
Naturelle,Volvic,"€ 0,79",Kein vorheriger Preis,"€ 0,53 / l -",01.10. - 04.10.,2025-10-01,2025-10-04
Mediterraner Antipastiteller,Eridanous,"€ 3,99",Kein vorheriger Preis,"€ 9,97 / kg -",01.10. - 04.10.,2025-10-01,2025-10-04
Kinder Schokolade Hohlfigur,Ferrero,"€ 1,29",Kein vorheriger Preis,"€ 36,86 / kg -",06.10. - 11.10.,2025-10-06,2025-10-11
Taschenfederkern-Matratze Emma Original II,Emma,"€ 199,00",Kein vorheriger Preis,"€ 199,00 / Stk -",29.09. - 04.10.,2025-09-29,2025-10-04
Gebäckspezialitäten,Mulino Bianco,"€ 2,22",Kein vorheriger Preis,"€ 8,88 / kg -",29.09. - 04.10.,2025-09-29,2025-10-04
Halloween Kürbis,Keine Marke,"€ 3,49",Kein vorheriger Preis,"€ 17,45 / Stk -",06.10. - 11.10.,2025-10-06,2025-10-11
Chicken Wings XXL,Culinea,"€ 4,99",Kein vorheriger Preis,"€ 4,99 / kg -",29.09. - 04.10.,2025-09-29,2025-10-04
Riesling Scheurebe,Keine Marke,"€ 4,99",Kein vorheriger Preis,"€ 6,65 / l -",06.10. - 11.10.,2025-10-06,2025-10-11
Bad-Seitenschrank Oslo,Livarno Home,"€ 39,99",Kein vorheriger Preis,"€ 39,99 / Stk -",29.09. - 04.10.,2025-09-29,2025-10-04
Damen Hausschuhe,Esmara,"€ 3,99",Kein vorheriger Preis,"€ 3,99 / Stk -",09.10. - 11.10.,2025-10-09,2025-10-11
Bad Lufterfrischer Duftdepot,Febreze,"€ 2,99",Kein vorheriger Preis,"€ 2,99 / Stk -",29.09. - 04.10.,2025-09-29,2025-10-04
High Protein Quarkriegel,Milbona,"€ 0,79",Kein vorheriger Preis,"€ 10,00 / kg -",06.10. - 11.10.,2025-10-06,2025-10-11
LED-Lichtervorhang,Livarno Home,"€ 8,99",Kein vorheriger Preis,"€ 8,99 / Stk -",09.10. - 11.10.,2025-10-09,2025-10-11
Kuscheldecke,Keine Marke,"€ 14,99",Kein vorheriger Preis,"€ 7,50 / Stk -",29.09. - 04.10.,2025-09-29,2025-10-04
Cremefine,Rama,"€ 0,85",Kein vorheriger Preis,"€ 3,40 / l -",01.10. - 04.10.,2025-10-01,2025-10-04
Bad-Hochschrank Oslo,Livarno Home,"€ 39,99",Kein vorheriger Preis,"€ 39,99 / Stk -",29.09. - 04.10.,2025-09-29,2025-10-04
Saft,Valensina,"€ 1,79",Kein vorheriger Preis,"€ 1,79 / l -",29.09. - 04.10.,2025-09-29,2025-10-04
Bademantel,Livarno Home,"€ 9,99",Kein vorheriger Preis,"€ 9,99 / Stk -",06.10. - 11.10.,2025-10-06,2025-10-11
Waschbecken-Unterschränke,Keine Marke,"€ 29,99",Kein vorheriger Preis,"€ 29,99 / Stk -",06.10. - 11.10.,2025-10-06,2025-10-11
Zero Zucker,Pepsi,"€ 0,99",Kein vorheriger Preis,"€ 0,57 / l -",01.10. - 04.10.,2025-10-01,2025-10-04
Thunfischfilets,Nixe,"€ 0,99",Kein vorheriger Preis,"€ 6,60 / kg -",29.09. - 04.10.,2025-09-29,2025-10-04
Taschenbuch,Keine Marke,"€ 3,99",Kein vorheriger Preis,"€ 3,99 / Stk -",06.10. - 11.10.,2025-10-06,2025-10-11
Damen Sweathoodie,Keine Marke,"€ 12,99",Kein vorheriger Preis,"€ 12,99 / Stk -",29.09. - 04.10.,2025-09-29,2025-10-04
Finocchiona,Deluxe,"€ 2,79",Kein vorheriger Preis,"€ 27,90 / kg -",06.10. - 11.10.,2025-10-06,2025-10-11
Auslese Klassisch,Melitta,"€ 6,79",Kein vorheriger Preis,"€ 13,58 / kg -",01.10. - 04.10.,2025-10-01,2025-10-04
Minis,Nestlé,"€ 2,49",Kein vorheriger Preis,"€ 10,64 / kg -",29.09. - 04.10.,2025-09-29,2025-10-04
Kalbsmedaillons,Grillmeister,"€ 6,49",Kein vorheriger Preis,"€ 24,04 / kg -",29.09. - 04.10.,2025-09-29,2025-10-04
Steckdosenrondell,Tronic,"€ 12,99",Kein vorheriger Preis,"€ 12,99 / Stk -",09.10. - 11.10.,2025-10-09,2025-10-11
Macarons,Deluxe,"€ 3,49",Kein vorheriger Preis,"€ 24,24 / kg -",06.10. - 11.10.,2025-10-06,2025-10-11
Natives Olivenöl extra,Eridanous,"€ 9,99",Kein vorheriger Preis,"€ 9,99 / l -",01.10. - 04.10.,2025-10-01,2025-10-04
Silikon Tarteletteform,Coox,"€ 11,99",Kein vorheriger Preis,"€ 11,99 / Stk -",29.09. - 04.10.,2025-09-29,2025-10-04
Milch Reis,Müller,"€ 0,39",Kein vorheriger Preis,"€ 1,95 / kg -",29.09. - 04.10.,2025-09-29,2025-10-04
Kalamata-Oliven,Eridanous,"€ 1,69",Kein vorheriger Preis,"€ 8,45 / kg -",01.10. - 04.10.,2025-10-01,2025-10-04
Premium Rindersteak,Metzgerfrisch,"€ 3,90",Kein vorheriger Preis,"€ 13,00 / kg -",29.09. - 04.10.,2025-09-29,2025-10-04
LED-Deckenleuchte,Livarno Home,"€ 19,99",Kein vorheriger Preis,"€ 19,99 / Stk -",06.10. - 11.10.,2025-10-06,2025-10-11
Ähre Weizenmehl,Keine Marke,"€ 1,29",Kein vorheriger Preis,"€ 0,65 / kg -",09.10. - 11.10.,2025-10-09,2025-10-11
Duroplast-WC-Sitz,Livarno Home,"€ 12,49",Kein vorheriger Preis,"€ 12,49 / Stk -",06.10. - 11.10.,2025-10-06,2025-10-11
Gouda Jung,Milbona,"€ 4,99",Kein vorheriger Preis,"€ 7,13 / kg -",06.10. - 11.10.,2025-10-06,2025-10-11
Birnen,Keine Marke,"€ 2,29",Kein vorheriger Preis,"€ 0,57 / Stk -",06.10. - 11.10.,2025-10-06,2025-10-11
Silikon Auflaufform XL,Coox,"€ 15,99",Kein vorheriger Preis,"€ 15,99 / Stk -",29.09. - 04.10.,2025-09-29,2025-10-04
Haltbare Milch,Weihenstephan,"€ 1,19",Kein vorheriger Preis,"€ 1,19 / l -",09.10. - 11.10.,2025-10-09,2025-10-11
Fresh Grapes Raki,Efe,"€ 12,99",Kein vorheriger Preis,"€ 18,56 / l -",01.10. - 11.10.,2025-10-01,2025-10-11
Schweine-Hackfleisch XXL,Metzgerfrisch,"€ 4,49",Kein vorheriger Preis,"€ 4,49 / kg -",29.09. - 04.10.,2025-09-29,2025-10-04
Cashewkerne XXL,Alesto,"€ 2,99",Kein vorheriger Preis,"€ 11,96 / kg -",06.10. - 11.10.,2025-10-06,2025-10-11
Mandarinen,Keine Marke,"€ 3,29",Kein vorheriger Preis,"€ 2,19 / kg -",06.10. - 11.10.,2025-10-06,2025-10-11
Herren-Sweathose,Adidas,"€ 34,99",Kein vorheriger Preis,"€ 34,99 / Stk -",29.09. - 04.10.,2025-09-29,2025-10-04
Hängeregal,Livarno Home,"€ 7,99",Kein vorheriger Preis,"€ 7,99 / Stk -",06.10. - 11.10.,2025-10-06,2025-10-11
Schokoriegel,Bounty,"€ 2,99",Kein vorheriger Preis,"€ 11,63 / kg -",09.10. - 11.10.,2025-10-09,2025-10-11
Blanc Wein Aperitif,L’arrivée,"€ 6,79",Kein vorheriger Preis,"€ 9,05 / l -",01.10. - 11.10.,2025-10-01,2025-10-11
Schnittkäse,Fol Epi,"€ 2,99",Kein vorheriger Preis,"€ 12,72 / kg -",06.10. - 11.10.,2025-10-06,2025-10-11
Zottarella Rolle Classic,Zott,"€ 1,99",Kein vorheriger Preis,"€ 9,95 / kg -",06.10. - 11.10.,2025-10-06,2025-10-11
Funny Mushrooms,Cool,"€ 4,99",Kein vorheriger Preis,"€ 8,32 / kg -",06.10. - 11.10.,2025-10-06,2025-10-11
Monalie Cotes de Provence,Keine Marke,"€ 5,99",Kein vorheriger Preis,"€ 7,99 / l -",09.10. - 11.10.,2025-10-09,2025-10-11
Parallel-Schraubstock,Parkside,"€ 24,99",Kein vorheriger Preis,"€ 24,99 / Stk -",01.10. - 04.10.,2025-10-01,2025-10-04
Herren-Socken 3 Paar Crew Socks,Adidas,"€ 12,99",Kein vorheriger Preis,"€ 4,33 / Stk -",29.09. - 04.10.,2025-09-29,2025-10-04
All-in-One Style Kit MGK3410,Braun,"€ 24,99",Kein vorheriger Preis,"€ 24,99 / Stk -",06.10. - 11.10.,2025-10-06,2025-10-11
Mundspülung,Listerine,"€ 6,79",Kein vorheriger Preis,"€ 5,66 / l -",09.10. - 11.10.,2025-10-09,2025-10-11
Frühlings Quark,Milram,"€ 1,99",Kein vorheriger Preis,"€ 5,25 / kg -",06.10. - 11.10.,2025-10-06,2025-10-11
Stand-Bandschleifer PSBS 240 C2,Parkside,"€ 39,99",Kein vorheriger Preis,"€ 39,99 / Stk -",01.10. - 04.10.,2025-10-01,2025-10-04
Lebkuchen,Favorina,"€ 3,49",Kein vorheriger Preis,"€ 5,82 / kg -",06.10. - 11.10.,2025-10-06,2025-10-11
Besteck-Set Trend 30-tlg.,Silit,"€ 44,99",Kein vorheriger Preis,"€ 1,50 / Stk -",06.10. - 11.10.,2025-10-06,2025-10-11
Delikatess Lachsschinken,Dulano,"€ 2,49",Kein vorheriger Preis,"€ 16,60 / kg -",29.09. - 04.10.,2025-09-29,2025-10-04
Schoko Lebkuchen,Favorina,"€ 3,99",Kein vorheriger Preis,"€ 7,98 / kg -",06.10. - 11.10.,2025-10-06,2025-10-11
Nähmaschinentasche,TopMove,"€ 12,99",Kein vorheriger Preis,"€ 12,99 / Stk -",01.10. - 04.10.,2025-10-01,2025-10-04
EdelstahlIsolierbecher,SilverCrest,"€ 5,99",Kein vorheriger Preis,"€ 5,99 / Stk -",06.10. - 11.10.,2025-10-06,2025-10-11
LED Leuchtstern,Livarno Home,"€ 14,99",Kein vorheriger Preis,"€ 14,99 / Stk -",09.10. - 11.10.,2025-10-09,2025-10-11
O’s Classic,Halloren,"€ 1,29",Kein vorheriger Preis,"€ 10,32 / kg -",06.10. - 11.10.,2025-10-06,2025-10-11
Schoko-Lollys,Favorina,"€ 2,49",Kein vorheriger Preis,"€ 16,60 / kg -",06.10. - 11.10.,2025-10-06,2025-10-11
Küchenmaschine,Kenwood,"€ 219,00",Kein vorheriger Preis,"€ 219,00 / Stk -",06.10. - 11.10.,2025-10-06,2025-10-11
Caffé Latte Cappuccino,Emmi,"€ 3,49",Kein vorheriger Preis,"€ 5,37 / l -",06.10. - 11.10.,2025-10-06,2025-10-11
Delikatess Schinken­würfel XXL,Dulano,"€ 2,39",Kein vorheriger Preis,"€ 8,54 / kg -",29.09. - 04.10.,2025-09-29,2025-10-04
Edelmarzipan-Baumstamm,Favorina,"€ 1,29",Kein vorheriger Preis,"€ 12,90 / kg -",06.10. - 11.10.,2025-10-06,2025-10-11
Bugles,Lay's,"€ 0,99",Kein vorheriger Preis,"€ 13,20 / kg -",29.09. - 04.10.,2025-09-29,2025-10-04
Ganzjahresbettdecke,Fjödur,"€ 119,00",Kein vorheriger Preis,"€ 119,00 / Stk -",06.10. - 11.10.,2025-10-06,2025-10-11
Piccolinis Salami,Original Wagner,"€ 4,99",Kein vorheriger Preis,"€ 6,93 / kg -",06.10. - 11.10.,2025-10-06,2025-10-11
Polsterbett Nizza,Juskys,"€ 299,00",Kein vorheriger Preis,"€ 299,00 / Stk -",06.10. - 11.10.,2025-10-06,2025-10-11
Hackfleisch Gemischt,Metzgerfrisch,"€ 7,49",Kein vorheriger Preis,"€ 6,24 / kg -",06.10. - 11.10.,2025-10-06,2025-10-11
Gewürzspekulatius Vegan,Favorina,"€ 1,69",Kein vorheriger Preis,"€ 2,82 / kg -",06.10. - 11.10.,2025-10-06,2025-10-11
Erdnusskerne XXL,Alesto,"€ 3,99",Kein vorheriger Preis,"€ 3,99 / kg -",29.09. - 04.10.,2025-09-29,2025-10-04
Strickmütze,Crivit,"€ 3,99",Kein vorheriger Preis,"€ 3,99 / Stk -",06.10. - 11.10.,2025-10-06,2025-10-11
Winterstiefel,Crivit,"€ 12,99",Kein vorheriger Preis,"€ 12,99 / Stk -",06.10. - 11.10.,2025-10-06,2025-10-11
Damen-Sweatjacke,Crivit,"€ 7,99",Kein vorheriger Preis,"€ 7,99 / Stk -",29.09. - 04.10.,2025-09-29,2025-10-04
Lachsfilet-Portionen,Fischerstolz,"€ 16,99",Kein vorheriger Preis,"€ 16,99 / kg -",06.10. - 11.10.,2025-10-06,2025-10-11
Baumkuchen,Favorina,"€ 4,99",Kein vorheriger Preis,"€ 16,63 / kg -",06.10. - 11.10.,2025-10-06,2025-10-11
Rinder-Cevapcici XXL,Metzgerfrisch,"€ 8,99",Kein vorheriger Preis,"€ 11,24 / kg -",06.10. - 11.10.,2025-10-06,2025-10-11
3D-LED Lichtfiguren,Livarno Home,"€ 44,99",Kein vorheriger Preis,"€ 15,00 / Stk -",09.10. - 11.10.,2025-10-09,2025-10-11
Sägeblattset,Parkside,"€ 7,99",Kein vorheriger Preis,"€ 7,99 / Stk -",09.10. - 11.10.,2025-10-09,2025-10-11
Gnocchi Kürbis,Chef Select,"€ 1,49",Kein vorheriger Preis,"€ 3,31 / kg -",06.10. - 11.10.,2025-10-06,2025-10-11
Maler-Kreppbandset,3M,"€ 3,99",Kein vorheriger Preis,"€ 1,33 / Stk -",01.10. - 04.10.,2025-10-01,2025-10-04
Mildessa Genießer Rotkohl,Hengstenberg,"€ 1,59",Kein vorheriger Preis,"€ 3,98 / kg -",06.10. - 11.10.,2025-10-06,2025-10-11
Push-Up-Board,Crivit,"€ 9,99",Kein vorheriger Preis,"€ 9,99 / Stk -",29.09. - 04.10.,2025-09-29,2025-10-04
Forelle,Fischerstolz,"€ 3,60",Kein vorheriger Preis,"€ 12,00 / kg -",06.10. - 11.10.,2025-10-06,2025-10-11
Selbstaufblasende LED-Weihnachtsfigur,Livarno Home,"€ 34,99",Kein vorheriger Preis,"€ 34,99 / Stk -",09.10. - 11.10.,2025-10-09,2025-10-11
Weißkohl,Keine Marke,"€ 0,89",Kein vorheriger Preis,"€ 0,89 / kg -",06.10. - 11.10.,2025-10-06,2025-10-11
Laser-Entfernungsmesser,Parkside,"€ 13,49",Kein vorheriger Preis,"€ 13,49 / Stk -",09.10. - 11.10.,2025-10-09,2025-10-11
Silikon-Springform,Coox,"€ 9,99",Kein vorheriger Preis,"€ 9,99 / Stk -",29.09. - 04.10.,2025-09-29,2025-10-04
Kinder Multifunktionstuch,Lupilu,"€ 3,99",Kein vorheriger Preis,"€ 3,99 / Stk -",06.10. - 11.10.,2025-10-06,2025-10-11
Akku-Küchenwaage SAKW 10 A1,SilverCrest,"€ 7,99",Kein vorheriger Preis,"€ 7,99 / Stk -",29.09. - 04.10.,2025-09-29,2025-10-04
Fish & Chips XXL,Nordsee,"€ 5,99",Kein vorheriger Preis,"€ 7,49 / kg -",29.09. - 04.10.,2025-09-29,2025-10-04
Maasdamer Lacrème,Milbona,"€ 1,79",Kein vorheriger Preis,"€ 8,95 / kg -",06.10. - 11.10.,2025-10-06,2025-10-11
Mini-Würstchen XXL Pack,Ferdi Fuchs,"€ 2,19",Kein vorheriger Preis,"€ 8,76 / kg -",29.09. - 04.10.,2025-09-29,2025-10-04
Beauty Entwirrbürste,Cien,"€ 2,99",Kein vorheriger Preis,"€ 2,99 / Stk -",06.10. - 11.10.,2025-10-06,2025-10-11
Gugelhupf,Kuchenzauber,"€ 2,49",Kein vorheriger Preis,"€ 4,98 / kg -",06.10. - 11.10.,2025-10-06,2025-10-11
Original,Pringles,"€ 1,89",Kein vorheriger Preis,"€ 11,45 / kg -",29.09. - 04.10.,2025-09-29,2025-10-04
Zitruspresse,Zenker,"€ 2,00",Kein vorheriger Preis,"€ 2,00 / Stk -",29.09. - 04.10.,2025-09-29,2025-10-04
Schweinefilet,Metzgerfrisch,"€ 4,62",Kein vorheriger Preis,"€ 8,88 / kg -",06.10. - 11.10.,2025-10-06,2025-10-11
Mini Nudelholz,Zenker,"€ 2,00",Kein vorheriger Preis,"€ 2,00 / Stk -",29.09. - 04.10.,2025-09-29,2025-10-04
Sprossenwand Athlet 1W,Idealfit,"€ 155,00",Kein vorheriger Preis,"€ 155,00 / Stk -",06.10. - 11.10.,2025-10-06,2025-10-11
Kissen Super Soft,John Cotton,"€ 9,99",Kein vorheriger Preis,"€ 9,99 / Stk -",06.10. - 11.10.,2025-10-06,2025-10-11
Spinat,Iglo,"€ 1,79",Kein vorheriger Preis,"€ 2,39 / kg -",09.10. - 11.10.,2025-10-09,2025-10-11
Bandsäge PBS 350 C3,Parkside,"€ 79,99",Kein vorheriger Preis,"€ 79,99 / Stk -",01.10. - 04.10.,2025-10-01,2025-10-04
Sahnespender,Isi,"€ 29,99",Kein vorheriger Preis,"€ 29,99 / Stk -",29.09. - 04.10.,2025-09-29,2025-10-04
Plyobox,Crivit,"€ 59,99",Kein vorheriger Preis,"€ 59,99 / Stk -",29.09. - 04.10.,2025-09-29,2025-10-04
Omne Bröd Kanelbullar,Keine Marke,"€ 2,79",Kein vorheriger Preis,"€ 6,64 / kg -",06.10. - 11.10.,2025-10-06,2025-10-11
Gefüllte Knusperrollen XXL,Chef Select,"€ 3,99",Kein vorheriger Preis,"€ 3,99 / kg -",09.10. - 11.10.,2025-10-09,2025-10-11
Puppenhaus-Spiel-Set,Gabby's Dollhouse,"€ 59,99",Kein vorheriger Preis,"€ 59,99 / Stk -",06.10. - 11.10.,2025-10-06,2025-10-11
Heimtrainer Ergometer ET 6000,Christopeit Sport,"€ 299,00",Kein vorheriger Preis,"€ 299,00 / Stk -",06.10. - 11.10.,2025-10-06,2025-10-11
Geburtstagskerzen,Livarno Home,"€ 1,00",Kein vorheriger Preis,"€ 0,20 / Stk -",06.10. - 11.10.,2025-10-06,2025-10-11
Crosstrainer CT3 II,Hammer,"€ 199,00",Kein vorheriger Preis,"€ 199,00 / Stk -",29.09. - 04.10.,2025-09-29,2025-10-04
Mädchen Pyjama,DreamWorks Animation,"€ 5,99",Kein vorheriger Preis,"€ 5,99 / Stk -",06.10. - 11.10.,2025-10-06,2025-10-11
Rührkuchen XXL,Kuchenzauber,"€ 1,89",Kein vorheriger Preis,"€ 3,78 / kg -",29.09. - 04.10.,2025-09-29,2025-10-04
Damen-Hausanzug,Esmara,"€ 14,99",Kein vorheriger Preis,"€ 14,99 / Stk -",06.10. - 11.10.,2025-10-06,2025-10-11
Alugussbräter Karree,ELO,"€ 39,99",Kein vorheriger Preis,"€ 39,99 / Stk -",06.10. - 11.10.,2025-10-06,2025-10-11
Akku-Bohrschrauberset PABS 20-Li G8,Parkside,"€ 24,99",Kein vorheriger Preis,"€ 24,99 / Stk -",01.10. - 04.10.,2025-10-01,2025-10-04
Salami Sticks XXL,Dulano,"€ 1,99",Kein vorheriger Preis,"€ 16,58 / kg -",29.09. - 04.10.,2025-09-29,2025-10-04
Herren Schlafshirt,Esmara,"€ 3,99",Kein vorheriger Preis,"€ 3,99 / Stk -",06.10. - 11.10.,2025-10-06,2025-10-11
Geschirrset 16­-tlg.,Mövenpick,"€ 30,99",Kein vorheriger Preis,"€ 1,94 / Stk -",06.10. - 11.10.,2025-10-06,2025-10-11
Prinzen Rolle,DeBeukelaer,"€ 1,69",Kein vorheriger Preis,"€ 3,76 / kg -",29.09. - 04.10.,2025-09-29,2025-10-04
Frucht Kaubonbons,Sweet Corner,"€ 1,69",Kein vorheriger Preis,"€ 3,38 / kg -",06.10. - 11.10.,2025-10-06,2025-10-11
Küchenhelfer,SilverCrest,"€ 1,99",Kein vorheriger Preis,"€ 1,99 / Stk -",29.09. - 04.10.,2025-09-29,2025-10-04
Baby Wagenoverall,Lupilu,"€ 14,99",Kein vorheriger Preis,"€ 14,99 / Stk -",06.10. - 11.10.,2025-10-06,2025-10-11
Men 7 Paar Socken,Esmara,"€ 4,99",Kein vorheriger Preis,"€ 0,71 / Stk -",01.10. - 04.10.,2025-10-01,2025-10-04
Quarkbällchen,Lidl Backshop,"€ 1,49",Kein vorheriger Preis,"€ 8,87 / kg -",29.09. - 04.10.,2025-09-29,2025-10-04
Ortungsgerät PPOG 120 A1,Parkside,"€ 49,99",Kein vorheriger Preis,"€ 49,99 / Stk -",06.10. - 11.10.,2025-10-06,2025-10-11
Backzubehör,SilverCrest,"€ 9,99",Kein vorheriger Preis,"€ 9,99 / Stk -",29.09. - 04.10.,2025-09-29,2025-10-04
Gebackene Hähnchenbrust,Dulano,"€ 1,49",Kein vorheriger Preis,"€ 18,63 / kg -",29.09. - 04.10.,2025-09-29,2025-10-04
