Produkt,Marke,Preis,Vorheriger Preis,Preis_kg,Hinweis,Nur_online,Gueltig_raw,Gueltig_von,Gueltig_bis,Bildpfad
Rouladen vom Rind,Keine Marke,"€ 1,49",Kein vorheriger Preis,14.90 / kg,"küchenfertig, aus der Keule, ca. 1 kg",Nein,"Wochenangebote gültig von Montag, 15.12.25 - Samstag, 20.12.25",15.12.25,20.12.25,images_netto/netto_offer_001.png
Rotkäppchen Sekt oder Fruchtsecco,Keine Marke,"€ 2,49",Kein vorheriger Preis,3.32 / l,versch. Sorten,Nein,"Wochenangebote gültig von Montag, 15.12.25 - Samstag, 20.12.25",15.12.25,20.12.25,images_netto/netto_offer_002.png
Orangen,Keine Marke,"€ 2,22",Kein vorheriger Preis,1.11 / kg,"Griechenland/Spanien, Kl. I",Nein,"Wochenangebote gültig von Montag, 15.12.25 - Samstag, 20.12.25",15.12.25,20.12.25,images_netto/netto_offer_003.png
Wiener Würstchen,Keine Marke,"€ 5,55","€ 6,99",Kein Mengenpreis,über Buchenholz geräuchert Regionale Verpackungsabweichungen möglich,Nein,"Wochenangebote gültig von Montag, 15.12.25 - Samstag, 20.12.25",15.12.25,20.12.25,images_netto/netto_offer_004.png
Milka Schokolade,Keine Marke,"€ 0,99",Kein vorheriger Preis,10.42 - 11.- / kg,versch. Sorten,Nein,"Wochenangebote gültig von Montag, 15.12.25 - Samstag, 20.12.25",15.12.25,20.12.25,images_netto/netto_offer_005.png
Lavazza,Keine Marke,"€ 12,99","€ 20,99",Kein Mengenpreis,"ganze Kaffeebohnen, versch. Sorten",Nein,"Wochenangebote gültig von Montag, 15.12.25 - Samstag, 20.12.25",15.12.25,20.12.25,images_netto/netto_offer_006.png
Coca-Cola Kombikiste,Keine Marke,"€ 9,99",Kein vorheriger Preis,0.83 / l,"teilweise koffeinhaltig, versch. Sorten",Nein,"Wochenangebote gültig von Montag, 15.12.25 - Samstag, 20.12.25",15.12.25,20.12.25,images_netto/netto_offer_007.png
Müller Joghurt mit der Ecke,Keine Marke,"€ 0,33",Kein vorheriger Preis,2.20 - 2.92 / kg,"gekühlt, versch. Sorten",Nein,"Wochenangebote gültig von Montag, 15.12.25 - Samstag, 20.12.25",15.12.25,20.12.25,images_netto/netto_offer_008.png
Nuss-Nougat-Croissant,Keine Marke,"€ 1,49","€ 2,07",Kein Mengenpreis,Einzelpreis: 0.69 Gilt nur in Filialen mit Backautomat!,Nein,"Wochenangebote gültig von Montag, 15.12.25 - Samstag, 20.12.25",15.12.25,20.12.25,images_netto/netto_offer_009.png
Ferrero Küsschen,Keine Marke,"€ 2,99",Kein vorheriger Preis,16.80 - 17.38 / kg,"feine Nuss-Spezialitäten, versch. Sorten",Nein,"Wochenangebote gültig von Montag, 15.12.25 - Samstag, 20.12.25",15.12.25,20.12.25,images_netto/netto_offer_010.png
Milram Käsescheiben,Keine Marke,"€ 1,49",Kein vorheriger Preis,9.93 / kg,"gekühlt, versch. Sorten",Nein,"Wochenangebote gültig von Montag, 15.12.25 - Samstag, 20.12.25",15.12.25,20.12.25,images_netto/netto_offer_011.png
Dallmayr Prodomo,Keine Marke,"€ 6,49","€ 10,49",12.98 / kg,"Kaffee gemahlen oder ganze Bohnen, versch. Sorten",Nein,"Wochenangebote gültig von Montag, 15.12.25 - Samstag, 20.12.25",15.12.25,20.12.25,images_netto/netto_offer_012.png
Red Bull Energy Drink,Keine Marke,"€ 1,39","€ 1,89",3.92 / l,"taurin- & koffeinhaltig, versch. Sorten",Nein,"Wochenangebote gültig von Montag, 15.12.25 - Samstag, 20.12.25",15.12.25,20.12.25,images_netto/netto_offer_013.png
Knorr Fix,Keine Marke,"€ 0,49",Kein vorheriger Preis,4.90 - 17.50 / kg,versch. Sorten,Nein,"Wochenangebote gültig von Montag, 15.12.25 - Samstag, 20.12.25",15.12.25,20.12.25,images_netto/netto_offer_014.png
Glücksblatt Toilettenpapier,Keine Marke,"€ 5,99","€ 7,49",Kein Mengenpreis,3-lagig,Nein,"Wochenangebote gültig von Montag, 15.12.25 - Samstag, 20.12.25",15.12.25,20.12.25,images_netto/netto_offer_015.png
Glücksblatt Küchentücher,Keine Marke,"€ 3,99",Kein vorheriger Preis,Kein Mengenpreis,3-lagig,Nein,"Wochenangebote gültig von Montag, 15.12.25 - Samstag, 20.12.25",15.12.25,20.12.25,images_netto/netto_offer_016.png
Servietten,Keine Marke,"€ 0,65","€ 0,75",Kein Mengenpreis,"3-lagig, versch. Farben",Nein,"Wochenangebote gültig von Montag, 15.12.25 - Samstag, 20.12.25",15.12.25,20.12.25,images_netto/netto_offer_017.png
Taschentücher Box,Keine Marke,"€ 0,85","€ 0,95",Kein Mengenpreis,"4-lagig, versch. Designs",Nein,"Wochenangebote gültig von Montag, 15.12.25 - Samstag, 20.12.25",15.12.25,20.12.25,images_netto/netto_offer_018.png
Taschentücher,Keine Marke,"€ 2,99","€ 3,85",Kein Mengenpreis,,Nein,"Wochenangebote gültig von Montag, 15.12.25 - Samstag, 20.12.25",15.12.25,20.12.25,images_netto/netto_offer_019.png
Alcojet Tauschzylinder oder CQC Tauschzylinder,Keine Marke,"€ 4,49",Kein vorheriger Preis,10.56 / kg,reicht für bis zu 60 Liter sprudelndes Wasser blau / 425 g (10.56 / kg) rosa / 425 g (14.09 / kg),Nein,"Wochenangebote gültig von Montag, 15.12.25 - Samstag, 20.12.25",15.12.25,20.12.25,images_netto/netto_offer_020.png
Crystal Wassersprudler,Keine Marke,"€ 69,99","€ 139,99",Kein Mengenpreis,"inkl. 1 CQC-CO-Zylinder, inkl. 1 Glaskaraffe ca. 0,8 Liter",Nein,"Wochenangebote gültig von Montag, 15.12.25 - Samstag, 20.12.25",15.12.25,20.12.25,images_netto/netto_offer_021.png
"Heckenschere, Astschere oder Spaten",Keine Marke,"€ 12,99","€ 17,99",Kein Mengenpreis,versch. Ausführungen,Nein,"Wochenangebote gültig von Montag, 15.12.25 - Samstag, 20.12.25",15.12.25,20.12.25,images_netto/netto_offer_022.png
Herren Hoodie,Keine Marke,"€ 19,99","€ 109,95",Kein Mengenpreis,"Material: 100% Baumwolle, mit Rippbündchen an Saum und Ärmeln Größen: M - 3XL",Nein,"Wochenangebote gültig von Montag, 15.12.25 - Samstag, 20.12.25",15.12.25,20.12.25,images_netto/netto_offer_023.png
Herren Socken,Keine Marke,"€ 9,99",Kein vorheriger Preis,Kein Mengenpreis,"hoher Baumwollanteil, Bio / GOTS Standard Größen: 39/42 – 43/46",Nein,"Wochenangebote gültig von Montag, 15.12.25 - Samstag, 20.12.25",15.12.25,20.12.25,images_netto/netto_offer_024.png
Lego Minifigur,Keine Marke,"€ 3,49",Kein vorheriger Preis,Kein Mengenpreis,versch. Ausführungen,Nein,"Wochenangebote gültig von Montag, 15.12.25 - Samstag, 20.12.25",15.12.25,20.12.25,images_netto/netto_offer_025.png
Kinderbuch,Keine Marke,"€ 2,22",Kein vorheriger Preis,Kein Mengenpreis,versch. Ausführungen,Nein,"Wochenangebote gültig von Montag, 15.12.25 - Samstag, 20.12.25",15.12.25,20.12.25,images_netto/netto_offer_026.png
Plüschkissen,Keine Marke,"€ 4,99","€ 6,99",Kein Mengenpreis,"angenehm weiche Oberfläche, waschbar bis ca. 30°C",Nein,"Wochenangebote gültig von Montag, 15.12.25 - Samstag, 20.12.25",15.12.25,20.12.25,images_netto/netto_offer_027.png
LED Tischleuchte,Keine Marke,"€ 5,99","€ 7,99",Kein Mengenpreis,"dimmbar höhenverstellbar von ca. 11 – 28,5 cm",Nein,"Wochenangebote gültig von Montag, 15.12.25 - Samstag, 20.12.25",15.12.25,20.12.25,images_netto/netto_offer_028.png
3D-Keramiktasse,Keine Marke,"€ 5,99","€ 9,99",Kein Mengenpreis,Füllmenge: ca. 460 ml - 560 ml,Nein,"Wochenangebote gültig von Montag, 15.12.25 - Samstag, 20.12.25",15.12.25,20.12.25,images_netto/netto_offer_029.png
Viva Vital Damen oder Herren Hausschuhe,Keine Marke,"€ 5,99",Kein vorheriger Preis,Kein Mengenpreis,Größen Damen: 38 - 41 / Größen Herren: 42 / 45,Nein,"Wochenangebote gültig von Montag, 15.12.25 - Samstag, 20.12.25",15.12.25,20.12.25,images_netto/netto_offer_030.png
Maniküre und Pediküre-Set,Keine Marke,"€ 7,99","€ 12,99",Kein Mengenpreis,"für Hand, Fuß- und Gesichtspflege, mit edlem Aufbewahrungsetui",Nein,"Wochenangebote gültig von Montag, 15.12.25 - Samstag, 20.12.25",15.12.25,20.12.25,images_netto/netto_offer_031.png
Bratwürste,Keine Marke,"€ 8,49",Kein vorheriger Preis,5.31 / kg,"vom Schwein, grob, 20 Stück",Nein,"Wochenangebote gültig von Montag, 15.12.25 - Samstag, 20.12.25",15.12.25,20.12.25,images_netto/netto_offer_032.png
Hackfleisch gemischt,Keine Marke,"€ 3,49",Kein vorheriger Preis,6.98 / kg,aus 50% Schwein und 50% Rind,Nein,"Wochenangebote gültig von Montag, 15.12.25 - Samstag, 20.12.25",15.12.25,20.12.25,images_netto/netto_offer_033.png
Hähnchen-Oberkeulensteaks,Keine Marke,"€ 2,99",Kein vorheriger Preis,7.48 / kg,"ohne Haut und ohne Knochen, natur",Nein,"Wochenangebote gültig von Montag, 15.12.25 - Samstag, 20.12.25",15.12.25,20.12.25,images_netto/netto_offer_034.png
Mais-Hähnchen,Keine Marke,"€ 4,29",Kein vorheriger Preis,Kein Mengenpreis,"ganz, Hkl. A, ca. 1,4 kg",Nein,"Wochenangebote gültig von Montag, 15.12.25 - Samstag, 20.12.25",15.12.25,20.12.25,images_netto/netto_offer_035.png
Hähnchen-Geschnetzeltes,Keine Marke,"€ 3,79",Kein vorheriger Preis,9.48 / kg,aus der mageren Brust geschnitten,Nein,"Wochenangebote gültig von Montag, 15.12.25 - Samstag, 20.12.25",15.12.25,20.12.25,images_netto/netto_offer_036.png
Bayerische Puten-Ministeaks,Keine Marke,"€ 3,79","€ 4,69",9.48 / kg,aus dem Innenfilet geschnitten,Nein,"Wochenangebote gültig von Montag, 15.12.25 - Samstag, 20.12.25",15.12.25,20.12.25,images_netto/netto_offer_037.png
Schweine-Schnitzel,Keine Marke,"€ 5,99",Kein vorheriger Preis,7.49 / kg,aus der Oberschale,Nein,"Wochenangebote gültig von Montag, 15.12.25 - Samstag, 20.12.25",15.12.25,20.12.25,images_netto/netto_offer_038.png
Wade vom Jungbullen,Keine Marke,"€ 1,29",Kein vorheriger Preis,12.90 / kg,"vakuumverpackt, ca. 1 kg",Nein,"Wochenangebote gültig von Montag, 15.12.25 - Samstag, 20.12.25",15.12.25,20.12.25,images_netto/netto_offer_039.png
Wurst Aufschnitt,Keine Marke,"€ 1,29",Kein vorheriger Preis,10.32 – 12.90 / kg,versch. Sorten Regionale Verpackungsabweichungen möglich,Nein,"Wochenangebote gültig von Montag, 15.12.25 - Samstag, 20.12.25",15.12.25,20.12.25,images_netto/netto_offer_040.png
Münchner Weißwurst,Keine Marke,"€ 2,49",Kein vorheriger Preis,8.30 / kg,mit Petersilie verfeinert,Nein,"Wochenangebote gültig von Montag, 15.12.25 - Samstag, 20.12.25",15.12.25,20.12.25,images_netto/netto_offer_041.png
Österreichische Wurstspezialitäten,Keine Marke,"€ 1,49",Kein vorheriger Preis,18.63 / kg,versch. Sorten,Nein,"Wochenangebote gültig von Montag, 15.12.25 - Samstag, 20.12.25",15.12.25,20.12.25,images_netto/netto_offer_042.png
Prosciutto Cotto,Keine Marke,"€ 1,99",Kein vorheriger Preis,9.95 / kg,,Nein,"Wochenangebote gültig von Montag, 15.12.25 - Samstag, 20.12.25",15.12.25,20.12.25,images_netto/netto_offer_043.png
Meica Curry King,Keine Marke,"€ 1,79","€ 2,69",8.14 / kg,versch. Sorten,Nein,"Wochenangebote gültig von Montag, 15.12.25 - Samstag, 20.12.25",15.12.25,20.12.25,images_netto/netto_offer_044.png
Rohschinkenspezialitäten,Keine Marke,"€ 1,19",Kein vorheriger Preis,14.88 / kg,versch. Sorten,Nein,"Wochenangebote gültig von Montag, 15.12.25 - Samstag, 20.12.25",15.12.25,20.12.25,images_netto/netto_offer_045.png
Schinkenwürfel,Keine Marke,"€ 1,99","€ 2,39",7.96 - 13.27 / kg,versch. Sorten Regionale Verpackungsabweichungen möglich,Nein,"Wochenangebote gültig von Montag, 15.12.25 - Samstag, 20.12.25",15.12.25,20.12.25,images_netto/netto_offer_046.png
Salami-Sortiment,Keine Marke,"€ 1,29","€ 2,29",16.13 / kg,versch. Sorten,Nein,"Wochenangebote gültig von Montag, 15.12.25 - Samstag, 20.12.25",15.12.25,20.12.25,images_netto/netto_offer_047.png
Zwiebeln,Keine Marke,"€ 2,49",Kein vorheriger Preis,0.50 / kg,"Deutschland, Kl. II",Nein,"Wochenangebote gültig von Montag, 15.12.25 - Samstag, 20.12.25",15.12.25,20.12.25,images_netto/netto_offer_048.png
Speisekartoffeln,Keine Marke,"€ 3,99",Kein vorheriger Preis,0.40 / kg,Deutschland,Nein,"Wochenangebote gültig von Montag, 15.12.25 - Samstag, 20.12.25",15.12.25,20.12.25,images_netto/netto_offer_049.png
Mini-Romana Salat,Keine Marke,"€ 0,99",Kein vorheriger Preis,Kein Mengenpreis,"Spanien, Kl. I",Nein,"Wochenangebote gültig von Montag, 15.12.25 - Samstag, 20.12.25",15.12.25,20.12.25,images_netto/netto_offer_050.png
Champignon braun,Keine Marke,"€ 1,79",Kein vorheriger Preis,4.48 / kg,"Polen, Kl. I",Nein,"Wochenangebote gültig von Montag, 15.12.25 - Samstag, 20.12.25",15.12.25,20.12.25,images_netto/netto_offer_051.png
Suppengemüse,Keine Marke,"€ 1,11","€ 1,29",2.22 / kg,,Nein,"Wochenangebote gültig von Montag, 15.12.25 - Samstag, 20.12.25",15.12.25,20.12.25,images_netto/netto_offer_052.png
Mini Cherryrispentomaten,Keine Marke,"€ 2,49",Kein vorheriger Preis,12.45 / kg,"Niederlande, Kl. I",Nein,"Wochenangebote gültig von Montag, 15.12.25 - Samstag, 20.12.25",15.12.25,20.12.25,images_netto/netto_offer_053.png
Möhren,Keine Marke,"€ 1,11",Kein vorheriger Preis,0.56 / kg,"Deutschland, Kl. I",Nein,"Wochenangebote gültig von Montag, 15.12.25 - Samstag, 20.12.25",15.12.25,20.12.25,images_netto/netto_offer_054.png
Kiwi grün,Keine Marke,"€ 0,29",Kein vorheriger Preis,Kein Mengenpreis,"Italien/Griechenland, Kl. I",Nein,"Wochenangebote gültig von Montag, 15.12.25 - Samstag, 20.12.25",15.12.25,20.12.25,images_netto/netto_offer_055.png
Mandarinen,Keine Marke,"€ 2,49","€ 2,99",Kein Mengenpreis,"Spanien/Italien, Kl. I",Nein,"Wochenangebote gültig von Montag, 15.12.25 - Samstag, 20.12.25",15.12.25,20.12.25,images_netto/netto_offer_056.png
Erdbeeren,Keine Marke,"€ 1,99","€ 2,49",7.96 / kg,"Griechenland/Ägypten, Kl. I",Nein,"Wochenangebote gültig von Montag, 15.12.25 - Samstag, 20.12.25",15.12.25,20.12.25,images_netto/netto_offer_057.png
Chiquita Bananen,Keine Marke,"€ 1,99",Kein vorheriger Preis,Kein Mengenpreis,"Costa Rica, Ecuador",Nein,"Wochenangebote gültig von Montag, 15.12.25 - Samstag, 20.12.25",15.12.25,20.12.25,images_netto/netto_offer_058.png
Trauben hell,Keine Marke,"€ 1,99",Kein vorheriger Preis,3.98 / kg,"Peru/Brasilien, Kl. I, kernlos",Nein,"Wochenangebote gültig von Montag, 15.12.25 - Samstag, 20.12.25",15.12.25,20.12.25,images_netto/netto_offer_059.png
Chiquita Mango,Keine Marke,"€ 0,79",Kein vorheriger Preis,Kein Mengenpreis,"Brasilien, Kl. I",Nein,"Wochenangebote gültig von Montag, 15.12.25 - Samstag, 20.12.25",15.12.25,20.12.25,images_netto/netto_offer_060.png
Pomelo Sweetie,Keine Marke,"€ 0,99",Kein vorheriger Preis,Kein Mengenpreis,"Israel, Kl. I",Nein,"Wochenangebote gültig von Montag, 15.12.25 - Samstag, 20.12.25",15.12.25,20.12.25,images_netto/netto_offer_061.png
Longlife Rose,Keine Marke,"€ 6,99",Kein vorheriger Preis,Kein Mengenpreis,"haltbare Rose in modernem Dekogestell, ca. 18 cm hoch, min. 12 Monate haltbar",Nein,"Wochenangebote gültig von Montag, 15.12.25 - Samstag, 20.12.25",15.12.25,20.12.25,images_netto/netto_offer_062.png
Orchidee,Keine Marke,"€ 9,99",Kein vorheriger Preis,Kein Mengenpreis,"ca. 50 – 70 cm hoch versch. Farben, Ø = 12 cm",Nein,"Wochenangebote gültig von Montag, 15.12.25 - Samstag, 20.12.25",15.12.25,20.12.25,images_netto/netto_offer_063.png
Amaryllis,Keine Marke,"€ 4,99",Kein vorheriger Preis,Kein Mengenpreis,"2er mit Kiefer, ca. 50 cm lang",Nein,"Wochenangebote gültig von Montag, 15.12.25 - Samstag, 20.12.25",15.12.25,20.12.25,images_netto/netto_offer_064.png
Anthurie,Keine Marke,"€ 4,49",Kein vorheriger Preis,Kein Mengenpreis,"ca. 30 cm hoch, versch. Ausführungen, Ø = 10 cm",Nein,"Wochenangebote gültig von Montag, 15.12.25 - Samstag, 20.12.25",15.12.25,20.12.25,images_netto/netto_offer_065.png
Kalanchoe,Keine Marke,"€ 2,99",Kein vorheriger Preis,Kein Mengenpreis,"ca. 25 cm hoch, versch. Farben, Ø = 12 cm",Nein,"Wochenangebote gültig von Montag, 15.12.25 - Samstag, 20.12.25",15.12.25,20.12.25,images_netto/netto_offer_066.png
geglitterter Weihnachtsstern,Keine Marke,"€ 3,49",Kein vorheriger Preis,Kein Mengenpreis,"ca. 30 cm hoch, Ø = 12 cm",Nein,"Wochenangebote gültig von Montag, 15.12.25 - Samstag, 20.12.25",15.12.25,20.12.25,images_netto/netto_offer_067.png
Christrosen Arrangement,Keine Marke,"€ 6,99",Kein vorheriger Preis,Kein Mengenpreis,"Helleborus ca. 30 cm hoch, Ø = 13 cm",Nein,"Wochenangebote gültig von Montag, 15.12.25 - Samstag, 20.12.25",15.12.25,20.12.25,images_netto/netto_offer_068.png
True Fruits Smoothie,Keine Marke,"€ 2,99","€ 4,69",3.99 / l,"gekühlt, versch. Sorten",Nein,"Wochenangebote gültig von Montag, 15.12.25 - Samstag, 20.12.25",15.12.25,20.12.25,images_netto/netto_offer_069.png
Galbani Mascarpone,Keine Marke,"€ 4,44",Kein vorheriger Preis,8.88 / kg,,Nein,"Wochenangebote gültig von Montag, 15.12.25 - Samstag, 20.12.25",15.12.25,20.12.25,images_netto/netto_offer_070.png
Müller Doppeldecker oder Wackelpudding,Keine Marke,"€ 0,99","€ 1,59",1.98 / kg,"gekühlt, versch. Sorten",Nein,"Wochenangebote gültig von Montag, 15.12.25 - Samstag, 20.12.25",15.12.25,20.12.25,images_netto/netto_offer_071.png
Weihenstephan Cremig & Quarkig,Keine Marke,"€ 0,49","€ 0,69",3.27 / kg,"gekühlt, versch. Sorten",Nein,"Wochenangebote gültig von Montag, 15.12.25 - Samstag, 20.12.25",15.12.25,20.12.25,images_netto/netto_offer_072.png
Dahlhoff Aioli-Creme,Keine Marke,"€ 1,79",Kein vorheriger Preis,7.16 / kg,gekühlt,Nein,"Wochenangebote gültig von Montag, 15.12.25 - Samstag, 20.12.25",15.12.25,20.12.25,images_netto/netto_offer_073.png
Meggle Reibekäse,Keine Marke,"€ 1,79",Kein vorheriger Preis,11.93 / kg,"gekühlt, versch. Sorten",Nein,"Wochenangebote gültig von Montag, 15.12.25 - Samstag, 20.12.25",15.12.25,20.12.25,images_netto/netto_offer_074.png
Mozzarella Stange,Keine Marke,"€ 2,49",Kein vorheriger Preis,6.23 / kg,gekühlt,Nein,"Wochenangebote gültig von Montag, 15.12.25 - Samstag, 20.12.25",15.12.25,20.12.25,images_netto/netto_offer_075.png
Pizzateig XXL,Keine Marke,"€ 1,29","€ 1,29",1.82 / kg,gekühlt,Nein,"Wochenangebote gültig von Montag, 15.12.25 - Samstag, 20.12.25",15.12.25,20.12.25,images_netto/netto_offer_076.png
Frische Vollmilch,Keine Marke,"€ 2,70","€ 2,70",1.-,"gekühlt, 3,8% Fett Einzelpreis: 1.35",Nein,"Wochenangebote gültig von Montag, 15.12.25 - Samstag, 20.12.25",15.12.25,20.12.25,images_netto/netto_offer_077.png
Woerle Gourmet Bergkäse Stück,Keine Marke,"€ 2,99",Kein vorheriger Preis,14.95 / kg,gekühlt,Nein,"Wochenangebote gültig von Montag, 15.12.25 - Samstag, 20.12.25",15.12.25,20.12.25,images_netto/netto_offer_078.png
Ehrmann Grand Dessert,Keine Marke,"€ 0,59","€ 1,19",3.11 / kg,"gekühlt, versch. Sorten",Nein,"Wochenangebote gültig von Montag, 15.12.25 - Samstag, 20.12.25",15.12.25,20.12.25,images_netto/netto_offer_079.png
Rama,Keine Marke,"€ 1,99",Kein vorheriger Preis,2.74 / kg,,Nein,"Wochenangebote gültig von Montag, 15.12.25 - Samstag, 20.12.25",15.12.25,20.12.25,images_netto/netto_offer_080.png
Berchtesgadener Land Topfen,Keine Marke,"€ 1,19",Kein vorheriger Preis,2.38 / kg,"gekühlt, Bayerischer Speisequark",Nein,"Wochenangebote gültig von Montag, 15.12.25 - Samstag, 20.12.25",15.12.25,20.12.25,images_netto/netto_offer_081.png
Frosty Peach oder Mango Ice Cream,Keine Marke,"€ 1,99","€ 2,99",28.43 / kg,tiefgekühlt,Nein,"Wochenangebote gültig von Montag, 15.12.25 - Samstag, 20.12.25",15.12.25,20.12.25,images_netto/netto_offer_082.png
Dessert Ei,Keine Marke,"€ 1,49",Kein vorheriger Preis,21.29 / kg,"gekühlt, versch. Sorten",Nein,"Wochenangebote gültig von Montag, 15.12.25 - Samstag, 20.12.25",15.12.25,20.12.25,images_netto/netto_offer_083.png
"Kinder Maxi King, Milchschnitte und Kinder Pingui",Keine Marke,"€ 1,49","€ 1,89",10.64 - 14.19 / kg,"gekühlt, versch. Sorten",Nein,"Wochenangebote gültig von Montag, 15.12.25 - Samstag, 20.12.25",15.12.25,20.12.25,images_netto/netto_offer_084.png
Schokolierte Früchte,Keine Marke,"€ 6,98","€ 6,98",23.08 / kg,"tiefgekühlt, versch. Sorten Einzelpreis: 3.49 (26.85 / kg)",Nein,"Wochenangebote gültig von Montag, 15.12.25 - Samstag, 20.12.25",15.12.25,20.12.25,images_netto/netto_offer_085.png
Iglo Spinat,Keine Marke,"€ 1,99",Kein vorheriger Preis,2.65 - 3.98 / kg,"tiefgekühlt, versch. Sorten",Nein,"Wochenangebote gültig von Montag, 15.12.25 - Samstag, 20.12.25",15.12.25,20.12.25,images_netto/netto_offer_086.png
Wagner Steinofen Pizza oder Flammkuchen,Keine Marke,"€ 1,89",Kein vorheriger Preis,5.40 - 6.30 / kg,"tiefgekühlt, versch. Sorten",Nein,"Wochenangebote gültig von Montag, 15.12.25 - Samstag, 20.12.25",15.12.25,20.12.25,images_netto/netto_offer_087.png
Langnese Cremissimo Eis,Keine Marke,"€ 1,79","€ 3,99",1.38 – 2.17 / l,"tiefgekühlt, versch. Sorten",Nein,"Wochenangebote gültig von Montag, 15.12.25 - Samstag, 20.12.25",15.12.25,20.12.25,images_netto/netto_offer_088.png
Wildlachsfilet,Keine Marke,"€ 5,99","€ 6,99",8.56 / kg,"versch. Sorten, tiefgekühlt",Nein,"Wochenangebote gültig von Montag, 15.12.25 - Samstag, 20.12.25",15.12.25,20.12.25,images_netto/netto_offer_089.png
Französische Käseplatte,Keine Marke,"€ 6,99",Kein vorheriger Preis,23.30 / kg,gekühlt,Nein,"Wochenangebote gültig von Montag, 15.12.25 - Samstag, 20.12.25",15.12.25,20.12.25,images_netto/netto_offer_090.png
Cremeux de Normandie,Keine Marke,"€ 2,79",Kein vorheriger Preis,13.95 / kg,gekühlt,Nein,"Wochenangebote gültig von Montag, 15.12.25 - Samstag, 20.12.25",15.12.25,20.12.25,images_netto/netto_offer_091.png
Caldenhof Forelle Caviar,Keine Marke,"€ 4,49",Kein vorheriger Preis,89.80 / kg,gekühlt,Nein,"Wochenangebote gültig von Montag, 15.12.25 - Samstag, 20.12.25",15.12.25,20.12.25,images_netto/netto_offer_092.png
Himalaya Salz,Keine Marke,"€ 1,99",Kein vorheriger Preis,6.63 / kg,"Speisesalz, mit Bambus Dosierlöffel gratis, versch. Sorten",Nein,"Wochenangebote gültig von Montag, 15.12.25 - Samstag, 20.12.25",15.12.25,20.12.25,images_netto/netto_offer_093.png
Birnstingl Steirisches Kürbiskernöl,Keine Marke,"€ 4,99","€ 5,99",19.96 / l,,Nein,"Wochenangebote gültig von Montag, 15.12.25 - Samstag, 20.12.25",15.12.25,20.12.25,images_netto/netto_offer_094.png
Antipasti di Mare,Keine Marke,"€ 4,44","€ 4,99",15.86 / kg,versch. Sorten,Nein,"Wochenangebote gültig von Montag, 15.12.25 - Samstag, 20.12.25",15.12.25,20.12.25,images_netto/netto_offer_095.png
Lachs Carpaccio,Keine Marke,"€ 3,99",Kein vorheriger Preis,32.18 / kg,"gekühlt, mit 14g Vinaigrette + 10 g Parmigiano Reggiano",Nein,"Wochenangebote gültig von Montag, 15.12.25 - Samstag, 20.12.25",15.12.25,20.12.25,images_netto/netto_offer_096.png
Carpaccio,Keine Marke,"€ 3,49",Kein vorheriger Preis,29.08 / kg,vom irischen Weiderind,Nein,"Wochenangebote gültig von Montag, 15.12.25 - Samstag, 20.12.25",15.12.25,20.12.25,images_netto/netto_offer_097.png
Antipasti Teller Mix,Keine Marke,"€ 4,99",Kein vorheriger Preis,10.73 - 12.79 / kg,gekühlt,Nein,"Wochenangebote gültig von Montag, 15.12.25 - Samstag, 20.12.25",15.12.25,20.12.25,images_netto/netto_offer_098.png
BioBio Antipasti,Keine Marke,"€ 2,59",Kein vorheriger Preis,14.39 / kg,versch. Sorten,Nein,"Wochenangebote gültig von Montag, 15.12.25 - Samstag, 20.12.25",15.12.25,20.12.25,images_netto/netto_offer_099.png
Italienische handgelegte Aperitivo Platte,Keine Marke,"€ 9,99",Kein vorheriger Preis,31.22 / kg,"mit Prosciutto Crudo, Salame Napoli, Coppa, Scamorza geräuchert, Oliven und getrocknete Tomaten",Nein,"Wochenangebote gültig von Montag, 15.12.25 - Samstag, 20.12.25",15.12.25,20.12.25,images_netto/netto_offer_100.png
Spanferkel-Keule,Keine Marke,"€ 7,99",Kein vorheriger Preis,Kein Mengenpreis,"mit ganzem Knochen und Schwarte, ca. 1,8 kg",Nein,"Wochenangebote gültig von Montag, 15.12.25 - Samstag, 20.12.25",15.12.25,20.12.25,images_netto/netto_offer_101.png
Rotkohl,Keine Marke,"€ 0,99",Kein vorheriger Preis,2.48 / kg,,Nein,"Wochenangebote gültig von Montag, 15.12.25 - Samstag, 20.12.25",15.12.25,20.12.25,images_netto/netto_offer_102.png
Knorr Kochpasten,Keine Marke,"€ 1,99",Kein vorheriger Preis,12.06 / kg,versch. Sorten,Nein,"Wochenangebote gültig von Montag, 15.12.25 - Samstag, 20.12.25",15.12.25,20.12.25,images_netto/netto_offer_103.png
Backofen-Kroketten,Keine Marke,"€ 1,39","€ 1,59",1.85 / kg,tiefgekühlt,Nein,"Wochenangebote gültig von Montag, 15.12.25 - Samstag, 20.12.25",15.12.25,20.12.25,images_netto/netto_offer_104.png
Kloßteig halb & halb,Keine Marke,"€ 1,39","€ 1,59",1.85 / kg,,Nein,"Wochenangebote gültig von Montag, 15.12.25 - Samstag, 20.12.25",15.12.25,20.12.25,images_netto/netto_offer_105.png
Wildreis,Keine Marke,"€ 1,79","€ 1,99",3.58 / kg,,Nein,"Wochenangebote gültig von Montag, 15.12.25 - Samstag, 20.12.25",15.12.25,20.12.25,images_netto/netto_offer_106.png
Italienische Bronze Pasta,Keine Marke,"€ 1,49",Kein vorheriger Preis,2.98 / kg,versch. Sorten,Nein,"Wochenangebote gültig von Montag, 15.12.25 - Samstag, 20.12.25",15.12.25,20.12.25,images_netto/netto_offer_107.png
Pittmann Hummer,Keine Marke,"€ 9,99",Kein vorheriger Preis,28.54 / kg,"tiefgekühlt, ganz & gekocht",Nein,"Wochenangebote gültig von Montag, 15.12.25 - Samstag, 20.12.25",15.12.25,20.12.25,images_netto/netto_offer_108.png
Meica Ragout Fin,Keine Marke,"€ 2,79",Kein vorheriger Preis,6.98 / kg,zartes Geflügel- und Kalbfleisch mit Champignons,Nein,"Wochenangebote gültig von Montag, 15.12.25 - Samstag, 20.12.25",15.12.25,20.12.25,images_netto/netto_offer_109.png
Königinpasteten,Keine Marke,"€ 1,29",Kein vorheriger Preis,8.60 / kg,,Nein,"Wochenangebote gültig von Montag, 15.12.25 - Samstag, 20.12.25",15.12.25,20.12.25,images_netto/netto_offer_110.png
Ekos Cakes Kuchenmix,Keine Marke,"€ 7,99",Kein vorheriger Preis,9.74 / kg,gekühlt,Nein,"Wochenangebote gültig von Montag, 15.12.25 - Samstag, 20.12.25",15.12.25,20.12.25,images_netto/netto_offer_111.png
Stollen,Keine Marke,"€ 3,99","€ 4,99",3.99 - 5.32 / kg,versch. Sorten,Nein,"Wochenangebote gültig von Montag, 15.12.25 - Samstag, 20.12.25",15.12.25,20.12.25,images_netto/netto_offer_112.png
Dr. Oetker Mini Kuchen,Keine Marke,"€ 1,99",Kein vorheriger Preis,14.21 / kg,versch. Sorten,Nein,"Wochenangebote gültig von Montag, 15.12.25 - Samstag, 20.12.25",15.12.25,20.12.25,images_netto/netto_offer_113.png
Kuchenstück,Keine Marke,"€ 2,79",Kein vorheriger Preis,9.96 - 10.33 / kg,versch. SortenAngebot gilt nur in ausgewählten Filialen mit Backofen.,Nein,"Wochenangebote gültig von Montag, 15.12.25 - Samstag, 20.12.25",15.12.25,20.12.25,images_netto/netto_offer_114.png
Zimtsterne,Keine Marke,"€ 1,99","€ 2,99",11.37 / kg,,Nein,"Wochenangebote gültig von Montag, 15.12.25 - Samstag, 20.12.25",15.12.25,20.12.25,images_netto/netto_offer_115.png
Coppenrath & Wiese Bunte Sahne Platte oder Festtagstorte,Keine Marke,"€ 7,99","€ 14,99",5.71 - 10.24 / kg,"tiefgekühlt, versch. Sorten",Nein,"Wochenangebote gültig von Montag, 15.12.25 - Samstag, 20.12.25",15.12.25,20.12.25,images_netto/netto_offer_116.png
Eduscho Pads,Keine Marke,"€ 3,99","€ 4,99",19.18 / kg,versch. Sorten,Nein,"Wochenangebote gültig von Montag, 15.12.25 - Samstag, 20.12.25",15.12.25,20.12.25,images_netto/netto_offer_117.png
Käfer Selection Single Origin,Keine Marke,"€ 3,99","€ 5,99",15.96 / kg,"ganze Kaffeebohnen, versch. Sorten",Nein,"Wochenangebote gültig von Montag, 15.12.25 - Samstag, 20.12.25",15.12.25,20.12.25,images_netto/netto_offer_118.png
Amicelli Waffelröllchen,Keine Marke,"€ 2,99","€ 4,29",14.95 / kg,versch. Sorten,Nein,"Wochenangebote gültig von Montag, 15.12.25 - Samstag, 20.12.25",15.12.25,20.12.25,images_netto/netto_offer_119.png
Sticks,Keine Marke,"€ 1,69","€ 1,99",9.39 - 12.07 / kg,"löslicher Bohnenkaffee, versch. Sorten",Nein,"Wochenangebote gültig von Montag, 15.12.25 - Samstag, 20.12.25",15.12.25,20.12.25,images_netto/netto_offer_120.png
"Dr. Oetker Kuchenbackmischung ""Taste of Christmas""",Keine Marke,"€ 2,99",Kein vorheriger Preis,4.56 - 8.38 / kg,versch. Sorten,Nein,"Wochenangebote gültig von Montag, 15.12.25 - Samstag, 20.12.25",15.12.25,20.12.25,images_netto/netto_offer_121.png
Teekanne Ländertee XXL,Keine Marke,"€ 2,79","€ 3,19",25.36 - 31.- / kg,versch. Sorten,Nein,"Wochenangebote gültig von Montag, 15.12.25 - Samstag, 20.12.25",15.12.25,20.12.25,images_netto/netto_offer_122.png
Kilbeggan Irish Whiskey,Keine Marke,"€ 10,99",Kein vorheriger Preis,15.70 / l,40 % Vol. 1 Glas GRATIS!,Nein,"Wochenangebote gültig von Montag, 15.12.25 - Samstag, 20.12.25",15.12.25,20.12.25,images_netto/netto_offer_123.png
Pircher Spirituosen,Keine Marke,"€ 14,99",Kein vorheriger Preis,21.41 / l,"versch. Sorten, 40% Vol.",Nein,"Wochenangebote gültig von Montag, 15.12.25 - Samstag, 20.12.25",15.12.25,20.12.25,images_netto/netto_offer_124.png
Johnnie Walker Red Label Blended Scotch,Keine Marke,"€ 10,99","€ 15,99",15.70 / l,"Whiskey, 40% Vol.",Nein,"Wochenangebote gültig von Montag, 15.12.25 - Samstag, 20.12.25",15.12.25,20.12.25,images_netto/netto_offer_125.png
Eckes Liköre,Keine Marke,"€ 5,49",Kein vorheriger Preis,10.56 - 10.98 / l,"versch. Sorten, 17 – 20% Vol teilweise 1 Glas GRATIS!",Nein,"Wochenangebote gültig von Montag, 15.12.25 - Samstag, 20.12.25",15.12.25,20.12.25,images_netto/netto_offer_126.png
Asbach Uralt Weinbrand,Keine Marke,"€ 9,99",Kein vorheriger Preis,14.27 / l,36% Vol. 1 Glas GRATIS!,Nein,"Wochenangebote gültig von Montag, 15.12.25 - Samstag, 20.12.25",15.12.25,20.12.25,images_netto/netto_offer_127.png
Licor 43,Keine Marke,"€ 13,99",Kein vorheriger Preis,19.99 / l,"spanischer Traditionslikör, 31% Vol. 1 Glas GRATIS!",Nein,"Wochenangebote gültig von Montag, 15.12.25 - Samstag, 20.12.25",15.12.25,20.12.25,images_netto/netto_offer_128.png
Cinzano Asti D.O.C.G.,Keine Marke,"€ 6,49","€ 7,99",8.65 / l,"Schaumwein, mild",Nein,"Wochenangebote gültig von Montag, 15.12.25 - Samstag, 20.12.25",15.12.25,20.12.25,images_netto/netto_offer_129.png
Brut Dargent Chardonnay Blanc de Blancs,Keine Marke,"€ 5,99",Kein vorheriger Preis,7.99 / l,,Nein,"Wochenangebote gültig von Montag, 15.12.25 - Samstag, 20.12.25",15.12.25,20.12.25,images_netto/netto_offer_130.png
Southern Comfort Original,Keine Marke,"€ 10,99",Kein vorheriger Preis,15.70 / l,"Likör mit Whiskey, 35% Vol.",Nein,"Wochenangebote gültig von Montag, 15.12.25 - Samstag, 20.12.25",15.12.25,20.12.25,images_netto/netto_offer_131.png
Astrada Tawny Portwein,Keine Marke,"€ 5,99",Kein vorheriger Preis,7.99 / l,19 % Vol.,Nein,"Wochenangebote gültig von Montag, 15.12.25 - Samstag, 20.12.25",15.12.25,20.12.25,images_netto/netto_offer_132.png
Edition Valentin Vogel Weine,Keine Marke,"€ 3,99","€ 4,99",5.32 / l,"Deutschland, Pfalz, Weißwein, trocken versch. Sorten",Nein,"Wochenangebote gültig von Montag, 15.12.25 - Samstag, 20.12.25",15.12.25,20.12.25,images_netto/netto_offer_133.png
Zauber & Phantasie Rotwein Cuvee,Keine Marke,"€ 4,99",Kein vorheriger Preis,6.65 / l,"Deutschland, Pfalz, Rotwein, trocken",Nein,"Wochenangebote gültig von Montag, 15.12.25 - Samstag, 20.12.25",15.12.25,20.12.25,images_netto/netto_offer_134.png
In Me Primitivo Susumaniello IGP,Keine Marke,"€ 4,99","€ 5,99",6.65 / l,"Italien, Apulien, Rotwein, halbtrocken",Nein,"Wochenangebote gültig von Montag, 15.12.25 - Samstag, 20.12.25",15.12.25,20.12.25,images_netto/netto_offer_135.png
Doppio Rosso Primitivo Merlot IGT,Keine Marke,"€ 3,99","€ 4,99",5.32 / l,"Italien, Rotwein, halbtrocken",Nein,"Wochenangebote gültig von Montag, 15.12.25 - Samstag, 20.12.25",15.12.25,20.12.25,images_netto/netto_offer_136.png
Mönchshof Biere,Keine Marke,"€ 12,99","€ 16,99",1.30 / l,versch. Sorten,Nein,"Wochenangebote gültig von Montag, 15.12.25 - Samstag, 20.12.25",15.12.25,20.12.25,images_netto/netto_offer_137.png
Mönchshof Biere,Keine Marke,"€ 12,49","€ 16,99",1.25 / l,versch. Sorten  Beim Kauf von 2 Kisten 9.00 GESPART!,Nein,"Wochenangebote gültig von Montag, 15.12.25 - Samstag, 20.12.25",15.12.25,20.12.25,images_netto/netto_offer_138.png
Mönchshof Biere²,Keine Marke,"€ 11,99","€ 16,99",1.20 / l,versch. Sorten  Beim Kauf ab 3 Kisten 15.00 GESPART! ²Ab 3 Kisten bleibt der Einzelpreis gleich,Nein,"Wochenangebote gültig von Montag, 15.12.25 - Samstag, 20.12.25",15.12.25,20.12.25,images_netto/netto_offer_139.png
Paulaner Spezi oder Limo,Keine Marke,"€ 11,99","€ 15,49",1.20 / l,"versch. Sorten, teilweise koffeinhaltig ¹100 Extra°Punkte pro Kiste",Nein,"Wochenangebote gültig von Montag, 15.12.25 - Samstag, 20.12.25",15.12.25,20.12.25,images_netto/netto_offer_140.png
Paulaner Spezi oder Limo,Keine Marke,"€ 10,99","€ 15,49",1.10 / l,"versch. Sorten, teilweise koffeinhaltig  Beim Kauf von 2 Kisten 9.00 GESPART! ¹100 Extra°Punkte pro Kiste",Nein,"Wochenangebote gültig von Montag, 15.12.25 - Samstag, 20.12.25",15.12.25,20.12.25,images_netto/netto_offer_141.png
Paulaner Spezi oder Limo²,Keine Marke,"€ 9,99","€ 15,49",1.- / l,"versch. Sorten, teilweise koffeinhaltig  Beim Kauf ab 3 Kisten 16.50 GESPART! ²Ab 3 Kisten bleibt der Einzelpreis gleich ¹100 Extra°Punkte pro Kiste",Nein,"Wochenangebote gültig von Montag, 15.12.25 - Samstag, 20.12.25",15.12.25,20.12.25,images_netto/netto_offer_142.png
Schneider Weisse,Keine Marke,"€ 14,99","€ 20,99",1.50 / l,Original,Nein,"Wochenangebote gültig von Montag, 15.12.25 - Samstag, 20.12.25",15.12.25,20.12.25,images_netto/netto_offer_143.png
Heineken Premium Beer,Keine Marke,"€ 14,99",Kein vorheriger Preis,1.87 / l,,Nein,"Wochenangebote gültig von Montag, 15.12.25 - Samstag, 20.12.25",15.12.25,20.12.25,images_netto/netto_offer_144.png
Karamalz,Keine Marke,"€ 11,99","€ 13,99",1.20 / l,alkoholfreies Malzgetränk,Nein,"Wochenangebote gültig von Montag, 15.12.25 - Samstag, 20.12.25",15.12.25,20.12.25,images_netto/netto_offer_145.png
"Apfelsaft klar, Apfeldirektsaft naturtrüb oder Apfel-Kirsch",Keine Marke,"€ 7,99","€ 8,99",1.33 / l,,Nein,"Wochenangebote gültig von Montag, 15.12.25 - Samstag, 20.12.25",15.12.25,20.12.25,images_netto/netto_offer_146.png
Spaten Münchner Hell oder Alkoholfrei,Keine Marke,"€ 13,99",Kein vorheriger Preis,1.40 / l,,Nein,"Wochenangebote gültig von Montag, 15.12.25 - Samstag, 20.12.25",15.12.25,20.12.25,images_netto/netto_offer_147.png
Landbier,Keine Marke,"€ 9,99",Kein vorheriger Preis,1.- / l,,Nein,"Wochenangebote gültig von Montag, 15.12.25 - Samstag, 20.12.25",15.12.25,20.12.25,images_netto/netto_offer_148.png
Coca-Cola oder Fanta,Keine Marke,"€ 8,99",Kein vorheriger Preis,1.51 / l,"teilw. koffeinhaltig, versch. Sorten",Nein,"Wochenangebote gültig von Montag, 15.12.25 - Samstag, 20.12.25",15.12.25,20.12.25,images_netto/netto_offer_149.png
Vita Cola oder Limonaden,Keine Marke,"€ 1,11",Kein vorheriger Preis,0.63 / l,"teilw. koffeinhaltig, versch. Sorten",Nein,"Wochenangebote gültig von Montag, 15.12.25 - Samstag, 20.12.25",15.12.25,20.12.25,images_netto/netto_offer_150.png
Gönrgy Energy Drink,Keine Marke,"€ 1,29",Kein vorheriger Preis,2.58 / l,"taurin- & koffeinhaltig, versch. Sorten",Nein,"Wochenangebote gültig von Montag, 15.12.25 - Samstag, 20.12.25",15.12.25,20.12.25,images_netto/netto_offer_151.png
"Sprite, Fanta oder Mezzo Mix",Keine Marke,"€ 0,89",Kein vorheriger Preis,0.71 / l,"teilweise koffeinhaltig, versch. Sorten",Nein,"Wochenangebote gültig von Montag, 15.12.25 - Samstag, 20.12.25",15.12.25,20.12.25,images_netto/netto_offer_152.png
Gerolsteiner Mineralwasser oder Nearwater,Keine Marke,"€ 4,79","€ 5,94",0.53 / l,versch. Sorten Einzelpreis: 0.99 zzgl. Pfand 0.25 (0.66 / l),Nein,"Wochenangebote gültig von Montag, 15.12.25 - Samstag, 20.12.25",15.12.25,20.12.25,images_netto/netto_offer_153.png
San Miguel Especial,Keine Marke,"€ 4,99",Kein vorheriger Preis,2.52 / l,,Nein,"Wochenangebote gültig von Montag, 15.12.25 - Samstag, 20.12.25",15.12.25,20.12.25,images_netto/netto_offer_154.png
Active O2 Erfrischungsgetränk,Keine Marke,"€ 1,11",Kein vorheriger Preis,1.48 / l,versch. Sorten,Nein,"Wochenangebote gültig von Montag, 15.12.25 - Samstag, 20.12.25",15.12.25,20.12.25,images_netto/netto_offer_155.png
Krombacher,Keine Marke,"€ 4,49","€ 5,94",1.50 / l,versch. Sorten,Nein,"Wochenangebote gültig von Montag, 15.12.25 - Samstag, 20.12.25",15.12.25,20.12.25,images_netto/netto_offer_156.png
Merci Lovelies,Keine Marke,"€ 2,49","€ 3,49",13.46 / kg,versch. Sorten,Nein,"Wochenangebote gültig von Montag, 15.12.25 - Samstag, 20.12.25",15.12.25,20.12.25,images_netto/netto_offer_157.png
Nutella B-Ready,Keine Marke,"€ 1,99","€ 2,39",15.08 / kg,,Nein,"Wochenangebote gültig von Montag, 15.12.25 - Samstag, 20.12.25",15.12.25,20.12.25,images_netto/netto_offer_158.png
Katjes Fruchtgummi,Keine Marke,"€ 0,79","€ 1,39",3.76 - 4.51 / kg,versch. Sorten,Nein,"Wochenangebote gültig von Montag, 15.12.25 - Samstag, 20.12.25",15.12.25,20.12.25,images_netto/netto_offer_159.png
Haribo Fruchtgummi,Keine Marke,"€ 1,29","€ 1,49",3.79 - 4.30 / kg,versch. Sorten,Nein,"Wochenangebote gültig von Montag, 15.12.25 - Samstag, 20.12.25",15.12.25,20.12.25,images_netto/netto_offer_160.png
Trolli Fruchtugmmi,Keine Marke,"€ 2,99",Kein vorheriger Preis,8.31 / kg,,Nein,"Wochenangebote gültig von Montag, 15.12.25 - Samstag, 20.12.25",15.12.25,20.12.25,images_netto/netto_offer_161.png
Leibniz Choco Keks,Keine Marke,"€ 1,99","€ 2,99",15.92 / kg,versch. Sorten,Nein,"Wochenangebote gültig von Montag, 15.12.25 - Samstag, 20.12.25",15.12.25,20.12.25,images_netto/netto_offer_162.png
Kinder Country oder Hanuta,Keine Marke,"€ 2,29","€ 2,892,99",10.41 - 13.28 / kg,versch. Sorten,Nein,"Wochenangebote gültig von Montag, 15.12.25 - Samstag, 20.12.25",15.12.25,20.12.25,images_netto/netto_offer_163.png
Apfeltasche,Keine Marke,"€ 0,59",Kein vorheriger Preis,Kein Mengenpreis,Gilt nur in Filialen mit Backautomat!,Nein,"Wochenangebote gültig von Montag, 15.12.25 - Samstag, 20.12.25",15.12.25,20.12.25,images_netto/netto_offer_164.png
Weizenvollkornbrot,Keine Marke,"€ 1,49",Kein vorheriger Preis,2.98 / kg,Gilt nur in Filialen mit Backautomat!,Nein,"Wochenangebote gültig von Montag, 15.12.25 - Samstag, 20.12.25",15.12.25,20.12.25,images_netto/netto_offer_165.png
Dunkin Donut Christmas,Keine Marke,"€ 3,99",Kein vorheriger Preis,13.66 / kg,4er Pack,Nein,"Wochenangebote gültig von Montag, 15.12.25 - Samstag, 20.12.25",15.12.25,20.12.25,images_netto/netto_offer_166.png
Weizenbaguette,Keine Marke,"€ 0,49",Kein vorheriger Preis,1.96 / kg,Gilt nur in Filialen mit Backautomat!,Nein,"Wochenangebote gültig von Montag, 15.12.25 - Samstag, 20.12.25",15.12.25,20.12.25,images_netto/netto_offer_167.png
"Kaiser-, Mohn- oder Sesambrötchen",Keine Marke,"€ 1,19","€ 1,33",Kein Mengenpreis,Einzelpreis: 0.19Gilt nur in Filialen mit Backautomat!,Nein,"Wochenangebote gültig von Montag, 15.12.25 - Samstag, 20.12.25",15.12.25,20.12.25,images_netto/netto_offer_168.png
Geflügelrolle,Keine Marke,"€ 0,99",Kein vorheriger Preis,Kein Mengenpreis,Gilt nur in Filialen mit Backautomat!,Nein,"Wochenangebote gültig von Montag, 15.12.25 - Samstag, 20.12.25",15.12.25,20.12.25,images_netto/netto_offer_169.png
Pizza-Donut Jalapeno,Keine Marke,"€ 0,99",Kein vorheriger Preis,Kein Mengenpreis,Gilt nur in Filialen mit Backautomat!,Nein,"Wochenangebote gültig von Montag, 15.12.25 - Samstag, 20.12.25",15.12.25,20.12.25,images_netto/netto_offer_170.png
Vanillestange,Keine Marke,"€ 0,69","€ 0,79",Kein Mengenpreis,Gilt nur in Filialen mit Backautomat!,Nein,"Wochenangebote gültig von Montag, 15.12.25 - Samstag, 20.12.25",15.12.25,20.12.25,images_netto/netto_offer_171.png
Gliss Shampoo oder Spülung,Keine Marke,"€ 2,49","€ 2,99",9.96 - 12.45 / l,versch. Sorten,Nein,"Wochenangebote gültig von Montag, 15.12.25 - Samstag, 20.12.25",15.12.25,20.12.25,images_netto/netto_offer_172.png
Spee Waschmittel,Keine Marke,"€ 3,49","€ 4,79",0.16 - 0.19 / wl,versch. Sorten,Nein,"Wochenangebote gültig von Montag, 15.12.25 - Samstag, 20.12.25",15.12.25,20.12.25,images_netto/netto_offer_173.png
Softlan Weichspüler,Keine Marke,"€ 1,29",Kein vorheriger Preis,1.29 - 1.98 / l,versch. Sorten,Nein,"Wochenangebote gültig von Montag, 15.12.25 - Samstag, 20.12.25",15.12.25,20.12.25,images_netto/netto_offer_174.png
Sensodyne Fluorid Zahncreme,Keine Marke,"€ 4,99",Kein vorheriger Preis,22.18 / l,,Nein,"Wochenangebote gültig von Montag, 15.12.25 - Samstag, 20.12.25",15.12.25,20.12.25,images_netto/netto_offer_175.png
Frolic Hundesnacks,Keine Marke,"€ 1,29",Kein vorheriger Preis,7.17 - 12.29 / kg,versch. Sorten,Nein,"Wochenangebote gültig von Montag, 15.12.25 - Samstag, 20.12.25",15.12.25,20.12.25,images_netto/netto_offer_176.png
Carefree Slipeinlagen,Keine Marke,"€ 2,29","€ 2,95",Kein Mengenpreis,versch. Sorten,Nein,"Wochenangebote gültig von Montag, 15.12.25 - Samstag, 20.12.25",15.12.25,20.12.25,images_netto/netto_offer_177.png
Somat Geschirrspültabs oder Gel,Keine Marke,"€ 7,49","€ 9,45",0.13 - 0.15 / wl; 7.55 / l,versch. Sorten,Nein,"Wochenangebote gültig von Montag, 15.12.25 - Samstag, 20.12.25",15.12.25,20.12.25,images_netto/netto_offer_178.png
Attica Knuspermix,Keine Marke,"€ 0,95",Kein vorheriger Preis,6.33 / kg,versch. Sorten,Nein,"Wochenangebote gültig von Montag, 15.12.25 - Samstag, 20.12.25",15.12.25,20.12.25,images_netto/netto_offer_179.png
Edelstahl-Pfanne mit Wabenstruktur,Keine Marke,"€ 15,99","€ 24,99",Kein Mengenpreis,"mit Wabenstruktur & Antihaftbeschichtung, 4 Lagen für eine optimale Wärmeverteilung, für alle Herdarten geeignet, backofenfest bis 210° C, in 3 Größen erhältlich ca. Ø 20 cm, ca. Ø 24 cm, ca. Ø 28 cm",Nein,"Wochenangebote gültig von Montag, 15.12.25 - Samstag, 20.12.25",15.12.25,20.12.25,images_netto/netto_offer_180.png
FryUp Vertikale Doppelkammer-Heißluftfritteuse,Keine Marke,"€ 99,99","€ 229,99",Kein Mengenpreis,"starke 10-Liter-Volumen (5 Liter pro Kammer), mit Multi-Color Touch-Display & 2 unabhängigen Garzonen, max. 2400 W 2 Fritteusen auf der Fläche von einer",Nein,"Wochenangebote gültig von Montag, 15.12.25 - Samstag, 20.12.25",15.12.25,20.12.25,images_netto/netto_offer_181.png
Silikon-Backform für Heißluftfritteusen,Keine Marke,"€ 9,99","€ 19,99",Kein Mengenpreis,"hitzebeständig bis 230° C und spülmaschinenfest, rund, quadratisch oder eckig – je im 2er Set, deine Fritteuse bleibt sauber & fettfrei",Nein,"Wochenangebote gültig von Montag, 15.12.25 - Samstag, 20.12.25",15.12.25,20.12.25,images_netto/netto_offer_182.png
Sprühflaschen,Keine Marke,"€ 9,99","€ 19,99",Kein Mengenpreis,"für Essig, Öl etc. (je 100 ml), inkl. kleiner Reinigungsbürste, sprühend dosierend",Nein,"Wochenangebote gültig von Montag, 15.12.25 - Samstag, 20.12.25",15.12.25,20.12.25,images_netto/netto_offer_183.png
Backpapier-Schalen,Keine Marke,"€ 6,99","€ 14,99",Kein Mengenpreis,"für Garkörbe mit 5 - 7 Liter, öl-, wasser- & hitzebeständig bis 220°C, deine Fritteuse bleibt sauber & fettfrei Maße ca. 20 x 20 cm",Nein,"Wochenangebote gültig von Montag, 15.12.25 - Samstag, 20.12.25",15.12.25,20.12.25,images_netto/netto_offer_184.png
Knöchel- oder Kniebandage mit Kupfer- & Carbonfaser,Keine Marke,"€ 9,99","€ 19,99",Kein Mengenpreis,"2-fach Wirkung durch Wärme- & Stützfunktion: Stabilisierung des Gelenkes bei Belastung, leichte Kompression & wärmeleitende Kupferfäden",Nein,"Wochenangebote gültig von Montag, 15.12.25 - Samstag, 20.12.25",15.12.25,20.12.25,images_netto/netto_offer_185.png
XXL-Thermobecher,Keine Marke,"€ 9,99","€ 19,99",Kein Mengenpreis,"mit 1,2 Liter Fassungvermögen, auslaufsicher & doppelwandig isoliert, in 2 Farben: beige und grau, mit wiederverwendbarem Strohhalm",Nein,"Wochenangebote gültig von Montag, 15.12.25 - Samstag, 20.12.25",15.12.25,20.12.25,images_netto/netto_offer_186.png
Messerblock,Keine Marke,"€ 9,99","€ 19,99",Kein Mengenpreis,"mit soften Borsten - der optimale Schutz für Messer, mit Edelstahlklingen, Brot-, Tranchier-, Koch-, Santoku- & Schälmesser",Nein,"Wochenangebote gültig von Montag, 15.12.25 - Samstag, 20.12.25",15.12.25,20.12.25,images_netto/netto_offer_187.png
Desinfizierende Anti-Schimmelfarbe zu Sprühen,Keine Marke,"€ 17,99","€ 39,99",59.97 / l,"Sofortwirkung mit 99,999% antimikrobieller Wirkung, chlorfrei & geruchsarm, wasserbasiert, Deckkraft Klasse 1, nach DIN EN 13300, 300 ml (59.97 / l) Biozidprodukte vorsichtig verwenden. Vor Gebrauch stets Etikett & Produktinformationen lesen!",Nein,"Wochenangebote gültig von Montag, 15.12.25 - Samstag, 20.12.25",15.12.25,20.12.25,images_netto/netto_offer_188.png
"Bettwäsche, 2-teilig",Keine Marke,"€ 24,99",Kein vorheriger Preis,Kein Mengenpreis,"Material: 100% Baumwolle, mit Reißverschluss, waschbar bei ca. 40°C Maße Bettdeckenbezug: ca. 135 x 200 cm",Nein,"Wochenangebote gültig von Montag, 15.12.25 - Samstag, 20.12.25",15.12.25,20.12.25,images_netto/netto_offer_189.png
Duschtuch,Keine Marke,"€ 12,99",Kein vorheriger Preis,Kein Mengenpreis,Material: 100% Baumwolle Maße: ca. 70 x 140 cm,Nein,"Wochenangebote gültig von Montag, 15.12.25 - Samstag, 20.12.25",15.12.25,20.12.25,images_netto/netto_offer_190.png
Keramik-Müslischale,Keine Marke,"€ 9,99",Kein vorheriger Preis,Kein Mengenpreis,spülmaschinengeeignet Fassungsvermögen: ca. 400 ml,Nein,"Wochenangebote gültig von Montag, 15.12.25 - Samstag, 20.12.25",15.12.25,20.12.25,images_netto/netto_offer_191.png
Keramik-Tasse,Keine Marke,"€ 9,99",Kein vorheriger Preis,Kein Mengenpreis,spülmaschinengeeignet Fassungsvermögen: ca. 320 ml,Nein,"Wochenangebote gültig von Montag, 15.12.25 - Samstag, 20.12.25",15.12.25,20.12.25,images_netto/netto_offer_192.png
Thermobecher,Keine Marke,"€ 12,99",Kein vorheriger Preis,Kein Mengenpreis,"doppelwandig, schraubbarer Deckel Fassungsvermögen: ca. 600 ml",Nein,"Wochenangebote gültig von Montag, 15.12.25 - Samstag, 20.12.25",15.12.25,20.12.25,images_netto/netto_offer_193.png
Fußmatte,Keine Marke,"€ 9,99",Kein vorheriger Preis,Kein Mengenpreis,"für den Innen- und überdachten Außenbereich, optimale Schmutzaufnahme und rutschfest Maße: 40 x 60 cm",Nein,"Wochenangebote gültig von Montag, 15.12.25 - Samstag, 20.12.25",15.12.25,20.12.25,images_netto/netto_offer_194.png
Kulturtasche,Keine Marke,"€ 12,99",Kein vorheriger Preis,Kein Mengenpreis,"mit Haken zum Aufhängen, mit Reißverschluss Maße: ca. 22 x 10 x 22 cm",Nein,"Wochenangebote gültig von Montag, 15.12.25 - Samstag, 20.12.25",15.12.25,20.12.25,images_netto/netto_offer_195.png
Sporttasche,Keine Marke,"€ 24,99",Kein vorheriger Preis,Kein Mengenpreis,"mit 2 Haltegriffen, verstellbarer Schultergurt, großes Hauptfach mit 2 Reißverschlüssen, Innentasche und praktischer Außentasche für Schuhe Maße: ca. 53 x 35 x 21 cm",Nein,"Wochenangebote gültig von Montag, 15.12.25 - Samstag, 20.12.25",15.12.25,20.12.25,images_netto/netto_offer_196.png
Rucksack,Keine Marke,"€ 19,99",Kein vorheriger Preis,Kein Mengenpreis,"Reißverschlusstaschen vorne, verstellbare Schultergurte Maße: ca. 29 x 14 x 46 cm",Nein,"Wochenangebote gültig von Montag, 15.12.25 - Samstag, 20.12.25",15.12.25,20.12.25,images_netto/netto_offer_197.png
Mütze,Keine Marke,"€ 9,99",Kein vorheriger Preis,Kein Mengenpreis,mit Stickerei des Vereinslogos,Nein,"Wochenangebote gültig von Montag, 15.12.25 - Samstag, 20.12.25",15.12.25,20.12.25,images_netto/netto_offer_198.png
"Retroshorts, 2er Pack",Keine Marke,"€ 9,99",Kein vorheriger Preis,Kein Mengenpreis,elastischer Komfortbund Größen: S - XXL,Nein,"Wochenangebote gültig von Montag, 15.12.25 - Samstag, 20.12.25",15.12.25,20.12.25,images_netto/netto_offer_199.png
"Business Socken, 2er Pack",Keine Marke,"€ 7,99",Kein vorheriger Preis,Kein Mengenpreis,hoher Baumwollanteil Größen: 39/42 oder 43/46,Nein,"Wochenangebote gültig von Montag, 15.12.25 - Samstag, 20.12.25",15.12.25,20.12.25,images_netto/netto_offer_200.png
Hähnchen-Brustfilet,Keine Marke,"€ 4,99","€ 6,79",8.32 / kg,mager,Nein,"Wochenendangebote gültig von Donnerstag, 18.12.25 - Samstag, 20.12.25",18.12.25,20.12.25,images_netto/netto_offer_201.png
Rispentomaten,Keine Marke,"€ 1,69",Kein vorheriger Preis,Kein Mengenpreis,"Spanien, Kl. I",Nein,"Wochenendangebote gültig von Donnerstag, 18.12.25 - Samstag, 20.12.25",18.12.25,20.12.25,images_netto/netto_offer_202.png
Mineralwasser,Keine Marke,"€ 3,99",Kein vorheriger Preis,0.44 / l,versch. Sorten,Nein,"Wochenendangebote gültig von Donnerstag, 18.12.25 - Samstag, 20.12.25",18.12.25,20.12.25,images_netto/netto_offer_203.png
Almette Frischkäse/ -Zubereitung,Keine Marke,"€ 1,11","€ 1,99",7.40 / kg,"gekühlt, versch. Sorten",Nein,"Wochenendangebote gültig von Donnerstag, 18.12.25 - Samstag, 20.12.25",18.12.25,20.12.25,images_netto/netto_offer_204.png
Damen Warm & Transparent Strumpfhose,Keine Marke,"€ 9,99","€ 14,99",Kein Mengenpreis,50 den Strumpfhose in transparenter 20 den Optik Größen: 38/40 – 44/48,Nein,"Wochenendangebote gültig von Donnerstag, 18.12.25 - Samstag, 20.12.25",18.12.25,20.12.25,images_netto/netto_offer_205.png
Nutella,Keine Marke,"€ 3,99","€ 5,29",4.84 / kg,Nuss-Nugat-Creme 75 g GRATIS!,Nein,"Wochenendangebote gültig von Donnerstag, 18.12.25 - Samstag, 20.12.25",18.12.25,20.12.25,images_netto/netto_offer_206.png
Aperol Aperitivo,Keine Marke,"€ 9,49","€ 13,49",13.56 / l,11% Vol.,Nein,"Wochenendangebote gültig von Donnerstag, 18.12.25 - Samstag, 20.12.25",18.12.25,20.12.25,images_netto/netto_offer_207.png
Weihenstephan Butter oder Streichzart,Keine Marke,"€ 1,49",Kein vorheriger Preis,5.96 - 6.34 / kg,"gekühlt, versch. Sorten",Nein,"Wochenendangebote gültig von Donnerstag, 18.12.25 - Samstag, 20.12.25",18.12.25,20.12.25,images_netto/netto_offer_208.png
funny-frisch Chipsfrisch,Keine Marke,"€ 1,29","€ 1,99",8.60 / kg,versch. Sorten,Nein,"Wochenendangebote gültig von Donnerstag, 18.12.25 - Samstag, 20.12.25",18.12.25,20.12.25,images_netto/netto_offer_209.png
Frosta Fertiggerichte,Keine Marke,"€ 2,79","€ 4,79",5.58 - 6.20 / kg,"tiefgekühlt, versch. Sorten",Nein,"Wochenendangebote gültig von Donnerstag, 18.12.25 - Samstag, 20.12.25",18.12.25,20.12.25,images_netto/netto_offer_210.png
Ingwer,Keine Marke,"€ 0,49",Kein vorheriger Preis,4.90 / kg,China,Nein,"Wochenendangebote gültig von Donnerstag, 18.12.25 - Samstag, 20.12.25",18.12.25,20.12.25,images_netto/netto_offer_211.png
Zitronen,Keine Marke,"€ 1,19","€ 1,69",2.38 / kg,"Italien/Spanien, Kl. II",Nein,"Wochenendangebote gültig von Donnerstag, 18.12.25 - Samstag, 20.12.25",18.12.25,20.12.25,images_netto/netto_offer_212.png
Erdnüsse,Keine Marke,"€ 1,99","€ 2,29",7.96 / kg,Ägypten,Nein,"Wochenendangebote gültig von Donnerstag, 18.12.25 - Samstag, 20.12.25",18.12.25,20.12.25,images_netto/netto_offer_213.png
Zucchini,Keine Marke,"€ 1,69",Kein vorheriger Preis,3.38 / kg,"Italien/Spanien, Kl. II",Nein,"Wochenendangebote gültig von Donnerstag, 18.12.25 - Samstag, 20.12.25",18.12.25,20.12.25,images_netto/netto_offer_214.png
Gurken,Keine Marke,"€ 0,99","€ 1,29",Kein Mengenpreis,"Spanien/Bulgarien, Kl. II",Nein,"Wochenendangebote gültig von Donnerstag, 18.12.25 - Samstag, 20.12.25",18.12.25,20.12.25,images_netto/netto_offer_215.png
Rote Bete,Keine Marke,"€ 1,29",Kein vorheriger Preis,2.58 / kg,gekocht,Nein,"Wochenendangebote gültig von Donnerstag, 18.12.25 - Samstag, 20.12.25",18.12.25,20.12.25,images_netto/netto_offer_216.png
Mini-Weihnachtsstern,Keine Marke,"€ 1,11",Kein vorheriger Preis,Kein Mengenpreis,"ca. 10 cm hoch, Ø = 6 cm",Nein,"Wochenendangebote gültig von Donnerstag, 18.12.25 - Samstag, 20.12.25",18.12.25,20.12.25,images_netto/netto_offer_217.png
Orchideenblüte,Keine Marke,"€ 9,99",Kein vorheriger Preis,Kein Mengenpreis,"Cymbidie, versch. Ausführungen, ca. 15 cm hoch in Geschenkverpackung",Nein,"Wochenendangebote gültig von Donnerstag, 18.12.25 - Samstag, 20.12.25",18.12.25,20.12.25,images_netto/netto_offer_218.png
Großköpfige Hochland Rosen,Keine Marke,"€ 4,99",Kein vorheriger Preis,Kein Mengenpreis,"ca. 40 cm lang, versch. Farben, besonders große Blüten, langlebig und robust",Nein,"Wochenendangebote gültig von Donnerstag, 18.12.25 - Samstag, 20.12.25",18.12.25,20.12.25,images_netto/netto_offer_219.png
Spitzpaprika rot,Keine Marke,"€ 1,49",Kein vorheriger Preis,2.98 / kg,"Marokko/Spanien, Kl. I",Nein,"Wochenendangebote gültig von Donnerstag, 18.12.25 - Samstag, 20.12.25",18.12.25,20.12.25,images_netto/netto_offer_220.png
Äpfel,Keine Marke,"€ 2,49","€ 3,49",1.25 / kg,"Deutschland, Kl. II",Nein,"Wochenendangebote gültig von Donnerstag, 18.12.25 - Samstag, 20.12.25",18.12.25,20.12.25,images_netto/netto_offer_221.png
Brokkoli,Keine Marke,"€ 1,29",Kein vorheriger Preis,2.58 / kg,"Italien/Spanien, Kl. I",Nein,"Wochenendangebote gültig von Donnerstag, 18.12.25 - Samstag, 20.12.25",18.12.25,20.12.25,images_netto/netto_offer_222.png
Himbeeren,Keine Marke,"€ 1,99",Kein vorheriger Preis,15.92 / kg,"Marokko/Spanien, Kl. I",Nein,"Wochenendangebote gültig von Donnerstag, 18.12.25 - Samstag, 20.12.25",18.12.25,20.12.25,images_netto/netto_offer_223.png
Entenbrustfilet,Keine Marke,"€ 12,90",Kein vorheriger Preis,Kein Mengenpreis,"pariert, mit Haut, küchenfertig, ca. 250 g",Nein,"Wochenendangebote gültig von Donnerstag, 18.12.25 - Samstag, 20.12.25",18.12.25,20.12.25,images_netto/netto_offer_224.png
Falsches Filet vom Jungbullen,Keine Marke,"€ 1,39",Kein vorheriger Preis,13.90 / kg,"vakuumverpackt, ca. 1 kg",Nein,"Wochenendangebote gültig von Donnerstag, 18.12.25 - Samstag, 20.12.25",18.12.25,20.12.25,images_netto/netto_offer_225.png
Filetsteak vom Jungbullen,Keine Marke,"€ 3,79",Kein vorheriger Preis,37.90 / kg,"zart, garantiert 14 Tage gereift, ca. 200 g",Nein,"Wochenendangebote gültig von Donnerstag, 18.12.25 - Samstag, 20.12.25",18.12.25,20.12.25,images_netto/netto_offer_226.png
Original Italienisches Rinder-Tartar,Keine Marke,"€ 4,99",Kein vorheriger Preis,24.95 / kg,besonders mager,Nein,"Wochenendangebote gültig von Donnerstag, 18.12.25 - Samstag, 20.12.25",18.12.25,20.12.25,images_netto/netto_offer_227.png
Hirschkeulenbraten,Keine Marke,"€ 1,69",Kein vorheriger Preis,16.90 / kg,"ohne Knochen, vakuumverpackt, ca. 1,1 kg",Nein,"Wochenendangebote gültig von Donnerstag, 18.12.25 - Samstag, 20.12.25",18.12.25,20.12.25,images_netto/netto_offer_228.png
Bayerischer Puten-Rollbraten,Keine Marke,"€ 5,99","€ 6,99",Kein Mengenpreis,"aus der Oberkeule, in Paprikamarinade, vakuumverpackt",Nein,"Wochenendangebote gültig von Donnerstag, 18.12.25 - Samstag, 20.12.25",18.12.25,20.12.25,images_netto/netto_offer_229.png
Schweine-Schäufele,Keine Marke,"€ 5,99",Kein vorheriger Preis,Kein Mengenpreis,"aus der Schulter, mit Knochen, vakuumverpackt, ca. 1,3 kg",Nein,"Wochenendangebote gültig von Donnerstag, 18.12.25 - Samstag, 20.12.25",18.12.25,20.12.25,images_netto/netto_offer_230.png
Crevettes roses,Keine Marke,"€ 2,49","€ 2,99",9.96 / kg,"mit Kopf und Schale, vorgesalzen und gekocht",Nein,"Wochenendangebote gültig von Donnerstag, 18.12.25 - Samstag, 20.12.25",18.12.25,20.12.25,images_netto/netto_offer_231.png
Mini Berner Würstl,Keine Marke,"€ 2,29",Kein vorheriger Preis,9.16 / kg,mit Emmentaler und Bauchspeck Regionale Verpackungsabweichungen möglich,Nein,"Wochenendangebote gültig von Donnerstag, 18.12.25 - Samstag, 20.12.25",18.12.25,20.12.25,images_netto/netto_offer_232.png
Schinkenzwiebelmettwurst,Keine Marke,"€ 1,79",Kein vorheriger Preis,8.95 / kg,versch. Sorten Regionale Verpackungsabweichungen möglich,Nein,"Wochenendangebote gültig von Donnerstag, 18.12.25 - Samstag, 20.12.25",18.12.25,20.12.25,images_netto/netto_offer_233.png
Bayerische Hüttenwurst,Keine Marke,"€ 2,79",Kein vorheriger Preis,9.30 / kg,nach Art einer Kochsalami,Nein,"Wochenendangebote gültig von Donnerstag, 18.12.25 - Samstag, 20.12.25",18.12.25,20.12.25,images_netto/netto_offer_234.png
Fuet Ibérico,Keine Marke,"€ 1,99",Kein vorheriger Preis,13.27 / kg,Original Spanische Salami,Nein,"Wochenendangebote gültig von Donnerstag, 18.12.25 - Samstag, 20.12.25",18.12.25,20.12.25,images_netto/netto_offer_235.png
Leberkäse,Keine Marke,"€ 2,79","€ 3,49",6.98 / kg,versch. Sorten Regionale Verpackungsabweichungen möglich,Nein,"Wochenendangebote gültig von Donnerstag, 18.12.25 - Samstag, 20.12.25",18.12.25,20.12.25,images_netto/netto_offer_236.png
Hähnchenbrustfiletroulade,Keine Marke,"€ 1,79",Kein vorheriger Preis,11.93 / kg,versch. Sorten Regionale Verpackungsabweichungen möglich,Nein,"Wochenendangebote gültig von Donnerstag, 18.12.25 - Samstag, 20.12.25",18.12.25,20.12.25,images_netto/netto_offer_237.png
Snack It Kabanossi to go,Keine Marke,"€ 0,88","€ 0,99",17.60 / kg,versch. Sorten,Nein,"Wochenendangebote gültig von Donnerstag, 18.12.25 - Samstag, 20.12.25",18.12.25,20.12.25,images_netto/netto_offer_238.png
Egetat Sucuk,Keine Marke,"€ 4,29",Kein vorheriger Preis,21.45 / kg,Knoblauchwurst aus Rindfleisch,Nein,"Wochenendangebote gültig von Donnerstag, 18.12.25 - Samstag, 20.12.25",18.12.25,20.12.25,images_netto/netto_offer_239.png
Giovanni Rana Pasta Limited Edition,Keine Marke,"€ 3,49",Kein vorheriger Preis,13.96 / kg,"gekühlt, versch. Sorten",Nein,"Wochenendangebote gültig von Donnerstag, 18.12.25 - Samstag, 20.12.25",18.12.25,20.12.25,images_netto/netto_offer_240.png
Meggle Trüffelbutter,Keine Marke,"€ 2,99",Kein vorheriger Preis,29.90 / kg,gekühlt,Nein,"Wochenendangebote gültig von Donnerstag, 18.12.25 - Samstag, 20.12.25",18.12.25,20.12.25,images_netto/netto_offer_241.png
Milkana Schmelzkäse,Keine Marke,"€ 1,99","€ 2,89",10.47 / kg,"gekühlt, versch. Sorten",Nein,"Wochenendangebote gültig von Donnerstag, 18.12.25 - Samstag, 20.12.25",18.12.25,20.12.25,images_netto/netto_offer_242.png
Elinas Joghurt nach Griechischer Art,Keine Marke,"€ 1,69",Kein vorheriger Preis,2.82 / kg,"gekühlt, versch. Sorten",Nein,"Wochenendangebote gültig von Donnerstag, 18.12.25 - Samstag, 20.12.25",18.12.25,20.12.25,images_netto/netto_offer_243.png
Kartoffel- oder Weißkrautsalat,Keine Marke,"€ 2,49",Kein vorheriger Preis,2.08 / kg,gekühlt,Nein,"Wochenendangebote gültig von Donnerstag, 18.12.25 - Samstag, 20.12.25",18.12.25,20.12.25,images_netto/netto_offer_244.png
Kaninchenteile,Keine Marke,"€ 8,99",Kein vorheriger Preis,Kein Mengenpreis,gekühlt,Nein,"Wochenendangebote gültig von Donnerstag, 18.12.25 - Samstag, 20.12.25",18.12.25,20.12.25,images_netto/netto_offer_245.png
Coppenrath & Wiese kernig & kräftig Brötchen,Keine Marke,"€ 2,22","€ 3,29",4.53 - 5.29 / kg,"tiefgekühlt, versch. Sorten",Nein,"Wochenendangebote gültig von Donnerstag, 18.12.25 - Samstag, 20.12.25",18.12.25,20.12.25,images_netto/netto_offer_246.png
Nordsee Backfisch oder Fischfrikadellen Bremer Art,Keine Marke,"€ 2,49","€ 3,49",11.97 - 13.53 / kg,"gekühlt, versch. Sorten",Nein,"Wochenendangebote gültig von Donnerstag, 18.12.25 - Samstag, 20.12.25",18.12.25,20.12.25,images_netto/netto_offer_247.png
"Président Le Crémiot, Carré Gourmet, La Brique oder Snack",Keine Marke,"€ 2,49","€ 2,79",12.45 - 13.83 / kg,"gekühlt, versch. Sorten",Nein,"Wochenendangebote gültig von Donnerstag, 18.12.25 - Samstag, 20.12.25",18.12.25,20.12.25,images_netto/netto_offer_248.png
Dessert im Glas,Keine Marke,"€ 1,19",Kein vorheriger Preis,19.83 / kg,"gekühlt, versch. Sorten",Nein,"Wochenendangebote gültig von Donnerstag, 18.12.25 - Samstag, 20.12.25",18.12.25,20.12.25,images_netto/netto_offer_249.png
Schlagsahne,Keine Marke,"€ 4,45","€ 4,45",4.- / kg,"gekühlt, mind. 30% Fett Einzelpreis: 0.89 (4.45 / kg)",Nein,"Wochenendangebote gültig von Donnerstag, 18.12.25 - Samstag, 20.12.25",18.12.25,20.12.25,images_netto/netto_offer_250.png
Wagner Air Fryer Snacks,Keine Marke,"€ 1,99",Kein vorheriger Preis,10.21 / kg,"tiefgekühlt, versch. Sorten",Nein,"Wochenendangebote gültig von Donnerstag, 18.12.25 - Samstag, 20.12.25",18.12.25,20.12.25,images_netto/netto_offer_251.png
Magnum Stieleis,Keine Marke,"€ 2,49","€ 3,99",5.66 - 9.76 / l,"gekühlt, versch. Sorten",Nein,"Wochenendangebote gültig von Donnerstag, 18.12.25 - Samstag, 20.12.25",18.12.25,20.12.25,images_netto/netto_offer_252.png
Hähnchen-Raclette,Keine Marke,"€ 3,99",Kein vorheriger Preis,9.98 / kg,Ministeaks aus dem Brustfilet geschnitten,Nein,"Wochenendangebote gültig von Donnerstag, 18.12.25 - Samstag, 20.12.25",18.12.25,20.12.25,images_netto/netto_offer_253.png
Raclette-Platte,Keine Marke,"€ 5,49",Kein vorheriger Preis,13.73 / kg,Medaillons vom Schwein und Rind,Nein,"Wochenendangebote gültig von Donnerstag, 18.12.25 - Samstag, 20.12.25",18.12.25,20.12.25,images_netto/netto_offer_254.png
Argentinische Rotgarnelen,Keine Marke,"€ 6,99",Kein vorheriger Preis,17.48 / kg,"tiefgekühlt, in der Holzkiste",Nein,"Wochenendangebote gültig von Donnerstag, 18.12.25 - Samstag, 20.12.25",18.12.25,20.12.25,images_netto/netto_offer_255.png
Bacon,Keine Marke,"€ 1,11","€ 1,39",11.10 / kg,mild geräucherter Frühstücksspeck Regionale Verpackungsabweichungen möglich,Nein,"Wochenendangebote gültig von Donnerstag, 18.12.25 - Samstag, 20.12.25",18.12.25,20.12.25,images_netto/netto_offer_256.png
Le Rustique Raclette Platte,Keine Marke,"€ 9,99",Kein vorheriger Preis,14.27 / kg,gekühlt,Nein,"Wochenendangebote gültig von Donnerstag, 18.12.25 - Samstag, 20.12.25",18.12.25,20.12.25,images_netto/netto_offer_257.png
Ananas,Keine Marke,"€ 1,49","€ 1,79",4.38 / kg,in Stücken oder Scheiben,Nein,"Wochenendangebote gültig von Donnerstag, 18.12.25 - Samstag, 20.12.25",18.12.25,20.12.25,images_netto/netto_offer_258.png
Feinkost Saucen,Keine Marke,"€ 1,49","€ 2,29",4.97 / l,versch. Sorten,Nein,"Wochenendangebote gültig von Donnerstag, 18.12.25 - Samstag, 20.12.25",18.12.25,20.12.25,images_netto/netto_offer_259.png
Steinofenbaguette,Keine Marke,"€ 0,99",Kein vorheriger Preis,3.96 / kg,,Nein,"Wochenendangebote gültig von Donnerstag, 18.12.25 - Samstag, 20.12.25",18.12.25,20.12.25,images_netto/netto_offer_260.png
Appenzeller Fondue,Keine Marke,"€ 4,99",Kein vorheriger Preis,12.48 / kg,gekühlt,Nein,"Wochenendangebote gültig von Donnerstag, 18.12.25 - Samstag, 20.12.25",18.12.25,20.12.25,images_netto/netto_offer_261.png
Mayonnaisen,Keine Marke,"€ 1,69","€ 2,49",5.63 / l,versch. Sorten,Nein,"Wochenendangebote gültig von Donnerstag, 18.12.25 - Samstag, 20.12.25",18.12.25,20.12.25,images_netto/netto_offer_262.png
Ibis Pita Sticks,Keine Marke,"€ 1,49",Kein vorheriger Preis,5.96 / kg,,Nein,"Wochenendangebote gültig von Donnerstag, 18.12.25 - Samstag, 20.12.25",18.12.25,20.12.25,images_netto/netto_offer_263.png
Champignons,Keine Marke,"€ 0,89","€ 0,99",5.24 / kg,1. Wahl,Nein,"Wochenendangebote gültig von Donnerstag, 18.12.25 - Samstag, 20.12.25",18.12.25,20.12.25,images_netto/netto_offer_264.png
TUC Bake Rolls,Keine Marke,"€ 1,49","€ 1,99",9.93 / kg,versch. Sorten,Nein,"Wochenendangebote gültig von Donnerstag, 18.12.25 - Samstag, 20.12.25",18.12.25,20.12.25,images_netto/netto_offer_265.png
funny-frisch Spezialitäten oder Cornados,Keine Marke,"€ 1,29",Kein vorheriger Preis,10.75 - 16.13 / kg,versch. Sorten,Nein,"Wochenendangebote gültig von Donnerstag, 18.12.25 - Samstag, 20.12.25",18.12.25,20.12.25,images_netto/netto_offer_266.png
POM-BÄR,Keine Marke,"€ 1,11","€ 1,79",14.80 / kg,versch. Sorten,Nein,"Wochenendangebote gültig von Donnerstag, 18.12.25 - Samstag, 20.12.25",18.12.25,20.12.25,images_netto/netto_offer_267.png
Lorenz Saltletts Laugenspezialitäten,Keine Marke,"€ 1,49","€ 2,19",9.93 - 14.90 / kg,versch. Sorten,Nein,"Wochenendangebote gültig von Donnerstag, 18.12.25 - Samstag, 20.12.25",18.12.25,20.12.25,images_netto/netto_offer_268.png
ültje Erdnüsse,Keine Marke,"€ 1,79","€ 2,49",9.94 / kg,versch. Sorten,Nein,"Wochenendangebote gültig von Donnerstag, 18.12.25 - Samstag, 20.12.25",18.12.25,20.12.25,images_netto/netto_offer_269.png
Doritos,Keine Marke,"€ 1,29","€ 1,99",11.73 - 12.90 / kg,versch. Sorten,Nein,"Wochenendangebote gültig von Donnerstag, 18.12.25 - Samstag, 20.12.25",18.12.25,20.12.25,images_netto/netto_offer_270.png
Lorenz Erdnuß Locken,Keine Marke,"€ 1,11","€ 2,19",6.34 - 7.40 / kg,versch. Sorten,Nein,"Wochenendangebote gültig von Donnerstag, 18.12.25 - Samstag, 20.12.25",18.12.25,20.12.25,images_netto/netto_offer_271.png
Stadt Land Vollpfosten,Keine Marke,"€ 8,99","€ 14,90",Kein Mengenpreis,"Classic, Experten, Party,  Junior und viele mehr",Nein,"Wochenendangebote gültig von Donnerstag, 18.12.25 - Samstag, 20.12.25",18.12.25,20.12.25,images_netto/netto_offer_272.png
Party Accessoire,Keine Marke,"€ 1,00",Kein vorheriger Preis,Kein Mengenpreis,weiteres Party Accessoire findest du in deiner Filiale,Nein,"Wochenendangebote gültig von Donnerstag, 18.12.25 - Samstag, 20.12.25",18.12.25,20.12.25,images_netto/netto_offer_273.png
Party-Knicklichter,Keine Marke,"€ 2,99",Kein vorheriger Preis,Kein Mengenpreis,"versch. Variationen (Brille, Leuchtstab, Armband, Halskette, etc.), extra lange Leuchtdauer (bis zu 8 Stunden)",Nein,"Wochenendangebote gültig von Donnerstag, 18.12.25 - Samstag, 20.12.25",18.12.25,20.12.25,images_netto/netto_offer_274.png
Hitster Rock,Keine Marke,"€ 17,99","€ 26,99",Kein Mengenpreis,Das Spiel mit den ultimativen Rock-Hits,Nein,"Wochenendangebote gültig von Donnerstag, 18.12.25 - Samstag, 20.12.25",18.12.25,20.12.25,images_netto/netto_offer_275.png
LED Party Accessoire,Keine Marke,"€ 5,99",Kein vorheriger Preis,Kein Mengenpreis,LED Seifenblasenpistole LED Pailettenhut LED Disco-Licht weiteres Party Accessoire findest du in deiner Filiale,Nein,"Wochenendangebote gültig von Donnerstag, 18.12.25 - Samstag, 20.12.25",18.12.25,20.12.25,images_netto/netto_offer_276.png
LED Discokugel oder Lichtrad mit 48 bunten LEDs,Keine Marke,"€ 6,99",Kein vorheriger Preis,Kein Mengenpreis,"Lichtrad: Ø 12,5 versch. Leuchteffekte und 360° rotierende Beleuchtung Discokugel: Ø ca. 12 cm rotierender Effekt",Nein,"Wochenendangebote gültig von Donnerstag, 18.12.25 - Samstag, 20.12.25",18.12.25,20.12.25,images_netto/netto_offer_277.png
Elektronisches Dartspiel oder Sisal-Dartscheibe,Keine Marke,"€ 19,99",Kein vorheriger Preis,Kein Mengenpreis,"Sisal: inkl. 3 Dartpfeilen, Abwurflinie, Maßband und Montagematerial, mit drehbarem Nummernring Elektro: 27 Spiele mit 159 Variationen, inkl. 2 Standfüßen, mit LED Display, inkl. 12 Dartpfeilen und -haltern",Nein,"Wochenendangebote gültig von Donnerstag, 18.12.25 - Samstag, 20.12.25",18.12.25,20.12.25,images_netto/netto_offer_278.png
Sektgläser oder bunte Trinklgäser mit LED 2er,Keine Marke,"€ 4,99",Kein vorheriger Preis,Kein Mengenpreis,"langlebiger Kunststoff, Trinkgläser: inkl. Batterie 100 ml Sektgläser 220 ml Trinkgläser",Nein,"Wochenendangebote gültig von Donnerstag, 18.12.25 - Samstag, 20.12.25",18.12.25,20.12.25,images_netto/netto_offer_279.png
Soft- oder Steeldart-Set,Keine Marke,"€ 3,99",Kein vorheriger Preis,Kein Mengenpreis,"Steeldart: ca. 22g, Softdart ca. 18 g, inkl. 3 zusätzlichen Flightholdern aus Kunststoff bestehend aus: 3 Pfeilen",Nein,"Wochenendangebote gültig von Donnerstag, 18.12.25 - Samstag, 20.12.25",18.12.25,20.12.25,images_netto/netto_offer_280.png
Schweine-Rücken,Keine Marke,"€ 4,99","€ 9,99",Kein Mengenpreis,"ohne Knochen, vakuumverpackt, ca. 1,2 kg",Nein,"Freitag ist Netto-Tag gültig am Freitag, 19.12.25",,,images_netto/netto_offer_281.png
Merci Tafel-Schokolade,Keine Marke,"€ 0,99","€ 1,99",8.84 - 9.90 / kg,versch. Sorten,Nein,"Freitag ist Netto-Tag gültig am Freitag, 19.12.25",,,images_netto/netto_offer_282.png
Brunch,Keine Marke,"€ 0,99","€ 1,99",5.35 / kg,"gekühlt, versch. Sorten",Nein,"Freitag ist Netto-Tag gültig am Freitag, 19.12.25",,,images_netto/netto_offer_283.png
Beck's Pils,Keine Marke,"€ 9,49",Kein vorheriger Preis,0.95 / l,,Nein,"Freitag ist Netto-Tag gültig am Freitag, 19.12.25",,,images_netto/netto_offer_284.png
City 60407 Doppeldeckerbus oder 60454 Abenteuer-Wohnmobil,Keine Marke,"€ 19,99","€ 39,99",Kein Mengenpreis,versch. Spielsets,Nein,"Freitag ist Netto-Tag gültig am Freitag, 19.12.25",,,images_netto/netto_offer_285.png
Trauben dunkel,Keine Marke,"€ 1,99",Kein vorheriger Preis,3.98 / kg,"Peru / Brasilien, Kl. I, kernlos",Nein,"Freitag ist Netto-Tag gültig am Freitag, 19.12.25",,,images_netto/netto_offer_286.png
Norwegisches Lachsfilet,Keine Marke,"€ 1,49",Kein vorheriger Preis,14.90 / kg,"mit Haut, praktisch grätenfrei, Aquakultur ca. 1 kg",Nein,"Samstagskracher gültig am Samstag, 20.12.25",,,images_netto/netto_offer_287.png
Heidelbeeren,Keine Marke,"€ 3,99",Kein vorheriger Preis,7.98 / kg,"Peru/Südafrika, Kl. I",Nein,"Samstagskracher gültig am Samstag, 20.12.25",,,images_netto/netto_offer_288.png
Chantré Weinbrand oder Crème Sahnelikör,Keine Marke,"€ 5,69","€ 8,99",8.13 / l,15 – 36% Vol,Nein,"Samstagskracher gültig am Samstag, 20.12.25",,,images_netto/netto_offer_289.png
Mon Chéri,Keine Marke,"€ 2,49","€ 3,99",15.86 / kg,,Nein,"Samstagskracher gültig am Samstag, 20.12.25",,,images_netto/netto_offer_290.png
Chiemseer Hell,Keine Marke,"€ 13,99",Kein vorheriger Preis,1.40 / l,,Nein,"Samstagskracher gültig am Samstag, 20.12.25",,,images_netto/netto_offer_291.png
