Produkt,Marke,Preis,Vorheriger Preis,Preis_kg,Hinweis,Nur_online,Gueltig_raw,Gueltig_von,Gueltig_bis,Bildpfad,source_market
Kölln Bio Haferflocken,Keine Marke,"€ 1,69",,"1 kg = 3,38","versch. Sorten, je 500-g-Pckg",Nein,2026-01-26 bis 2026-02-01,2026-01-26,2026-02-01,images_rewe/bamberg_offer_001.jpg,bamberg
Seeberger Mikrowellen-Popcorn,Keine Marke,"€ 0,69",,"1 kg = 7,67","versch. Sorten, je 90-g-Btl",Nein,2026-01-26 bis 2026-02-01,2026-01-26,2026-02-01,images_rewe/bamberg_offer_161.jpg,bamberg
Lambertz Amerikaner,Keine Marke,"€ 1,79",,"1 kg = 8,14",je 220-g-Pckg,Nein,2026-01-26 bis 2026-02-01,2026-01-26,2026-02-01,images_rewe/bamberg_offer_162.jpg,bamberg
Duplo Riegel,Keine Marke,"€ 3,99",,"1 kg = 12,18","je 18 x 18,2-g-Pckg",Nein,2026-01-26 bis 2026-02-01,2026-01-26,2026-02-01,images_rewe/bamberg_offer_163.jpg,bamberg
Lorenz Saltletts Pausen Cracker,Keine Marke,"€ 1,49",,"1 kg = 14,90",je 100-g-Btl,Nein,2026-01-26 bis 2026-02-01,2026-01-26,2026-02-01,images_rewe/bamberg_offer_165.jpg,bamberg
REWE Bio Italienische Maronen,Keine Marke,"€ 2,39",,"1 kg = 23,90","gekocht, je 100-g-Btl",Nein,2026-01-26 bis 2026-02-01,2026-01-26,2026-02-01,images_rewe/bamberg_offer_166.jpg,bamberg
Red Bull Energy Drink,Keine Marke,"€ 0,99",,"1 l = 3,96","versch. Sorten, koffeinhaltig, je 0,25-l-Dose, zzgl. 0,25 Pfand",Nein,2026-01-26 bis 2026-02-01,2026-01-26,2026-02-01,images_rewe/bamberg_offer_167.jpg,bamberg
Amecke Sanfte Säfte oder Plus Säfte,Keine Marke,"€ 1,99",,Kein Mengenpreis,"versch. Sorten, aus Konzentrat, je 1-l-Pckg",Nein,2026-01-26 bis 2026-02-01,2026-01-26,2026-02-01,images_rewe/bamberg_offer_168.jpg,bamberg
Powerade,Keine Marke,"€ 0,99",,"1 l = 1,98","versch. Sorten, je 0,5-l-Fl, zzgl. 0,25 Pfand",Nein,2026-01-26 bis 2026-02-01,2026-01-26,2026-02-01,images_rewe/bamberg_offer_169.jpg,bamberg
Effect Energy Drink,Keine Marke,"€ 0,79",,"1 l = 2,39","versch. Sorten, koffeinhaltig, je 0,33-l-Dose, zzgl. 0,25 Pfand",Nein,2026-01-26 bis 2026-02-01,2026-01-26,2026-02-01,images_rewe/bamberg_offer_170.jpg,bamberg
Residenz Quelle Mineralwasser,Keine Marke,"€ 5,49",,"1 l = 0,46","versch. Sorten, je 12 x 1-l-Fl.-Kasten, zzgl. 3,30 Pfand",Nein,2026-01-26 bis 2026-02-01,2026-01-26,2026-02-01,images_rewe/bamberg_offer_171.jpg,bamberg
Lipton Ice Tea,Keine Marke,"€ 1,29",,"1 l = 1,03","versch. Sorten, je 1,25-l-Fl, zzgl. 0,25 Pfand",Nein,2026-01-26 bis 2026-02-01,2026-01-26,2026-02-01,images_rewe/bamberg_offer_172.jpg,bamberg
Coca-Cola,Keine Marke,"€ 7,99",,"1 l = 1,33","versch. Sorten, koffeinhaltig, je 6 x 1-l-Fl.-Kasten, zzgl. 2,40 Pfand",Nein,2026-01-26 bis 2026-02-01,2026-01-26,2026-02-01,images_rewe/bamberg_offer_173.jpg,bamberg
Sanpellegrino Limonade,Keine Marke,"€ 0,89",,"1 l = 2,70","versch. Sorten, je 0,33-l-Dose, zzgl. 0,25 Pfand",Nein,2026-01-26 bis 2026-02-01,2026-01-26,2026-02-01,images_rewe/bamberg_offer_174.jpg,bamberg
Vöslauer Flavour Mineralwasser,Keine Marke,"€ 4,14",,"1 l = 0,69","versch. Sorten, je 6 x 1-l-Fl.-Pckg, zzgl. 1,50 Pfand",Nein,2026-01-26 bis 2026-02-01,2026-01-26,2026-02-01,images_rewe/bamberg_offer_175.jpg,bamberg
Förstina Schorle,Keine Marke,"€ 7,49",,"1 l = 0,83","versch. Sorten, je 12 x 0,75-l-Fl.-Kasten, zzgl. 3,30 Pfand",Nein,2026-01-26 bis 2026-02-01,2026-01-26,2026-02-01,images_rewe/bamberg_offer_176.jpg,bamberg
Bionade,Keine Marke,"€ 7,99",,"1 l = 2,02","versch. Sorten, je 12 x 0,33-l-Fl.-Kasten, zzgl. 2,46 Pfand",Nein,2026-01-26 bis 2026-02-01,2026-01-26,2026-02-01,images_rewe/bamberg_offer_177.jpg,bamberg
Coca-Cola Fanta Sprite oder Mezzo Mix,Keine Marke,"€ 11,99",,"1 l = 1,00","versch. Sorten, teilw. koffeinhaltig, je 12 x 1-l-Fl.-Kasten, zzgl. 3,30 + 2 x 0,15 Pfand",Nein,2026-01-26 bis 2026-02-01,2026-01-26,2026-02-01,images_rewe/bamberg_offer_178.jpg,bamberg
Bayreuther Hell,Keine Marke,"€ 13,99",,"1 l = 1,40","je 20 x 0,5-l-Fl.-Kasten, zzgl. 3,10 Pfand",Nein,2026-01-26 bis 2026-02-01,2026-01-26,2026-02-01,images_rewe/bamberg_offer_179.jpg,bamberg
Warsteiner Pils,Keine Marke,"€ 11,99",,"1 l = 1,20","je 20 x 0,5-l-Fl.-Kasten, zzgl. 3,10 Pfand",Nein,2026-01-26 bis 2026-02-01,2026-01-26,2026-02-01,images_rewe/bamberg_offer_180.jpg,bamberg
Zirndorfer Bier,Keine Marke,"€ 11,99",,"1 l = 1,20","versch. Sorten, je 20 x 0,5-l-Fl.-Kasten, zzgl. 3,10 Pfand",Nein,2026-01-26 bis 2026-02-01,2026-01-26,2026-02-01,images_rewe/bamberg_offer_181.jpg,bamberg
Krombacher oder alkoholfrei,Keine Marke,"€ 3,99",,"1 l = 2,02","versch. Sorten, teilw. koffeinhaltig, je 6 x 0,33-l-Fl.-Sixpack, zzgl. 0,48 Pfand",Nein,2026-01-26 bis 2026-02-01,2026-01-26,2026-02-01,images_rewe/bamberg_offer_182.jpg,bamberg
Flensburger,Keine Marke,"€ 12,99",,"1 l = 1,97","versch. Sorten, je 20 x 0,33-l-Fl.-Kasten, zzgl. 4,50 Pfand",Nein,2026-01-26 bis 2026-02-01,2026-01-26,2026-02-01,images_rewe/bamberg_offer_183.jpg,bamberg
Grüner Hell oder Naturradler,Keine Marke,"€ 13,49",,"1 l = 1,35","je 20 x 0,5-l-Fl.-Kasten, zzgl. 3,10 Pfand",Nein,2026-01-26 bis 2026-02-01,2026-01-26,2026-02-01,images_rewe/bamberg_offer_184.jpg,bamberg
Schöfferhofer Weizen,Keine Marke,"€ 3,99",,"1 l = 2,02","versch. Sorten, je 6 x 0,33-l-Fl.-Sixpack, zzgl. 0,48 Pfand",Nein,2026-01-26 bis 2026-02-01,2026-01-26,2026-02-01,images_rewe/bamberg_offer_185.jpg,bamberg
Radeberger Pilsner,Keine Marke,"€ 11,99",,"1 l = 1,20","je 20 x 0,5-l-Fl.-Kasten, zzgl. 3,10 Pfand",Nein,2026-01-26 bis 2026-02-01,2026-01-26,2026-02-01,images_rewe/bamberg_offer_186.jpg,bamberg
Paulaner Münchner Hell,Keine Marke,"€ 0,79",,"1 l = 1,58","je 0,5-l-Dose, zzgl. 0,25 Pfand",Nein,2026-01-26 bis 2026-02-01,2026-01-26,2026-02-01,images_rewe/bamberg_offer_187.jpg,bamberg
Bundaberg Brew,Keine Marke,"€ 1,39",,"1 l = 4,21","versch. Sorten, je 0,33-l-Fl, zzgl. 0,08 Pfand",Nein,2026-01-26 bis 2026-02-01,2026-01-26,2026-02-01,images_rewe/bamberg_offer_188.jpg,bamberg
Lambertz Bio Hafer Cookies,Keine Marke,"€ 1,99",,"1 kg = 9,95",je 200-g-Pckg,Nein,2026-01-26 bis 2026-02-01,2026-01-26,2026-02-01,images_rewe/bamberg_offer_160.jpg,bamberg
Treets Peanuts,Keine Marke,"€ 1,69",,"1 kg = 9,14","vegan, je 185-g-Btl",Nein,2026-01-26 bis 2026-02-01,2026-01-26,2026-02-01,images_rewe/bamberg_offer_159.jpg,bamberg
Wick Hustenbonbons,Keine Marke,"€ 1,29",,"1 kg = 17,92","versch. Sorten, ohne Zucker, je 72-g-Btl",Nein,2026-01-26 bis 2026-02-01,2026-01-26,2026-02-01,images_rewe/bamberg_offer_158.jpg,bamberg
Haribo Fruchtgummi Minis,Keine Marke,"€ 1,79",,"1 kg = 7,16","versch. Sorten, je 250-g-Btl",Nein,2026-01-26 bis 2026-02-01,2026-01-26,2026-02-01,images_rewe/bamberg_offer_157.jpg,bamberg
Lavazza Crema e Gusto oder Espresso Italiano,Keine Marke,"€ 4,44",,"1 kg = 17,76","gemahlener Espresso, je 250-g-Pckg",Nein,2026-01-26 bis 2026-02-01,2026-01-26,2026-02-01,images_rewe/bamberg_offer_129.jpg,bamberg
Mövenpick Gourmet-Frühstück Fruchtaufstrich,Keine Marke,"€ 1,99",,"1 kg = 7,96","versch. Sorten, je 250-g-Glas",Nein,2026-01-26 bis 2026-02-01,2026-01-26,2026-02-01,images_rewe/bamberg_offer_130.jpg,bamberg
Nescaf Brazil Kaffeekapseln,Keine Marke,"€ 2,49",,"1 kg = 56,59","Lungo, je 44-g-Pckg",Nein,2026-01-26 bis 2026-02-01,2026-01-26,2026-02-01,images_rewe/bamberg_offer_132.jpg,bamberg
Brandt Markenzwieback,Keine Marke,"€ 1,19",,"1 kg = 5,29",je 225-g-Pckg,Nein,2026-01-26 bis 2026-02-01,2026-01-26,2026-02-01,images_rewe/bamberg_offer_133.jpg,bamberg
Karottenkrüstchen,Keine Marke,"€ 0,49",,Kein Mengenpreis,je St,Nein,2026-01-26 bis 2026-02-01,2026-01-26,2026-02-01,images_rewe/bamberg_offer_134.jpg,bamberg
Wasa Tasty Snacks Rounds,Keine Marke,"€ 1,99",,"1 kg = 8,47",je 235-g-Pckg,Nein,2026-01-26 bis 2026-02-01,2026-01-26,2026-02-01,images_rewe/bamberg_offer_135.jpg,bamberg
Wasa Tasty Snacks Crisps,Keine Marke,"€ 1,99",,"1 kg = 10,47",je 190-g-Pckg,Nein,2026-01-26 bis 2026-02-01,2026-01-26,2026-02-01,images_rewe/bamberg_offer_136.jpg,bamberg
Dr Oetker Vitalis Veganes Müsli,Keine Marke,"€ 2,49",,"1 kg = 6,07","Knusper Triple Chunks, je 410-g-Pckg",Nein,2026-01-26 bis 2026-02-01,2026-01-26,2026-02-01,images_rewe/bamberg_offer_137.jpg,bamberg
REWE Bio Bircher Müsli,Keine Marke,"€ 2,39",,"1 kg = 4,78",je 500-g-Btl,Nein,2026-01-26 bis 2026-02-01,2026-01-26,2026-02-01,images_rewe/bamberg_offer_138.jpg,bamberg
Delverde Pasta,Keine Marke,"€ 0,89",,"1 kg = 1,78","versch. Ausformungen, je 500-g-Pckg",Nein,2026-01-26 bis 2026-02-01,2026-01-26,2026-02-01,images_rewe/bamberg_offer_139.jpg,bamberg
Bonduelle Goldmais,Keine Marke,"€ 1,11",,"1 kg = 3,89","je 300-g-Dose, 285-g-Abtropfgew.",Nein,2026-01-26 bis 2026-02-01,2026-01-26,2026-02-01,images_rewe/bamberg_offer_140.jpg,bamberg
Knorr Suppenliebe,Keine Marke,"€ 0,69",,Kein Mengenpreis,"versch. Sorten, ausreichend für 750 ml, je Btl",Nein,2026-01-26 bis 2026-02-01,2026-01-26,2026-02-01,images_rewe/bamberg_offer_141.jpg,bamberg
Mionetto Prosecco Spumante DOC,Keine Marke,"€ 6,99",,"1 l = 9,32","versch. Sorten, je 0,75-l-Fl",Nein,2026-01-26 bis 2026-02-01,2026-01-26,2026-02-01,images_rewe/bamberg_offer_189.jpg,bamberg
Miracel Whip Salatcreme,Keine Marke,"€ 1,79",,"1 l = 3,58",je 500-ml-Glas,Nein,2026-01-26 bis 2026-02-01,2026-01-26,2026-02-01,images_rewe/bamberg_offer_142.jpg,bamberg
Ben s Original Reis im Kochbeutel,Keine Marke,"€ 1,79",,"1 kg = 3,58","versch. Sorten, je 4 x 125-g-Pckg",Nein,2026-01-26 bis 2026-02-01,2026-01-26,2026-02-01,images_rewe/bamberg_offer_144.jpg,bamberg
Deutsche See Thunfisch,Keine Marke,"€ 1,99",,"1 kg = 15,31","in nativem Olivenöl extra, je 185-g-Dosen-Pckg, 130-g-Abtropfgew.",Nein,2026-01-26 bis 2026-02-01,2026-01-26,2026-02-01,images_rewe/bamberg_offer_145.jpg,bamberg
Maggi Gemüse Brühe,Keine Marke,"€ 1,59",,Kein Mengenpreis,"ausreichend für 7 Liter, je Glas",Nein,2026-01-26 bis 2026-02-01,2026-01-26,2026-02-01,images_rewe/bamberg_offer_146.jpg,bamberg
Tartex Soo Cremig Avocado Abendbrotaufstrich,Keine Marke,"€ 1,99",,"1 kg = 14,21",je 140-g-Glas,Nein,2026-01-26 bis 2026-02-01,2026-01-26,2026-02-01,images_rewe/bamberg_offer_147.jpg,bamberg
Bayola Rapsöl,Keine Marke,"€ 3,99",,"1 l = 5,32",je 750-ml-Fl,Nein,2026-01-26 bis 2026-02-01,2026-01-26,2026-02-01,images_rewe/bamberg_offer_148.jpg,bamberg
Maggi Magic Asia Nudel Snack,Keine Marke,"€ 0,49",,"1 kg = 7,90","versch. Sorten, je 62-g-Btl",Nein,2026-01-26 bis 2026-02-01,2026-01-26,2026-02-01,images_rewe/bamberg_offer_149.jpg,bamberg
Baumann s Hausmachersenf,Keine Marke,"€ 1,49",,"1 l = 4,45","süßlich-scharf mit Meerrettich, je 335-ml-Glas",Nein,2026-01-26 bis 2026-02-01,2026-01-26,2026-02-01,images_rewe/bamberg_offer_150.jpg,bamberg
Bonduelle Kidney Bohnen,Keine Marke,"€ 1,11",,"1 kg = 4,44","je 400-g-Dose, 250-g-Abtropfgew.",Nein,2026-01-26 bis 2026-02-01,2026-01-26,2026-02-01,images_rewe/bamberg_offer_151.jpg,bamberg
REWE Bio Couscous,Keine Marke,"€ 0,99",,"1 kg = 1,98",je 500-g-Pckg,Nein,2026-01-26 bis 2026-02-01,2026-01-26,2026-02-01,images_rewe/bamberg_offer_153.jpg,bamberg
Maggi Hühner Brühe,Keine Marke,"€ 1,59",,Kein Mengenpreis,"ausreichend für 4 Liter, je Glas",Nein,2026-01-26 bis 2026-02-01,2026-01-26,2026-02-01,images_rewe/bamberg_offer_154.jpg,bamberg
Ferrero Kinder Riegel,Keine Marke,"€ 3,99",,"1 kg = 10,56",je 18 x 21-g-Pckg,Nein,2026-01-26 bis 2026-02-01,2026-01-26,2026-02-01,images_rewe/bamberg_offer_155.jpg,bamberg
Lorenz Naturals,Keine Marke,"€ 1,49",,"1 kg = 15,68","Rosmarin, je 95-g-Btl",Nein,2026-01-26 bis 2026-02-01,2026-01-26,2026-02-01,images_rewe/bamberg_offer_156.jpg,bamberg
Altmühltaler Teigwaren,Keine Marke,"€ 2,29",,"1 kg = 4,58","versch. Ausformungen, je 500-g-Btl",Nein,2026-01-26 bis 2026-02-01,2026-01-26,2026-02-01,images_rewe/bamberg_offer_143.jpg,bamberg
Biorebe Merlot oder Chardonnay IGP,Keine Marke,"€ 3,99",,"1 l = 5,32","trocken, je 0,75-l-Fl",Nein,2026-01-26 bis 2026-02-01,2026-01-26,2026-02-01,images_rewe/bamberg_offer_190.jpg,bamberg
Absolut Vodka,Keine Marke,"€ 10,99",,"1 l = 15,70","40% Vol., je 0,7-l-Fl",Nein,2026-01-26 bis 2026-02-01,2026-01-26,2026-02-01,images_rewe/bamberg_offer_191.jpg,bamberg
Penninger Echter Blutwurz,Keine Marke,"€ 13,99",,"1 l = 19,99","Kräuter-Likör, 50% Vol., je 0,7-l-Fl",Nein,2026-01-26 bis 2026-02-01,2026-01-26,2026-02-01,images_rewe/bamberg_offer_192.jpg,bamberg
Head Shoulders Shampoo,Keine Marke,"€ 3,79",,"1 l = 15,16","2in1, je 250-ml-Fl",Nein,2026-01-26 bis 2026-02-01,2026-01-26,2026-02-01,images_rewe/bamberg_offer_225.jpg,bamberg
Cesar Hundenahrung,Keine Marke,"€ 0,75",,"1 kg = 5,00","versch. Sorten, je 150-g-Schale",Nein,2026-01-26 bis 2026-02-01,2026-01-26,2026-02-01,images_rewe/bamberg_offer_226.jpg,bamberg
Vitakraft Po sie Katzennahrung,Keine Marke,"€ 0,49",,"1 kg = 5,76","versch. Sorten, je 85-g-Btl./Schale",Nein,2026-01-26 bis 2026-02-01,2026-01-26,2026-02-01,images_rewe/bamberg_offer_227.jpg,bamberg
Sheba Fresh Fine,Keine Marke,"€ 1,99",,"1 kg = 6,63","versch. Sorten, je 6 x 50-g-Multipckg",Nein,2026-01-26 bis 2026-02-01,2026-01-26,2026-02-01,images_rewe/bamberg_offer_228.jpg,bamberg
Bench Herren Hoodie,Keine Marke,"€ 24,99",,Kein Mengenpreis,"Größen: M-XL, je St",Nein,2026-01-26 bis 2026-02-01,2026-01-26,2026-02-01,images_rewe/bamberg_offer_229.jpg,bamberg
Bench Herren Jogginghose,Keine Marke,"€ 24,99",,Kein Mengenpreis,"Größen: M-XL, je St",Nein,2026-01-26 bis 2026-02-01,2026-01-26,2026-02-01,images_rewe/bamberg_offer_230.jpg,bamberg
Bench Herren T-Shirt,Keine Marke,"€ 14,99",,Kein Mengenpreis,"Größen: M-XL, je St",Nein,2026-01-26 bis 2026-02-01,2026-01-26,2026-02-01,images_rewe/bamberg_offer_231.jpg,bamberg
adidas Herren Boxershorts,Keine Marke,"€ 21,99",,Kein Mengenpreis,"Größen: M-XL, je Pckg",Nein,2026-01-26 bis 2026-02-01,2026-01-26,2026-02-01,images_rewe/bamberg_offer_232.jpg,bamberg
adidas Damen oder Herren Sneaker- socken,Keine Marke,"€ 8,99",,Kein Mengenpreis,"Größen: 37/39-43/46, je Pckg",Nein,2026-01-26 bis 2026-02-01,2026-01-26,2026-02-01,images_rewe/bamberg_offer_233.jpg,bamberg
adidas Damen oder Herren Cush Sportsocken,Keine Marke,"€ 9,99",,Kein Mengenpreis,"Größen: 37/39-43/46, je Pckg",Nein,2026-01-26 bis 2026-02-01,2026-01-26,2026-02-01,images_rewe/bamberg_offer_234.jpg,bamberg
LED Leuchte Superbowl,Keine Marke,"€ 9,99",,Kein Mengenpreis,"inkl. USB-Kabel ca. 2 m, je St",Nein,2026-01-26 bis 2026-02-01,2026-01-26,2026-02-01,images_rewe/bamberg_offer_235.jpg,bamberg
NFL American Football Black Edition,Keine Marke,"€ 19,99",,Kein Mengenpreis,"ca. 26 cm, je St",Nein,2026-01-26 bis 2026-02-01,2026-01-26,2026-02-01,images_rewe/bamberg_offer_236.jpg,bamberg
Hyazinthen Trio,Keine Marke,"€ 2,49",,Kein Mengenpreis,"versch. Farben, je Bund",Nein,2026-01-26 bis 2026-02-01,2026-01-26,2026-02-01,images_rewe/bamberg_offer_237.jpg,bamberg
Pantene Pro-V Spülung,Keine Marke,"€ 3,29",,"1 l = 16,45","Repair & Care, je 200-ml-Tube",Nein,2026-01-26 bis 2026-02-01,2026-01-26,2026-02-01,images_rewe/bamberg_offer_224.jpg,bamberg
Frühlingsschale,Keine Marke,"€ 4,49",,Kein Mengenpreis,"bepflanzt mit Primel, Viola, Bellis, Hyazinthe, Narzisse, je Stück",Nein,2026-01-26 bis 2026-02-01,2026-01-26,2026-02-01,images_rewe/bamberg_offer_238.jpg,bamberg
Tulpenstrauß Delight,Keine Marke,"€ 4,99",,Kein Mengenpreis,je Strauß,Nein,2026-01-26 bis 2026-02-01,2026-01-26,2026-02-01,images_rewe/bamberg_offer_240.jpg,bamberg
Strauß Tulpen Festival,Keine Marke,"€ 6,49",,Kein Mengenpreis,je Bund,Nein,2026-01-26 bis 2026-02-01,2026-01-26,2026-02-01,images_rewe/bamberg_offer_241.jpg,bamberg
Strauß Rosen Harlekin,Keine Marke,"€ 4,79",,Kein Mengenpreis,"versch. Farben, je Bund",Nein,2026-01-26 bis 2026-02-01,2026-01-26,2026-02-01,images_rewe/bamberg_offer_242.jpg,bamberg
Blumenzwiebelmix in Schale,Keine Marke,"€ 3,99",,Kein Mengenpreis,"z.B. Hyazinthe, Muscari oder Narzisse, je Stück",Nein,2026-01-26 bis 2026-02-01,2026-01-26,2026-02-01,images_rewe/bamberg_offer_243.jpg,bamberg
Blumenzwiebeln Mix in Keramik,Keine Marke,"€ 3,99",,Kein Mengenpreis,"bepflanzt mit versch. Zwiebeln, je Stück",Nein,2026-01-26 bis 2026-02-01,2026-01-26,2026-02-01,images_rewe/bamberg_offer_244.jpg,bamberg
Frühjahrsschale Spring,Keine Marke,"€ 9,99",,Kein Mengenpreis,"farbige Zinkschale bepflanzt mit Deko, je Stück",Nein,2026-01-26 bis 2026-02-01,2026-01-26,2026-02-01,images_rewe/bamberg_offer_245.jpg,bamberg
Narzissen,Keine Marke,"€ 1,89",,Kein Mengenpreis,"Sondersorten, je Topf",Nein,2026-01-26 bis 2026-02-01,2026-01-26,2026-02-01,images_rewe/bamberg_offer_246.jpg,bamberg
Hyazinthen in Keramik Early Springtime,Keine Marke,"€ 6,99",,Kein Mengenpreis,"bepflanzt mit Hyazinthen, je Stück",Nein,2026-01-26 bis 2026-02-01,2026-01-26,2026-02-01,images_rewe/bamberg_offer_247.jpg,bamberg
Frühlingskorb Jahresstarter,Keine Marke,"€ 5,99",,Kein Mengenpreis,"bepflanzt mit Primeln, Efeu und Narzisse, je Stück",Nein,2026-01-26 bis 2026-02-01,2026-01-26,2026-02-01,images_rewe/bamberg_offer_248.jpg,bamberg
Blumenzwiebeln im Topf,Keine Marke,"€ 2,49",,Kein Mengenpreis,"versch. Sorten, z.B. Muscari, Tulpe, Hyazinthe oder Narzisse, je Topf",Nein,2026-01-26 bis 2026-02-01,2026-01-26,2026-02-01,images_rewe/bamberg_offer_249.jpg,bamberg
Primeln,Keine Marke,"€ 3,99",,Kein Mengenpreis,"in farblich passender Schale, je Schale",Nein,2026-01-26 bis 2026-02-01,2026-01-26,2026-02-01,images_rewe/bamberg_offer_250.jpg,bamberg
Blütenoffensive,Keine Marke,"€ 6,99",,Kein Mengenpreis,"dekorativer Korb, bepflanzt, z.B. mit Osterglocken, je Topf",Nein,2026-01-26 bis 2026-02-01,2026-01-26,2026-02-01,images_rewe/bamberg_offer_251.jpg,bamberg
Feld-Narzissen,Keine Marke,"€ 0,99",,Kein Mengenpreis,"die ersten Frühlingsboten in klassischem Gelb, je Bund",Nein,2026-01-26 bis 2026-02-01,2026-01-26,2026-02-01,images_rewe/bamberg_offer_252.jpg,bamberg
Strauß Schmuckstück,Keine Marke,"€ 8,99",,Kein Mengenpreis,"5 Premium Rosen mit Grün, je Bund",Nein,2026-01-26 bis 2026-02-01,2026-01-26,2026-02-01,images_rewe/bamberg_offer_239.jpg,bamberg
Dr Oetker Vitalis Schoko Müsli,Keine Marke,"€ 2,49",,"1 kg = 5,53","Klassisch, je 450-g-Pckg",Nein,2026-01-26 bis 2026-02-01,2026-01-26,2026-02-01,images_rewe/bamberg_offer_128.jpg,bamberg
Ariel Allin1 Pods Universal,Keine Marke,"€ 4,99",,"1 WL = 0,33",je 15-WL-Pckg,Nein,2026-01-26 bis 2026-02-01,2026-01-26,2026-02-01,images_rewe/bamberg_offer_223.jpg,bamberg
Always Discreet Inkontinenz-Einlagen,Keine Marke,"€ 2,99",,Kein Mengenpreis,"Normal, je 12-St.-Pckg",Nein,2026-01-26 bis 2026-02-01,2026-01-26,2026-02-01,images_rewe/bamberg_offer_221.jpg,bamberg
Volkacher Kirchberg,Keine Marke,"€ 4,99",,Kein Mengenpreis,"versch. Sorten, je 1-l-Fl",Nein,2026-01-26 bis 2026-02-01,2026-01-26,2026-02-01,images_rewe/bamberg_offer_193.jpg,bamberg
Asbach Uralt Weinbrand,Keine Marke,"€ 9,99",,"1 l = 14,27","36% Vol., je 0,7-l-Fl",Nein,2026-01-26 bis 2026-02-01,2026-01-26,2026-02-01,images_rewe/bamberg_offer_194.jpg,bamberg
Pril Geschirrspülmittel,Keine Marke,"€ 1,39",,"1 l = 2,06","Original, je 675-ml-Fl",Nein,2026-01-26 bis 2026-02-01,2026-01-26,2026-02-01,images_rewe/bamberg_offer_195.jpg,bamberg
Sagrotan Bad-Reiniger,Keine Marke,"€ 2,79",,"1 l = 3,72","Ozeanfrische, je 750-ml-Fl",Nein,2026-01-26 bis 2026-02-01,2026-01-26,2026-02-01,images_rewe/bamberg_offer_196.jpg,bamberg
Tower Heißluftfritteuse T17206RW,Keine Marke,"€ 89,00",,Kein Mengenpreis,"zwei separate Frittierkörbe je ca. 5,5 l digitales Bedienfeld 10 Programme Temperaturregelung von ca. 60-200°C Timer bis ca. 60 Min. ca. 2800 W, je St",Nein,2026-01-26 bis 2026-02-01,2026-01-26,2026-02-01,images_rewe/bamberg_offer_197.jpg,bamberg
Sagrotan Allzweck- Boden-Reiniger,Keine Marke,"€ 2,79",,"1 l = 1,86",je 1500-ml-Fl,Nein,2026-01-26 bis 2026-02-01,2026-01-26,2026-02-01,images_rewe/bamberg_offer_199.jpg,bamberg
NFL Konturenkissen,Keine Marke,"€ 5,99",,Kein Mengenpreis,je St,Nein,2026-01-26 bis 2026-02-01,2026-01-26,2026-02-01,images_rewe/bamberg_offer_200.jpg,bamberg
Trinkflaschen-Set,Keine Marke,"€ 9,99",,Kein Mengenpreis,"je 1x ca. 740 ml und 2 l mit Trinkhalm versch. Farben und Modelle, je Set",Nein,2026-01-26 bis 2026-02-01,2026-01-26,2026-02-01,images_rewe/bamberg_offer_201.jpg,bamberg
VIVESS 3-in-1 Kontaktgrill,Keine Marke,"€ 59,00",,Kein Mengenpreis,"digitales Bedienfeld mit LED-Display 6 voreingestellte Programme mit Warmhalte- und Auftaufunktion abnehmbare Grillplatten je ca. 29 x 23 cm, ILAG® antihaftbeschichtet ca. 1800 W, je St",Nein,2026-01-26 bis 2026-02-01,2026-01-26,2026-02-01,images_rewe/bamberg_offer_202.jpg,bamberg
NFL Handtuch aus Baumwolle ca 140 x 70 cm,Keine Marke,"€ 7,99",,Kein Mengenpreis,je St,Nein,2026-01-26 bis 2026-02-01,2026-01-26,2026-02-01,images_rewe/bamberg_offer_203.jpg,bamberg
Snack-Bowl-Set,Keine Marke,"€ 4,99",,Kein Mengenpreis,je Set,Nein,2026-01-26 bis 2026-02-01,2026-01-26,2026-02-01,images_rewe/bamberg_offer_204.jpg,bamberg
Swiffer Staubmagnet Nachfüllpackung,Keine Marke,"€ 2,99",,Kein Mengenpreis,"versch. Ausführungen, je Pckg",Nein,2026-01-26 bis 2026-02-01,2026-01-26,2026-02-01,images_rewe/bamberg_offer_205.jpg,bamberg
Pampers Baby Dry Windeln Single Pack,Keine Marke,"€ 7,99",,Kein Mengenpreis,"Maxi Größe 4, je 30-St.-Pckg",Nein,2026-01-26 bis 2026-02-01,2026-01-26,2026-02-01,images_rewe/bamberg_offer_222.jpg,bamberg
Persil Colorwaschmittel Kraft-Gel,Keine Marke,"€ 16,99",,"1 WL = 0,17",je 100-WL-Fl,Nein,2026-01-26 bis 2026-02-01,2026-01-26,2026-02-01,images_rewe/bamberg_offer_206.jpg,bamberg
Lenor Weichspüler,Keine Marke,"€ 1,99",,"1 l = 2,63","versch. Sorten, je 756-ml-Fl",Nein,2026-01-26 bis 2026-02-01,2026-01-26,2026-02-01,images_rewe/bamberg_offer_208.jpg,bamberg
Lenor Wäscheparfüm,Keine Marke,"€ 3,59",,"1 kg = 23,16","versch. Sorten, je 155-g-Pckg",Nein,2026-01-26 bis 2026-02-01,2026-01-26,2026-02-01,images_rewe/bamberg_offer_209.jpg,bamberg
Oral-B Zahncreme,Keine Marke,"€ 3,59",,"1 l = 47,87","Pro Expert, je 75-ml-Tuben-Pckg",Nein,2026-01-26 bis 2026-02-01,2026-01-26,2026-02-01,images_rewe/bamberg_offer_210.jpg,bamberg
Adidas Duschgel,Keine Marke,"€ 1,99",,"1 l = 7,96","After Sport, je 250-ml-Fl",Nein,2026-01-26 bis 2026-02-01,2026-01-26,2026-02-01,images_rewe/bamberg_offer_211.jpg,bamberg
Pampers Baby Dry Pants Single Pack,Keine Marke,"€ 7,99",,Kein Mengenpreis,"Größe 5, je 24-St.-Pckg",Nein,2026-01-26 bis 2026-02-01,2026-01-26,2026-02-01,images_rewe/bamberg_offer_212.jpg,bamberg
Pampers Feuchttücher,Keine Marke,"€ 4,99",,Kein Mengenpreis,"Sensitive, je 5 x 52-St.-Pckg",Nein,2026-01-26 bis 2026-02-01,2026-01-26,2026-02-01,images_rewe/bamberg_offer_214.jpg,bamberg
Adidas Deospray,Keine Marke,"€ 2,79",,"1 l = 18,60","Ice Dive, je 150-ml-Dose",Nein,2026-01-26 bis 2026-02-01,2026-01-26,2026-02-01,images_rewe/bamberg_offer_215.jpg,bamberg
Pantene Pro-V Shampoo,Keine Marke,"€ 3,29",,"1 l = 10,97","Repair & Care, je 300-ml-Fl",Nein,2026-01-26 bis 2026-02-01,2026-01-26,2026-02-01,images_rewe/bamberg_offer_216.jpg,bamberg
Persil Universal 4 in 1 Discs,Keine Marke,"€ 16,99",,"1 WL = 0,22",je 76-WL-Btl,Nein,2026-01-26 bis 2026-02-01,2026-01-26,2026-02-01,images_rewe/bamberg_offer_217.jpg,bamberg
Always Slipeinlagen Daily Protect,Keine Marke,"€ 2,59",,Kein Mengenpreis,"XL mit Duft, je 40-St.-Pckg",Nein,2026-01-26 bis 2026-02-01,2026-01-26,2026-02-01,images_rewe/bamberg_offer_218.jpg,bamberg
Always Slipeinlagen Daily Fresh,Keine Marke,"€ 2,59",,Kein Mengenpreis,"Normal, je 56-St.-Pckg",Nein,2026-01-26 bis 2026-02-01,2026-01-26,2026-02-01,images_rewe/bamberg_offer_220.jpg,bamberg
Ariel Colorwaschmittel flüssig,Keine Marke,"€ 4,99",,"1 WL = 0,25",je 20-WL-Fl,Nein,2026-01-26 bis 2026-02-01,2026-01-26,2026-02-01,images_rewe/bamberg_offer_207.jpg,bamberg
Lavazza Caff Crema oder Espresso,Keine Marke,"€ 13,99",,Kein Mengenpreis,"versch. Sorten, je 1000-g-Pckg",Nein,2026-01-26 bis 2026-02-01,2026-01-26,2026-02-01,images_rewe/bamberg_offer_127.jpg,bamberg
Mars Snickers Minis,Keine Marke,"€ 2,99",,"1 kg = 13,17",je 227-g-Pckg,Nein,2026-01-26 bis 2026-02-01,2026-01-26,2026-02-01,images_rewe/bamberg_offer_164.jpg,bamberg
Langnese Cuja Mara Split,Keine Marke,"€ 2,49",,"1 l = 5,93",je 420-ml-Pckg,Nein,2026-01-26 bis 2026-02-01,2026-01-26,2026-02-01,images_rewe/bamberg_offer_125.jpg,bamberg
Rote Tafeläpfel,Keine Marke,"€ 1,99",,"1 kg = 1,00","Sorte: siehe Etikett, Kl. I, je 2-kg-Btl",Nein,2026-01-26 bis 2026-02-01,2026-01-26,2026-02-01,images_rewe/bamberg_offer_034.jpg,bamberg
Rinderroastbeef,Keine Marke,"€ 2,99",,Kein Mengenpreis,"ohne Knochen, natur oder mariniert, je 100 g",Nein,2026-01-26 bis 2026-02-01,2026-01-26,2026-02-01,images_rewe/bamberg_offer_035.jpg,bamberg
Schiller GQB Strohschwein Polnische roh oder Chilibeißer,Keine Marke,"€ 1,49",,Kein Mengenpreis,je 100 g,Nein,2026-01-26 bis 2026-02-01,2026-01-26,2026-02-01,images_rewe/bamberg_offer_036.jpg,bamberg
Schiller GQB Strohschwein Schwarzgeräuchertes,Keine Marke,"€ 1,79",,Kein Mengenpreis,"roh, je 100 g",Nein,2026-01-26 bis 2026-02-01,2026-01-26,2026-02-01,images_rewe/bamberg_offer_037.jpg,bamberg
Höhenrainer Putenschnitzel oder Cordon bleu,Keine Marke,"€ 1,49",,Kein Mengenpreis,"paniert, je 100 g",Nein,2026-01-26 bis 2026-02-01,2026-01-26,2026-02-01,images_rewe/bamberg_offer_038.jpg,bamberg
Ostermeier GQB Strohschwein Domschinken,Keine Marke,"€ 1,79",,Kein Mengenpreis,je 100 g,Nein,2026-01-26 bis 2026-02-01,2026-01-26,2026-02-01,images_rewe/bamberg_offer_039.jpg,bamberg
Rindersuppenfleisch,Keine Marke,"€ 1,19",,Kein Mengenpreis,"mit Knochen, je 100 g",Nein,2026-01-26 bis 2026-02-01,2026-01-26,2026-02-01,images_rewe/bamberg_offer_040.jpg,bamberg
Landbauern Hähnchensteaks Pollo Fino,Keine Marke,"€ 0,99",,Kein Mengenpreis,je 100 g,Nein,2026-01-26 bis 2026-02-01,2026-01-26,2026-02-01,images_rewe/bamberg_offer_041.jpg,bamberg
Kalbshüfte,Keine Marke,"€ 2,99",,Kein Mengenpreis,je 100 g,Nein,2026-01-26 bis 2026-02-01,2026-01-26,2026-02-01,images_rewe/bamberg_offer_042.jpg,bamberg
Strohschwein Krustenbraten,Keine Marke,"€ 0,88",,Kein Mengenpreis,"ohne Knochen, aus der Schulter, je 100 g",Nein,2026-01-26 bis 2026-02-01,2026-01-26,2026-02-01,images_rewe/bamberg_offer_043.jpg,bamberg
Rinderbraten oder Gulasch,Keine Marke,"€ 1,99",,Kein Mengenpreis,"aus der Schulter, je 100 g",Nein,2026-01-26 bis 2026-02-01,2026-01-26,2026-02-01,images_rewe/bamberg_offer_044.jpg,bamberg
Schweinenackensteak,Keine Marke,"€ 0,77",,Kein Mengenpreis,"ohne Knochen, gefroren, getaut, je 100 g",Nein,2026-01-26 bis 2026-02-01,2026-01-26,2026-02-01,images_rewe/bamberg_offer_045.jpg,bamberg
Böhnlein Krakauer,Keine Marke,"€ 1,29",,Kein Mengenpreis,"gekocht, je 100 g",Nein,2026-01-26 bis 2026-02-01,2026-01-26,2026-02-01,images_rewe/bamberg_offer_046.jpg,bamberg
Bio Ingwer,Keine Marke,"€ 0,49",,Kein Mengenpreis,je 100 g,Nein,2026-01-26 bis 2026-02-01,2026-01-26,2026-02-01,images_rewe/bamberg_offer_033.jpg,bamberg
Frico Gouda Chips,Keine Marke,"€ 1,69",,Kein Mengenpreis,je 100 g,Nein,2026-01-26 bis 2026-02-01,2026-01-26,2026-02-01,images_rewe/bamberg_offer_047.jpg,bamberg
Höhenrainer Puten Grillbrustschinken,Keine Marke,"€ 1,99",,Kein Mengenpreis,je 100 g,Nein,2026-01-26 bis 2026-02-01,2026-01-26,2026-02-01,images_rewe/bamberg_offer_049.jpg,bamberg
Sonthofer Bergkäse,Keine Marke,"€ 1,29",,Kein Mengenpreis,"Hartkäse, 50% Fett i.Tr., je 100 g",Nein,2026-01-26 bis 2026-02-01,2026-01-26,2026-02-01,images_rewe/bamberg_offer_050.jpg,bamberg
Kartoffelsalat,Keine Marke,"€ 0,59",,Kein Mengenpreis,je 100 g,Nein,2026-01-26 bis 2026-02-01,2026-01-26,2026-02-01,images_rewe/bamberg_offer_051.jpg,bamberg
Grünländer mild nussig Scheiben oder Naturfreunde Tilsiter Scheiben,Keine Marke,"€ 1,89",,"1 kg = 13,50",je 140-g-Pckg,Nein,2026-01-26 bis 2026-02-01,2026-01-26,2026-02-01,images_rewe/bamberg_offer_052.jpg,bamberg
Meggle Feine Butter oder Streichzart,Keine Marke,"€ 1,49",,"1 kg = 5,96","versch. Sorten, je 250-g-Becher/Pckg",Nein,2026-01-26 bis 2026-02-01,2026-01-26,2026-02-01,images_rewe/bamberg_offer_053.jpg,bamberg
Salakis Schafskäse Natur,Keine Marke,"€ 1,99",,"1 kg = 11,06",je 180-g-Pckg,Nein,2026-01-26 bis 2026-02-01,2026-01-26,2026-02-01,images_rewe/bamberg_offer_054.jpg,bamberg
Oatly Haferdrink Barista,Keine Marke,"€ 1,79",,Kein Mengenpreis,"versch. Sorten, je 1-l-Pckg",Nein,2026-01-26 bis 2026-02-01,2026-01-26,2026-02-01,images_rewe/bamberg_offer_055.jpg,bamberg
Berchtesgadener Land Frische Bio Alpenmilch oder Haltbare Bio Alpenmilch,Keine Marke,"€ 1,49",,Kein Mengenpreis,"3,5% Fett, je 1-l-Pckg",Nein,2026-01-26 bis 2026-02-01,2026-01-26,2026-02-01,images_rewe/bamberg_offer_056.jpg,bamberg
Berchtesgadener Land Bergbauern Butter,Keine Marke,"€ 1,99",,"1 kg = 7,96",je 250-g-Pckg,Nein,2026-01-26 bis 2026-02-01,2026-01-26,2026-02-01,images_rewe/bamberg_offer_057.jpg,bamberg
Weihenstephan Haltbare Milch,Keine Marke,"€ 1,19",,Kein Mengenpreis,"1,5/3,5% Fett, je 1-l-Pckg",Nein,2026-01-26 bis 2026-02-01,2026-01-26,2026-02-01,images_rewe/bamberg_offer_058.jpg,bamberg
Milram Frühlingsquark,Keine Marke,"€ 0,99",,"1 kg = 5,35","versch. Sorten, je 185-g-Becher",Nein,2026-01-26 bis 2026-02-01,2026-01-26,2026-02-01,images_rewe/bamberg_offer_059.jpg,bamberg
Ehrmann Almighurt,Keine Marke,"€ 0,39",,"1 kg = 2,60","versch. Sorten, je 150-g-Becher",Nein,2026-01-26 bis 2026-02-01,2026-01-26,2026-02-01,images_rewe/bamberg_offer_060.jpg,bamberg
Milkana Frischeschale Sahne oder Käse Vielfalt,Keine Marke,"€ 1,99",,"1 kg = 10,47","Schmelzkäse, je 190-g-Pckg./Schale",Nein,2026-01-26 bis 2026-02-01,2026-01-26,2026-02-01,images_rewe/bamberg_offer_061.jpg,bamberg
Vinzenz Murr Weißer Leberkäse,Keine Marke,"€ 1,29",,Kein Mengenpreis,"mit Kalbfleisch, je 100 g",Nein,2026-01-26 bis 2026-02-01,2026-01-26,2026-02-01,images_rewe/bamberg_offer_048.jpg,bamberg
Bauer Yo Go Yoghurt Drink oder Der große Bauer Joghurt,Keine Marke,"€ 0,59",,"1 kg = 2,62","versch. Sorten, je 225-g-Becher",Nein,2026-01-26 bis 2026-02-01,2026-01-26,2026-02-01,images_rewe/bamberg_offer_062.jpg,bamberg
Bio Orangen,Keine Marke,"€ 1,99",,Kein Mengenpreis,"Sorte: siehe Etikett, Kl. I, je 1-kg-Netz",Nein,2026-01-26 bis 2026-02-01,2026-01-26,2026-02-01,images_rewe/bamberg_offer_032.jpg,bamberg
Riesenorangen,Keine Marke,"€ 4,44",,"1 kg = 1,78","Sorte: siehe Etikett, Kl. I, je 2,5-kg-Netz",Nein,2026-01-26 bis 2026-02-01,2026-01-26,2026-02-01,images_rewe/bamberg_offer_030.jpg,bamberg
Followfood Bio Lachs Filets,Keine Marke,"€ 7,99",,"1 kg = 39,95","tiefgefroren, je 200-g-Pckg",Nein,2026-01-26 bis 2026-02-01,2026-01-26,2026-02-01,images_rewe/bamberg_offer_004.jpg,bamberg
Andechser Natur Bio Jogurt mild,Keine Marke,"€ 1,29",,"1 kg = 2,58","3,8% Fett, je 500-g-Becher",Nein,2026-01-26 bis 2026-02-01,2026-01-26,2026-02-01,images_rewe/bamberg_offer_006.jpg,bamberg
Bio Avocado,Keine Marke,"€ 1,49",,Kein Mengenpreis,"»Hass«, Kl. II, je St",Nein,2026-01-26 bis 2026-02-01,2026-01-26,2026-02-01,images_rewe/bamberg_offer_009.jpg,bamberg
REWE Bio Mini Wiener Würstchen,Keine Marke,"€ 2,29",,"1 kg = 14,31",je 160-g-Pckg,Nein,2026-01-26 bis 2026-02-01,2026-01-26,2026-02-01,images_rewe/bamberg_offer_011.jpg,bamberg
Bio Suppengrün,Keine Marke,"€ 1,49",,"1 kg = 3,73",je 400-g-Pckg,Nein,2026-01-26 bis 2026-02-01,2026-01-26,2026-02-01,images_rewe/bamberg_offer_012.jpg,bamberg
REWE Bio Gouda,Keine Marke,"€ 1,39",,"1 kg = 9,27","gerieben, je 150-g-Btl",Nein,2026-01-26 bis 2026-02-01,2026-01-26,2026-02-01,images_rewe/bamberg_offer_013.jpg,bamberg
Bio Broccoli,Keine Marke,"€ 1,49",,"1 kg = 3,73","Kl. II, je 400-g-Pckg",Nein,2026-01-26 bis 2026-02-01,2026-01-26,2026-02-01,images_rewe/bamberg_offer_014.jpg,bamberg
Helle Tafeltrauben,Keine Marke,"€ 1,69",,"1 kg = 3,38","Sorte: siehe Etikett, Kl. I, je 500-g-Schale",Nein,2026-01-26 bis 2026-02-01,2026-01-26,2026-02-01,images_rewe/bamberg_offer_031.jpg,bamberg
Himbeeren,Keine Marke,"€ 1,79",,"1 kg = 14,32","Kl. I, je 125-g-Schale",Nein,2026-01-26 bis 2026-02-01,2026-01-26,2026-02-01,images_rewe/bamberg_offer_015.jpg,bamberg
Bio Porree,Keine Marke,"€ 1,99",,"1 kg = 4,98","Kl. II, je 400-g-Bund",Nein,2026-01-26 bis 2026-02-01,2026-01-26,2026-02-01,images_rewe/bamberg_offer_018.jpg,bamberg
Rote Speisezwiebeln,Keine Marke,"€ 0,88",,"1 kg = 1,76","Kl. I, je 500-g-Netz",Nein,2026-01-26 bis 2026-02-01,2026-01-26,2026-02-01,images_rewe/bamberg_offer_019.jpg,bamberg
Romatomaten,Keine Marke,"€ 2,49",,"1 kg = 6,23","»Chef«, Ursprung: siehe Etikett, Kl. I, je 400-g-Schale",Nein,2026-01-26 bis 2026-02-01,2026-01-26,2026-02-01,images_rewe/bamberg_offer_020.jpg,bamberg
Bio Baby Spinat,Keine Marke,"€ 1,19",,"1 kg = 11,90","Kl. II, je 100-g-Pckg",Nein,2026-01-26 bis 2026-02-01,2026-01-26,2026-02-01,images_rewe/bamberg_offer_021.jpg,bamberg
Gelb- oder pinkfleischige Honeypomelo,Keine Marke,"€ 1,79",,Kein Mengenpreis,"Kl. I, je St",Nein,2026-01-26 bis 2026-02-01,2026-01-26,2026-02-01,images_rewe/bamberg_offer_022.jpg,bamberg
Zitronen,Keine Marke,"€ 0,99",,"1 kg = 1,98","Sorte: siehe Etikett, Kl. I, je 500-g-Netz",Nein,2026-01-26 bis 2026-02-01,2026-01-26,2026-02-01,images_rewe/bamberg_offer_023.jpg,bamberg
Grüne Tafelbirnen,Keine Marke,"€ 2,49",,Kein Mengenpreis,"»Xenia«, Kl. I, je 1 kg",Nein,2026-01-26 bis 2026-02-01,2026-01-26,2026-02-01,images_rewe/bamberg_offer_024.jpg,bamberg
Bio Heidelbeeren,Keine Marke,"€ 3,99",,"1 kg = 13,30","Kl. I, je 300-g-Schale",Nein,2026-01-26 bis 2026-02-01,2026-01-26,2026-02-01,images_rewe/bamberg_offer_025.jpg,bamberg
Jacobs Auslese oder Meisterröstung,Keine Marke,"€ 6,49",,"1 kg = 12,98","versch. Sorten, gemahlener Bohnenkaffee, je 500-g-Pckg",Nein,2026-01-26 bis 2026-02-01,2026-01-26,2026-02-01,images_rewe/bamberg_offer_126.jpg,bamberg
Speisekartoffeln,Keine Marke,"€ 1,49",,"1 kg = 0,50","Sorte und Kocheigenschaft: siehe Etikett, Qualität I, je 3-kg-Netz",Nein,2026-01-26 bis 2026-02-01,2026-01-26,2026-02-01,images_rewe/bamberg_offer_027.jpg,bamberg
Mini Cherry Rispentomaten,Keine Marke,"€ 2,49",,"1 kg = 12,45","»Delizioso«, Kl. I, je 200-g-Schale",Nein,2026-01-26 bis 2026-02-01,2026-01-26,2026-02-01,images_rewe/bamberg_offer_028.jpg,bamberg
Rucola,Keine Marke,"€ 0,85",,"1 kg = 6,80","Kl. I, je 125-g-Schale",Nein,2026-01-26 bis 2026-02-01,2026-01-26,2026-02-01,images_rewe/bamberg_offer_029.jpg,bamberg
Bio Snack Möhren,Keine Marke,"€ 1,11",,"1 kg = 5,55","Kl. I, je 200-g-Btl",Nein,2026-01-26 bis 2026-02-01,2026-01-26,2026-02-01,images_rewe/bamberg_offer_016.jpg,bamberg
Greenforce Vegane Fleischalternative,Keine Marke,"€ 2,49",,"1 kg = 13,83","versch. Sorten, je 180-g-Pckg",Nein,2026-01-26 bis 2026-02-01,2026-01-26,2026-02-01,images_rewe/bamberg_offer_063.jpg,bamberg
Billie Green vegane Salami,Keine Marke,"€ 1,29",,"1 kg = 18,43","versch. Sorten, je 70-g-Pckg",Nein,2026-01-26 bis 2026-02-01,2026-01-26,2026-02-01,images_rewe/bamberg_offer_065.jpg,bamberg
Chaumes oder Saint Albray Classic,Keine Marke,"€ 1,79",,Kein Mengenpreis,"frz. Weichkäse, versch. Sorten, je 100 g",Nein,2026-01-26 bis 2026-02-01,2026-01-26,2026-02-01,images_rewe/bamberg_offer_097.jpg,bamberg
Elpozo Original Fuetec spanische Salami,Keine Marke,"€ 2,59",,"1 kg = 15,24","luftgetrocknet, je 170-g-Pckg",Nein,2026-01-26 bis 2026-02-01,2026-01-26,2026-02-01,images_rewe/bamberg_offer_098.jpg,bamberg
REWE Beste Wahl Räucherlaxxs vegan,Keine Marke,"€ 1,79",,"1 kg = 17,90",je 100-g-Pckg,Nein,2026-01-26 bis 2026-02-01,2026-01-26,2026-02-01,images_rewe/bamberg_offer_099.jpg,bamberg
Bergader Watzmann Bergkäse,Keine Marke,"€ 1,79",,Kein Mengenpreis,"Hartkäse, 45% Fett i.Tr., je 100 g",Nein,2026-01-26 bis 2026-02-01,2026-01-26,2026-02-01,images_rewe/bamberg_offer_100.jpg,bamberg
Wiesenhof Hähnchen Grillbraten,Keine Marke,"€ 1,49",,"1 kg = 18,63",je 80-g-Pckg,Nein,2026-01-26 bis 2026-02-01,2026-01-26,2026-02-01,images_rewe/bamberg_offer_101.jpg,bamberg
REWE Beste Wahl Vegane Creme,Keine Marke,"€ 0,59",,"1 kg = 3,93","versch. Sorten, je 150-g-Becher",Nein,2026-01-26 bis 2026-02-01,2026-01-26,2026-02-01,images_rewe/bamberg_offer_103.jpg,bamberg
Simply V Streichzart Natur,Keine Marke,"€ 1,99",,"1 kg = 13,27",je 150-g-Becher,Nein,2026-01-26 bis 2026-02-01,2026-01-26,2026-02-01,images_rewe/bamberg_offer_104.jpg,bamberg
Innocent Direktsaft,Keine Marke,"€ 2,69",,"1 l = 2,99","Orange, je 900-ml-Fl, zzgl. 0,25 Pfand",Nein,2026-01-26 bis 2026-02-01,2026-01-26,2026-02-01,images_rewe/bamberg_offer_106.jpg,bamberg
Bürger Gnocchi,Keine Marke,"€ 1,79",,"1 kg = 3,58","versch. Sorten, je 500-g-Btl",Nein,2026-01-26 bis 2026-02-01,2026-01-26,2026-02-01,images_rewe/bamberg_offer_107.jpg,bamberg
Burgis Sonntagsknödel,Keine Marke,"€ 1,79",,"1 kg = 3,58",je 500-g-Pckg,Nein,2026-01-26 bis 2026-02-01,2026-01-26,2026-02-01,images_rewe/bamberg_offer_108.jpg,bamberg
Popp Feinster Fleischsalat,Keine Marke,"€ 1,29",,"1 kg = 6,45","versch. Sorten, je 200-g-Becher",Nein,2026-01-26 bis 2026-02-01,2026-01-26,2026-02-01,images_rewe/bamberg_offer_109.jpg,bamberg
Herta Finesse Aufschnitt,Keine Marke,"€ 1,59",,"1 kg = 15,90","versch. Sorten, je 100-g-Pckg",Nein,2026-01-26 bis 2026-02-01,2026-01-26,2026-02-01,images_rewe/bamberg_offer_096.jpg,bamberg
Burgis Knödelinos,Keine Marke,"€ 1,79",,"1 kg = 4,77",je 375-g-Pckg,Nein,2026-01-26 bis 2026-02-01,2026-01-26,2026-02-01,images_rewe/bamberg_offer_110.jpg,bamberg
Shot,Keine Marke,"€ 1,19",,"1 l = 19,83","versch. Sorten, je 60-ml-Fl",Nein,2026-01-26 bis 2026-02-01,2026-01-26,2026-02-01,images_rewe/bamberg_offer_113.jpg,bamberg
REWE Feine Welt Dressing,Keine Marke,"€ 1,29",,"1 l = 6,45","versch. Sorten, je 200-ml-Fl",Nein,2026-01-26 bis 2026-02-01,2026-01-26,2026-02-01,images_rewe/bamberg_offer_114.jpg,bamberg
Frosta Pfannengericht,Keine Marke,"€ 2,79",,"1 kg = 5,58","versch. Sorten, tiefgefroren, je 500-g-Btl",Nein,2026-01-26 bis 2026-02-01,2026-01-26,2026-02-01,images_rewe/bamberg_offer_115.jpg,bamberg
Original Wagner Steinofen Pizza Salami,Keine Marke,"€ 1,89",,"1 kg = 5,91","tiefgefroren, je 320-g-Pckg",Nein,2026-01-26 bis 2026-02-01,2026-01-26,2026-02-01,images_rewe/bamberg_offer_116.jpg,bamberg
Dr Oetker Bistro Baguette,Keine Marke,"€ 1,49",,"1 kg = 5,96","versch. Sorten, tiefgefroren, je 250-g-Pckg",Nein,2026-01-26 bis 2026-02-01,2026-01-26,2026-02-01,images_rewe/bamberg_offer_117.jpg,bamberg
Snickers Original Ice Cream,Keine Marke,"€ 2,29",,"1 l = 9,11","je 251,5-ml-Pckg",Nein,2026-01-26 bis 2026-02-01,2026-01-26,2026-02-01,images_rewe/bamberg_offer_118.jpg,bamberg
Langnese Flutschfinger,Keine Marke,"€ 2,49",,"1 l = 4,86",je 512-ml-Pckg,Nein,2026-01-26 bis 2026-02-01,2026-01-26,2026-02-01,images_rewe/bamberg_offer_119.jpg,bamberg
Coppenrath Wiese Unsere Goldstücke 9 Weizen-Brötchen,Keine Marke,"€ 1,49",,"1 kg = 3,31","tiefgefroren, je 450-g-Btl",Nein,2026-01-26 bis 2026-02-01,2026-01-26,2026-02-01,images_rewe/bamberg_offer_120.jpg,bamberg
The Vegetarian Butcher Lasagn-Yeah,Keine Marke,"€ 2,99",,"1 kg = 7,48","tiefgefroren, je 400-g-Pckg",Nein,2026-01-26 bis 2026-02-01,2026-01-26,2026-02-01,images_rewe/bamberg_offer_122.jpg,bamberg
Coppenrath Wiese Unsere Goldstücke 9 Baguette-Brötchen,Keine Marke,"€ 1,49",,"1 kg = 2,76","tiefgefroren, je 540-g-Btl",Nein,2026-01-26 bis 2026-02-01,2026-01-26,2026-02-01,images_rewe/bamberg_offer_123.jpg,bamberg
Original Wagner Flammkuchen Elsässer Art,Keine Marke,"€ 1,89",,"1 kg = 6,30","tiefgefroren, je 300-g-Pckg",Nein,2026-01-26 bis 2026-02-01,2026-01-26,2026-02-01,images_rewe/bamberg_offer_124.jpg,bamberg
Meine Lieblinge Bio-Graved Lachs oder Bio-Lachs,Keine Marke,"€ 3,79",,"1 kg = 47,38",je 80-g-Pckg,Nein,2026-01-26 bis 2026-02-01,2026-01-26,2026-02-01,images_rewe/bamberg_offer_064.jpg,bamberg
Innocent Saft Blue Break,Keine Marke,"€ 2,69",,"1 l = 3,59","je 750-ml-Fl, zzgl. 0,25 Pfand",Nein,2026-01-26 bis 2026-02-01,2026-01-26,2026-02-01,images_rewe/bamberg_offer_111.jpg,bamberg
Abraham Leichter Genuss Rohschinken,Keine Marke,"€ 1,79",,Kein Mengenpreis,"3% Fett, je 100 g",Nein,2026-01-26 bis 2026-02-01,2026-01-26,2026-02-01,images_rewe/bamberg_offer_095.jpg,bamberg
REWE Beste Wahl Salat Winter Edition,Keine Marke,"€ 0,99",,"1 kg = 8,25",je 120-g-Btl,Nein,2026-01-26 bis 2026-02-01,2026-01-26,2026-02-01,images_rewe/bamberg_offer_112.jpg,bamberg
Hackfleisch gemischt,Keine Marke,"€ 2,99",,"1 kg = 11,96","vom Rind und Schwein, je 250-g-Pckg",Nein,2026-01-26 bis 2026-02-01,2026-01-26,2026-02-01,images_rewe/bamberg_offer_093.jpg,bamberg
Milram Körniger Frischkäse,Keine Marke,"€ 1,99",,"1 kg = 5,69",je 350-g-Becher,Nein,2026-01-26 bis 2026-02-01,2026-01-26,2026-02-01,images_rewe/bamberg_offer_066.jpg,bamberg
El Pozo Iberico Fuetec Spanische Salami,Keine Marke,"€ 2,59",,"1 kg = 17,27",je 150-g-Pckg,Nein,2026-01-26 bis 2026-02-01,2026-01-26,2026-02-01,images_rewe/bamberg_offer_094.jpg,bamberg
Simply V Pizza gerieben,Keine Marke,"€ 1,99",,"1 kg = 11,06","vegan, je 180-g-Btl",Nein,2026-01-26 bis 2026-02-01,2026-01-26,2026-02-01,images_rewe/bamberg_offer_067.jpg,bamberg
Sanella Streichfett,Keine Marke,"€ 1,39",,"1 kg = 3,48",je 400-g-Becher,Nein,2026-01-26 bis 2026-02-01,2026-01-26,2026-02-01,images_rewe/bamberg_offer_068.jpg,bamberg
Exquisa Milder Skyr,Keine Marke,"€ 1,49",,"1 kg = 3,73",je 400-g-Becher,Nein,2026-01-26 bis 2026-02-01,2026-01-26,2026-02-01,images_rewe/bamberg_offer_069.jpg,bamberg
Müller Reine Buttermilch,Keine Marke,"€ 0,59",,"1 kg = 1,18","je 500-g-Fl, zzgl. 0,25 Pfand",Nein,2026-01-26 bis 2026-02-01,2026-01-26,2026-02-01,images_rewe/bamberg_offer_070.jpg,bamberg
Rama zum Braten,Keine Marke,"€ 1,49",,"1 l = 2,98","versch. Sorten, je 500-ml-Fl",Nein,2026-01-26 bis 2026-02-01,2026-01-26,2026-02-01,images_rewe/bamberg_offer_072.jpg,bamberg
Allgäuer Hof-Milch Käsescheiben aus Heumilch,Keine Marke,"€ 1,49",,"1 kg = 14,90","versch. Sorten, je 100-g-Pckg",Nein,2026-01-26 bis 2026-02-01,2026-01-26,2026-02-01,images_rewe/bamberg_offer_074.jpg,bamberg
Allgäuer Hof-Milch Reibekäse,Keine Marke,"€ 1,79",,"1 kg = 11,93","versch. Sorten, je 150-g-Pckg",Nein,2026-01-26 bis 2026-02-01,2026-01-26,2026-02-01,images_rewe/bamberg_offer_075.jpg,bamberg
REWE Regional Frisches Hähnchen-Brustfilet,Keine Marke,"€ 6,99",,"1 kg = 12,71","Teilstück, je 550-g-Pckg",Nein,2026-01-26 bis 2026-02-01,2026-01-26,2026-02-01,images_rewe/bamberg_offer_076.jpg,bamberg
Exquisa Quark Genuss,Keine Marke,"€ 1,49",,"1 kg = 2,98","Erdbeere, 0,2% Fett, je 500-g-Becher",Nein,2026-01-26 bis 2026-02-01,2026-01-26,2026-02-01,images_rewe/bamberg_offer_077.jpg,bamberg
Wilhelm Brandenburg Leberwurst mit Kalbfleisch,Keine Marke,"€ 0,99",,Kein Mengenpreis,je 100 g,Nein,2026-01-26 bis 2026-02-01,2026-01-26,2026-02-01,images_rewe/bamberg_offer_078.jpg,bamberg
Citterio Mailänder Salami Strafino,Keine Marke,"€ 1,99",,Kein Mengenpreis,je 100 g,Nein,2026-01-26 bis 2026-02-01,2026-01-26,2026-02-01,images_rewe/bamberg_offer_079.jpg,bamberg
Andechser Natur Körniger Bio-Frischkäse,Keine Marke,"€ 1,49",,"1 kg = 7,45",je 200-g-Becher,Nein,2026-01-26 bis 2026-02-01,2026-01-26,2026-02-01,images_rewe/bamberg_offer_073.jpg,bamberg
Rinder-Markknochen,Keine Marke,"€ 4,49",,Kein Mengenpreis,"SB-verpackt, je 1 kg",Nein,2026-01-26 bis 2026-02-01,2026-01-26,2026-02-01,images_rewe/bamberg_offer_089.jpg,bamberg
REWE Regional Frisches Hähnchen-Innenbrustfilet,Keine Marke,"€ 4,44",,"1 kg = 12,69",je 350-g-Pckg,Nein,2026-01-26 bis 2026-02-01,2026-01-26,2026-02-01,images_rewe/bamberg_offer_091.jpg,bamberg
Andechser Natur Bio-Frischkäse mit Joghurt,Keine Marke,"€ 1,49",,"1 kg = 8,51","Natur, je 175-g-Pckg",Nein,2026-01-26 bis 2026-02-01,2026-01-26,2026-02-01,images_rewe/bamberg_offer_080.jpg,bamberg
Schweine-Gulasch XXL,Keine Marke,"€ 7,99",,Kein Mengenpreis,"aus dem Schinken, je 1000-g-Pckg",Nein,2026-01-26 bis 2026-02-01,2026-01-26,2026-02-01,images_rewe/bamberg_offer_090.jpg,bamberg
REWE Bio Rinder-Hamburger,Keine Marke,"€ 4,99",,"1 kg = 24,95","gewürzt, je 200-g-Pckg",Nein,2026-01-26 bis 2026-02-01,2026-01-26,2026-02-01,images_rewe/bamberg_offer_088.jpg,bamberg
REWE Bio Rinder-Hackfleisch,Keine Marke,"€ 5,50",,"1 kg = 22,00",je 250-g-Pckg,Nein,2026-01-26 bis 2026-02-01,2026-01-26,2026-02-01,images_rewe/bamberg_offer_087.jpg,bamberg
Frische Kaninchen,Keine Marke,"€ 14,90",,Kein Mengenpreis,"mit Kopf und Nieren, SB-verpackt, je 1 kg",Nein,2026-01-26 bis 2026-02-01,2026-01-26,2026-02-01,images_rewe/bamberg_offer_086.jpg,bamberg
Rote Hexe,Keine Marke,"€ 2,49",,Kein Mengenpreis,"Schweizer Schnittkäse, mind. 55% Fett i.Tr., je 100 g",Nein,2026-01-26 bis 2026-02-01,2026-01-26,2026-02-01,images_rewe/bamberg_offer_092.jpg,bamberg
REWE Bio Schweine-Minutensteaks,Keine Marke,"€ 32,90",,Kein Mengenpreis,"SB-verpackt, je 1 kg",Nein,2026-01-26 bis 2026-02-01,2026-01-26,2026-02-01,images_rewe/bamberg_offer_085.jpg,bamberg
Nature Respect Frische Freiland- Hähnchen,Keine Marke,"€ 7,99",,Kein Mengenpreis,"SB-verpackt, je 1 kg",Nein,2026-01-26 bis 2026-02-01,2026-01-26,2026-02-01,images_rewe/bamberg_offer_084.jpg,bamberg
Schiller GQB Strohschwein Frischwurst-Aufschnitt,Keine Marke,"€ 1,11",,Kein Mengenpreis,"versch. Sorten, je 100 g",Nein,2026-01-26 bis 2026-02-01,2026-01-26,2026-02-01,images_rewe/bamberg_offer_083.jpg,bamberg
T-Bone Steak,Keine Marke,"€ 29,90",,Kein Mengenpreis,"vom Jungbullen, SB-verpackt, je 1 kg",Nein,2026-01-26 bis 2026-02-01,2026-01-26,2026-02-01,images_rewe/bamberg_offer_082.jpg,bamberg
Metten Hähnchen in Aspik,Keine Marke,"€ 1,39",,Kein Mengenpreis,"mit Frucht, je 100 g",Nein,2026-01-26 bis 2026-02-01,2026-01-26,2026-02-01,images_rewe/bamberg_offer_081.jpg,bamberg
Obstsalat Exotic,Keine Marke,"€ 4,49",,"1 kg = 8,98",je 500-g-Schale,Nein,2026-01-26 bis 2026-02-01,2026-01-26,2026-02-01,images_rewe/immenstaad_offer_088.jpg,immenstaad
REWE Bio Hafer Cookies Milchschokolade,Keine Marke,"€ 2,59",,"1 kg = 8,63",je 300-g-Pckg,Nein,2026-01-26 bis 2026-02-01,2026-01-26,2026-02-01,images_rewe/immenstaad_offer_122.jpg,immenstaad
Karamalz,Keine Marke,"€ 1,11",,"1 l = 1,48","alkoholfreies Malzgetränk, je 0,75-l-Fl, zzgl. 0,25 Pfand",Nein,2026-01-26 bis 2026-02-01,2026-01-26,2026-02-01,images_rewe/immenstaad_offer_128.jpg,immenstaad
REWE Bio Rote Bete Saft,Keine Marke,"€ 0,69",,"1 l = 1,38","je 0,5-l-Pckg",Nein,2026-01-26 bis 2026-02-01,2026-01-26,2026-02-01,images_rewe/immenstaad_offer_129.jpg,immenstaad
REWE Bio vegan Salat-Mayo oder Remoulade,Keine Marke,"€ 1,39",,"1 l = 5,56",je 250-ml-Glas,Nein,2026-01-26 bis 2026-02-01,2026-01-26,2026-02-01,images_rewe/immenstaad_offer_117.jpg,immenstaad
Gelb- oder pinkfleischige Honeypomelo,Keine Marke,"€ 1,49",,Kein Mengenpreis,"Kl. I, je St",Nein,2026-01-26 bis 2026-02-01,2026-01-26,2026-02-01,images_rewe/immenstaad_offer_024.jpg,immenstaad
Wagner Schwartenmagen,Keine Marke,"€ 0,99",,Kein Mengenpreis,"nach Hausmacher Art, je 100 g",Nein,2026-01-26 bis 2026-02-01,2026-01-26,2026-02-01,images_rewe/immenstaad_offer_035.jpg,immenstaad
Kalbs-Schnitzel,Keine Marke,"€ 2,22",,Kein Mengenpreis,"aus der Keule, Haltungsform 2, je 100 g",Nein,2026-01-26 bis 2026-02-01,2026-01-26,2026-02-01,images_rewe/immenstaad_offer_036.jpg,immenstaad
Bio Rispentomaten,Keine Marke,"€ 1,79",,"1 kg = 3,58","Kl. II, je 500-g-Schale",Nein,2026-01-26 bis 2026-02-01,2026-01-26,2026-02-01,images_rewe/immenstaad_offer_019.jpg,immenstaad
Bio Crispy Salatmix,Keine Marke,"€ 0,99",,"1 kg = 9,90",je 100-g-Pckg,Nein,2026-01-26 bis 2026-02-01,2026-01-26,2026-02-01,images_rewe/immenstaad_offer_018.jpg,immenstaad
Bio Avocado,Keine Marke,"€ 1,39",,Kein Mengenpreis,"»Hass«, Kl. II, je St",Nein,2026-01-26 bis 2026-02-01,2026-01-26,2026-02-01,images_rewe/immenstaad_offer_008.jpg,immenstaad
Broccoli,Keine Marke,"€ 1,11",,"1 kg = 2,22","Kl. I, je 500-g-Pckg",Nein,2026-01-26 bis 2026-02-01,2026-01-26,2026-02-01,images_rewe/immenstaad_offer_014.jpg,immenstaad
Himbeeren,Keine Marke,"€ 3,49",,"1 kg = 13,96","Kl. I, je 250-g-Schale",Nein,2026-01-26 bis 2026-02-01,2026-01-26,2026-02-01,images_rewe/immenstaad_offer_015.jpg,immenstaad
Landbauern Rind Braten,Keine Marke,"€ 1,55",,Kein Mengenpreis,"vom Bug, Haltungsform 3, je 100 g",Nein,2026-01-26 bis 2026-02-01,2026-01-26,2026-02-01,images_rewe/immenstaad_offer_037.jpg,immenstaad
Landbauern Rind Roastbeef,Keine Marke,"€ 2,99",,Kein Mengenpreis,"am Stück oder in Scheiben, Haltungsform 3, je 100 g",Nein,2026-01-26 bis 2026-02-01,2026-01-26,2026-02-01,images_rewe/immenstaad_offer_039.jpg,immenstaad
Meister Frischwurst-Aufschnitt,Keine Marke,"€ 0,99",,Kein Mengenpreis,"versch. Sorten, je 100 g",Nein,2026-01-26 bis 2026-02-01,2026-01-26,2026-02-01,images_rewe/immenstaad_offer_065.jpg,immenstaad
Delikatess Leberwurst mit Kalbfleisch,Keine Marke,"€ 0,99",,Kein Mengenpreis,je 100 g,Nein,2026-01-26 bis 2026-02-01,2026-01-26,2026-02-01,images_rewe/immenstaad_offer_066.jpg,immenstaad
Frisches Hähnchen-Brustfilet,Keine Marke,"€ 12,20",,Kein Mengenpreis,"Teilstück, SB-verpackt, je 1 kg",Nein,2026-01-26 bis 2026-02-01,2026-01-26,2026-02-01,images_rewe/immenstaad_offer_069.jpg,immenstaad
Landbauernschwein Geschnetzeltes,Keine Marke,"€ 14,90",,Kein Mengenpreis,"mit versch. Würzungen, SB-verpackt, je 1 kg",Nein,2026-01-26 bis 2026-02-01,2026-01-26,2026-02-01,images_rewe/immenstaad_offer_071.jpg,immenstaad
Puten-Schnitzel,Keine Marke,"€ 1,49",,Kein Mengenpreis,"natur oder mariniert, Haltungsform 3, je 100 g",Nein,2026-01-26 bis 2026-02-01,2026-01-26,2026-02-01,images_rewe/immenstaad_offer_038.jpg,immenstaad
Schweine-Schnitzel Braten oder Gulasch,Keine Marke,"€ 0,88",,Kein Mengenpreis,"aus dem Schinken, Haltungsform 2, je 100 g",Nein,2026-01-26 bis 2026-02-01,2026-01-26,2026-02-01,images_rewe/immenstaad_offer_040.jpg,immenstaad
Fleischspieße,Keine Marke,"€ 0,99",,Kein Mengenpreis,"vom Schwein, natur oder gewürzt, Haltungsform 2, je 100 g",Nein,2026-01-26 bis 2026-02-01,2026-01-26,2026-02-01,images_rewe/immenstaad_offer_041.jpg,immenstaad
Zupfbraten Black Garlic,Keine Marke,"€ 1,49",,Kein Mengenpreis,"mit Schinken und Käse gefüllt, Haltungsform 2, je 100 g",Nein,2026-01-26 bis 2026-02-01,2026-01-26,2026-02-01,images_rewe/immenstaad_offer_042.jpg,immenstaad
Mammut Käse,Keine Marke,"€ 2,59",,Kein Mengenpreis,"österr. Hartkäse, 45% Fett i.Tr., je 100 g",Nein,2026-01-26 bis 2026-02-01,2026-01-26,2026-02-01,images_rewe/immenstaad_offer_043.jpg,immenstaad
Landana Jersey mild,Keine Marke,"€ 1,59",,Kein Mengenpreis,"holl. Schnittkäse, 50% Fett i.Tr., je 100 g",Nein,2026-01-26 bis 2026-02-01,2026-01-26,2026-02-01,images_rewe/immenstaad_offer_045.jpg,immenstaad
Bauernbratwurst,Keine Marke,"€ 1,59",,Kein Mengenpreis,je 100 g,Nein,2026-01-26 bis 2026-02-01,2026-01-26,2026-02-01,images_rewe/immenstaad_offer_046.jpg,immenstaad
Krustenschinken,Keine Marke,"€ 1,79",,Kein Mengenpreis,je 100 g,Nein,2026-01-26 bis 2026-02-01,2026-01-26,2026-02-01,images_rewe/immenstaad_offer_047.jpg,immenstaad
REWE Salami,Keine Marke,"€ 1,49",,Kein Mengenpreis,je 100 g,Nein,2026-01-26 bis 2026-02-01,2026-01-26,2026-02-01,images_rewe/immenstaad_offer_044.jpg,immenstaad
Landbauern Schwein Bockwurst,Keine Marke,"€ 0,99",,Kein Mengenpreis,je 100 g,Nein,2026-01-26 bis 2026-02-01,2026-01-26,2026-02-01,images_rewe/immenstaad_offer_049.jpg,immenstaad
Sanfter Engel,Keine Marke,"€ 2,49",,Kein Mengenpreis,"Schweizer Hartkäse, 55% Fett i.Tr., je 100 g",Nein,2026-01-26 bis 2026-02-01,2026-01-26,2026-02-01,images_rewe/immenstaad_offer_048.jpg,immenstaad
Mionetto Prosecco Spumante DOC oder Prestige 0 0,Keine Marke,"€ 6,99",,"1 l = 9,32","teilw. alkoholfrei, je 0,75-l-Fl",Nein,2026-01-26 bis 2026-02-01,2026-01-26,2026-02-01,images_rewe/nationale_offer_086.jpg,nationale
Güstrower Schlossquell,Keine Marke,"€ 5,49",,"1 l = 0,46","versch. Sorten, je 12 x 1-l-Fl.-Kasten, zzgl. 4,50 Pfand",Nein,2026-01-26 bis 2026-02-01,2026-01-26,2026-02-01,images_rewe/neubrandenburg_offer_151.jpg,neubrandenburg
Vita Cola,Keine Marke,"€ 6,49",,"1 l = 1,08","koffeinhaltig, je 8 x 0,75-l-Fl.-Kasten, zzgl. 2,70 Pfand",Nein,2026-01-26 bis 2026-02-01,2026-01-26,2026-02-01,images_rewe/neubrandenburg_offer_153.jpg,neubrandenburg
Rostocker Pils Zwickl Naturtrüb Export oder Radler Naturtrüb,Keine Marke,"€ 10,99",,"1 l = 1,10","je 20 x 0,5-l-Fl.-Kasten, zzgl. 3,10 Pfand",Nein,2026-01-26 bis 2026-02-01,2026-01-26,2026-02-01,images_rewe/neubrandenburg_offer_168.jpg,neubrandenburg
Ileburger Fruit Water,Keine Marke,"€ 0,79",,"1 l = 0,53","versch. Sorten, je 1,5-l-Fl, zzgl. 0,25 Pfand",Nein,2026-01-26 bis 2026-02-01,2026-01-26,2026-02-01,images_rewe/neubrandenburg_offer_159.jpg,neubrandenburg
Hella Aktiv Grapefruit oder ACE,Keine Marke,"€ 0,59",,"1 l = 0,79","je 0,75-l-Fl, zzgl. 0,25 Pfand",Nein,2026-01-26 bis 2026-02-01,2026-01-26,2026-02-01,images_rewe/neubrandenburg_offer_160.jpg,neubrandenburg
Harzer Kräuterhexe,Keine Marke,"€ 0,59",,"1 l = 0,79","je 0,75-l-Fl, zzgl. 0,25 Pfand",Nein,2026-01-26 bis 2026-02-01,2026-01-26,2026-02-01,images_rewe/neubrandenburg_offer_162.jpg,neubrandenburg
Radeberger Pilsner oder alkoholfrei,Keine Marke,"€ 10,99",,"1 l = 1,10","je 20 x 0,5-l-Fl.-Kasten, zzgl. 3,10 Pfand",Nein,2026-01-26 bis 2026-02-01,2026-01-26,2026-02-01,images_rewe/neubrandenburg_offer_166.jpg,neubrandenburg
Aleo Aloe Vera,Keine Marke,"€ 1,19",,"1 l = 2,38","versch. Sorten, je 0,5-l-Fl, zzgl. 0,25 Pfand",Nein,2026-01-26 bis 2026-02-01,2026-01-26,2026-02-01,images_rewe/neubrandenburg_offer_157.jpg,neubrandenburg
Werder Tomaten Ketchup,Keine Marke,"€ 1,49",,"1 l = 3,31","versch. Sorten, je 450-ml-Fl",Nein,2026-01-26 bis 2026-02-01,2026-01-26,2026-02-01,images_rewe/neubrandenburg_offer_118.jpg,neubrandenburg
Bayreuther Hell,Keine Marke,"€ 14,49",,"1 l = 1,45","je 20 x 0,5-l-Fl.-Kasten, zzgl. 3,10 Pfand",Nein,2026-01-26 bis 2026-02-01,2026-01-26,2026-02-01,images_rewe/neubrandenburg_offer_170.jpg,neubrandenburg
Spreewaldhof Letscho Premium,Keine Marke,"€ 1,69",,"1 kg = 2,49",je 680-g-Glas,Nein,2026-01-26 bis 2026-02-01,2026-01-26,2026-02-01,images_rewe/neubrandenburg_offer_120.jpg,neubrandenburg
Lausitzer Apfelmus,Keine Marke,"€ 1,29",,"1 kg = 1,83",je 705-g-Glas,Nein,2026-01-26 bis 2026-02-01,2026-01-26,2026-02-01,images_rewe/neubrandenburg_offer_124.jpg,neubrandenburg
Kunella Rapsöl,Keine Marke,"€ 1,99",,"1 l = 3,98",je 500-ml-Fl,Nein,2026-01-26 bis 2026-02-01,2026-01-26,2026-02-01,images_rewe/neubrandenburg_offer_125.jpg,neubrandenburg
Kathi Papageienkuchen,Keine Marke,"€ 2,49",,"1 kg = 2,96",je 840-g-Pckg,Nein,2026-01-26 bis 2026-02-01,2026-01-26,2026-02-01,images_rewe/neubrandenburg_offer_130.jpg,neubrandenburg
Zetti Knusperflocken,Keine Marke,"€ 2,99",,"1 kg = 11,07",je 270-g-Btl,Nein,2026-01-26 bis 2026-02-01,2026-01-26,2026-02-01,images_rewe/neubrandenburg_offer_137.jpg,neubrandenburg
Viba Nougat Classic,Keine Marke,"€ 2,99",,"1 kg = 19,93",je 3 x 50-g-Pckg,Nein,2026-01-26 bis 2026-02-01,2026-01-26,2026-02-01,images_rewe/neubrandenburg_offer_140.jpg,neubrandenburg
Feldschlößchen Pilsner oder Export,Keine Marke,"€ 9,99",,"1 l = 1,00","je 20 x 0,5-l-Fl.-Kasten, zzgl. 3,10 Pfand",Nein,2026-01-26 bis 2026-02-01,2026-01-26,2026-02-01,images_rewe/neubrandenburg_offer_171.jpg,neubrandenburg
Darguner Pilsener Naturradler Zitrone oder Mecklenburger hell,Keine Marke,"€ 8,99",,"1 l = 0,90","je 20 x 0,5-l-Fl.-Kasten, zzgl. 3,10 Pfand",Nein,2026-01-26 bis 2026-02-01,2026-01-26,2026-02-01,images_rewe/neubrandenburg_offer_172.jpg,neubrandenburg
Wilthener Goldkrone,Keine Marke,"€ 4,29",,"1 l = 6,13","28% Vol., je 0,7-l-Fl",Nein,2026-01-26 bis 2026-02-01,2026-01-26,2026-02-01,images_rewe/neubrandenburg_offer_177.jpg,neubrandenburg
Graf von Wackerbarth Sekt,Keine Marke,"€ 4,99",,"1 l = 6,65","trocken oder halbtrocken, je 0,75-l-Fl",Nein,2026-01-26 bis 2026-02-01,2026-01-26,2026-02-01,images_rewe/neubrandenburg_offer_179.jpg,neubrandenburg
Fläminger Jagd,Keine Marke,"€ 4,99",,"1 l = 7,13","Kräuterlikör, 30% Vol., je 0,7-l-Fl",Nein,2026-01-26 bis 2026-02-01,2026-01-26,2026-02-01,images_rewe/neubrandenburg_offer_181.jpg,neubrandenburg
Nordhäuser Fruchtige,Keine Marke,"€ 4,99",,"1 l = 7,13","Johannisbeere, 18% Vol., je 0,7-l-Fl",Nein,2026-01-26 bis 2026-02-01,2026-01-26,2026-02-01,images_rewe/neubrandenburg_offer_183.jpg,neubrandenburg
XTra-Korn Weizenmischbrot,Keine Marke,"€ 2,19",,"1 kg = 4,38","mit Reisflocken und Sesam, je 500-g-St",Nein,2026-01-26 bis 2026-02-01,2026-01-26,2026-02-01,images_rewe/neubrandenburg_offer_113.jpg,neubrandenburg
Frisches Hähnchen-Brustfilet,Keine Marke,"€ 11,10",,Kein Mengenpreis,"Teilstück, SB-verpackt, je 1 kg",Nein,2026-01-26 bis 2026-02-01,2026-01-26,2026-02-01,images_rewe/neubrandenburg_offer_055.jpg,neubrandenburg
Bio Avocado,Keine Marke,"€ 1,29",,Kein Mengenpreis,"»Hass«, Kl. II, je St",Nein,2026-01-26 bis 2026-02-01,2026-01-26,2026-02-01,images_rewe/neubrandenburg_offer_009.jpg,neubrandenburg
Himbeeren,Keine Marke,"€ 3,33",,"1 kg = 13,32","Kl. I, je 250-g-Schale",Nein,2026-01-26 bis 2026-02-01,2026-01-26,2026-02-01,images_rewe/neubrandenburg_offer_015.jpg,neubrandenburg
Snack Möhren,Keine Marke,"€ 1,11",,"1 kg = 4,44","Kl. I, je 250-g-Btl",Nein,2026-01-26 bis 2026-02-01,2026-01-26,2026-02-01,images_rewe/neubrandenburg_offer_016.jpg,neubrandenburg
Mini Rispentomaten,Keine Marke,"€ 1,79",,"1 kg = 4,48","Kl. I, je 400-g-Schale",Nein,2026-01-26 bis 2026-02-01,2026-01-26,2026-02-01,images_rewe/neubrandenburg_offer_018.jpg,neubrandenburg
Staudensellerie,Keine Marke,"€ 0,99",,Kein Mengenpreis,"Kl. I, je St",Nein,2026-01-26 bis 2026-02-01,2026-01-26,2026-02-01,images_rewe/neubrandenburg_offer_019.jpg,neubrandenburg
Heidelbeeren,Keine Marke,"€ 0,99",,"1 kg = 7,92","Kl. I, je 125-g-Schale",Nein,2026-01-26 bis 2026-02-01,2026-01-26,2026-02-01,images_rewe/neubrandenburg_offer_023.jpg,neubrandenburg
Nudossi Nuss-Nougat-Creme,Keine Marke,"€ 2,29",,"1 kg = 7,63",je 300-g-Glas,Nein,2026-01-26 bis 2026-02-01,2026-01-26,2026-02-01,images_rewe/neubrandenburg_offer_108.jpg,neubrandenburg
Zörbiger Fruchtaufstrich,Keine Marke,"€ 1,69",,"1 kg = 6,63","versch. Sorten, je 255-g-Glas",Nein,2026-01-26 bis 2026-02-01,2026-01-26,2026-02-01,images_rewe/neubrandenburg_offer_112.jpg,neubrandenburg
Gutfried Geflügel-Aufschnitt,Keine Marke,"€ 1,49",,Kein Mengenpreis,"versch. Sorten, je 100 g",Nein,2026-01-26 bis 2026-02-01,2026-01-26,2026-02-01,images_rewe/neubrandenburg_offer_059.jpg,neubrandenburg
T-Bone Steak,Keine Marke,"€ 25,90",,Kein Mengenpreis,"vom Jungbullen, SB-verpackt, je 1 kg",Nein,2026-01-26 bis 2026-02-01,2026-01-26,2026-02-01,images_rewe/neubrandenburg_offer_061.jpg,neubrandenburg
Rinder-Suppenfleisch,Keine Marke,"€ 11,90",,Kein Mengenpreis,"vom Jungbullen, mit Knochen, SB-verpackt, je 1 kg",Nein,2026-01-26 bis 2026-02-01,2026-01-26,2026-02-01,images_rewe/neubrandenburg_offer_062.jpg,neubrandenburg
Thüringer Landstolz Paprikapastete,Keine Marke,"€ 1,49",,Kein Mengenpreis,"mit Joghurt, je 100 g",Nein,2026-01-26 bis 2026-02-01,2026-01-26,2026-02-01,images_rewe/neubrandenburg_offer_063.jpg,neubrandenburg
Hackfleisch gemischt,Keine Marke,"€ 2,69",,"1 kg = 10,76","vom Rind und Schwein, je 250-g-Pckg",Nein,2026-01-26 bis 2026-02-01,2026-01-26,2026-02-01,images_rewe/neubrandenburg_offer_064.jpg,neubrandenburg
Nature Respect Frische Freiland- Hähnchen,Keine Marke,"€ 8,80",,Kein Mengenpreis,"SB-verpackt, je 1 kg",Nein,2026-01-26 bis 2026-02-01,2026-01-26,2026-02-01,images_rewe/neubrandenburg_offer_065.jpg,neubrandenburg
REWE Bio Schweine-Minutensteaks,Keine Marke,"€ 27,90",,Kein Mengenpreis,"SB-verpackt, je 1 kg",Nein,2026-01-26 bis 2026-02-01,2026-01-26,2026-02-01,images_rewe/neubrandenburg_offer_066.jpg,neubrandenburg
Deutsche See Sprotten,Keine Marke,"€ 2,29",,"1 kg = 17,62","heißgeräuchert, je 130-g-Pckg",Nein,2026-01-26 bis 2026-02-01,2026-01-26,2026-02-01,images_rewe/neubrandenburg_offer_067.jpg,neubrandenburg
Frische Kaninchen,Keine Marke,"€ 12,90",,Kein Mengenpreis,"mit Kopf und Nieren, SB-verpackt, je 1 kg",Nein,2026-01-26 bis 2026-02-01,2026-01-26,2026-02-01,images_rewe/neubrandenburg_offer_068.jpg,neubrandenburg
Spanferkel-Rollbraten,Keine Marke,"€ 9,90",,Kein Mengenpreis,"mit Gewürzsalz, SB-verpackt, je 1 kg",Nein,2026-01-26 bis 2026-02-01,2026-01-26,2026-02-01,images_rewe/neubrandenburg_offer_069.jpg,neubrandenburg
Frische Puten-Medaillons,Keine Marke,"€ 5,99",,"1 kg = 14,98",je 400-g-Pckg,Nein,2026-01-26 bis 2026-02-01,2026-01-26,2026-02-01,images_rewe/neubrandenburg_offer_070.jpg,neubrandenburg
Schweine-Gulasch XXL,Keine Marke,"€ 7,90",,Kein Mengenpreis,"aus dem Schinken, je 1000-g-Pckg",Nein,2026-01-26 bis 2026-02-01,2026-01-26,2026-02-01,images_rewe/neubrandenburg_offer_071.jpg,neubrandenburg
