Produkt,Marke,Preis,Vorheriger Preis,Preis_kg,Hinweis,Nur_online,Gueltig_raw,Gueltig_von,Gueltig_bis,Bildpfad,assigned_labels,Einheit,nutrition_link,reference_row_id,rough_match_observation_ids,exact_match_observation_ids
Frischkäse,Philadelphia,"€ 0,89",,"1 kg = 4,56",,Nein,Gültig bis 04.04,2026-03-30,2026-04-04,../images/aldi/aldi_offer_001.jpg,"cat_molkerei_kaese,sub_kaese,sub_milchprodukte,sub_sahne_creme,tag_ultra_processed",,BLS-D3A6000,ref_000001,obs_0000002951|obs_0000003481|obs_0000000519|obs_0000016946|obs_0000026675|obs_0000017482|obs_0000022604|obs_0000017513|obs_0000018043|obs_0000022149|obs_0000028302|obs_0000025259|obs_0000020143|obs_0000018636|obs_0000022250|obs_0000018668|obs_0000027893|obs_0000019721|obs_0000022312|obs_0000024882|obs_0000010048|obs_0000024407|obs_0000009596|obs_0000019362|obs_0000023986|obs_0000020962|obs_0000017894|obs_0000018437|obs_0000018441|obs_0000009739|obs_0000002064|obs_0000019510|obs_0000009275|obs_0000024137|obs_0000022111|obs_0000022114|obs_0000008311|obs_0000000665|obs_0000023715|obs_0000031907|obs_0000003254|obs_0000002331|obs_0000002429|obs_0000002443|obs_0000026562|obs_0000022984|obs_0000013780|obs_0000001493|obs_0000028125|obs_0000000998,obs_0000000519|obs_0000016946|obs_0000026675|obs_0000017482|obs_0000022604|obs_0000017513|obs_0000018043|obs_0000022149|obs_0000028302|obs_0000025259|obs_0000020143|obs_0000018636|obs_0000022250|obs_0000018668|obs_0000027893|obs_0000019721|obs_0000022312|obs_0000024882|obs_0000010048|obs_0000024407|obs_0000009596|obs_0000002951|obs_0000003481|obs_0000019362|obs_0000023986|obs_0000020962|obs_0000017894
Norwegischer Räucherlachs,Norwegischer Räucherlachs,"€ 0,59",,"pro Einheit = 0,59",,Nein,Gültig bis 04.04,2026-03-30,2026-04-04,../images/aldi/aldi_offer_002.jpg,"cat_fisch_meeresfruechte,tag_high_protein,tag_proteinreich",,,ref_000002,obs_0000001422|obs_0000018867|obs_0000018877|obs_0000023258|obs_0000001784|obs_0000018333|obs_0000025269|obs_0000002571|obs_0000001935|obs_0000025231|obs_0000020251|obs_0000005956|obs_0000031816|obs_0000001994|obs_0000021070|obs_0000017750|obs_0000016608|obs_0000003427|obs_0000028795|obs_0000008702,obs_0000001422|obs_0000018333|obs_0000018867|obs_0000025269|obs_0000018877|obs_0000023258|obs_0000001784
Chocolate Chips,Mövenpick,"€ 1,49",,"pro Einheit = 3,99",,Nein,Gültig bis 04.04,2026-03-30,2026-04-04,../images/aldi/aldi_offer_003.jpg,"cat_knabbern_naschen,diet_gluten_free,diet_lactose_free,diet_vegan,diet_vegetarian,tag_ultra_processed",,,ref_000003,obs_0000014349|obs_0000002584|obs_0000035109|obs_0000003161|obs_0000011964|obs_0000023296|obs_0000014595|obs_0000011110|obs_0000033655|obs_0000034193|obs_0000031705,
Gurke,Gurke,"€ 0,44",,"pro Einheit = 0,55",,Nein,Gültig bis 04.04,2026-03-30,2026-04-04,../images/aldi/aldi_offer_004.jpg,"cat_obst_gemuese,diet_gluten_free,diet_lactose_free,diet_vegan,diet_vegetarian,sub_frisches_gemuese,tag_whole_food",,BLS-G520100,ref_000004,obs_0000001511|obs_0000034521|obs_0000002563|obs_0000026127|obs_0000003696|obs_0000027093|obs_0000031588|obs_0000027655|obs_0000034913|obs_0000008543|obs_0000010472|obs_0000012714|obs_0000014430|obs_0000014439|obs_0000013419|obs_0000012212|obs_0000007517|obs_0000029920,obs_0000002563|obs_0000001511|obs_0000026127|obs_0000003696|obs_0000027093|obs_0000034521
Avocado,Avocado,"€ 0,85",,"pro Einheit = 0,85",,Nein,Gültig bis 04.04,2026-03-30,2026-04-04,../images/aldi/aldi_offer_005.jpg,"cat_getraenke,tag_ultra_processed",,BLS-F502100,ref_000005,obs_0000001305|obs_0000000694|obs_0000017166|obs_0000029201|obs_0000020117|obs_0000027541|obs_0000008728|obs_0000034105|obs_0000000058|obs_0000018748|obs_0000029123|obs_0000020936|obs_0000027854|obs_0000034516|obs_0000030562|obs_0000014073|obs_0000030466|obs_0000030212|obs_0000032517|obs_0000007317|obs_0000031260|obs_0000006430|obs_0000024863|obs_0000030124|obs_0000030257|obs_0000025778|obs_0000033717|obs_0000034744|obs_0000030826|obs_0000030959|obs_0000028796|obs_0000006418|obs_0000015526|obs_0000028463|obs_0000028218|obs_0000011409|obs_0000011817|obs_0000012744|obs_0000006605|obs_0000013139|obs_0000012255|obs_0000028383|obs_0000014440|obs_0000006785|obs_0000030016|obs_0000007527|obs_0000000895,obs_0000017166|obs_0000029201|obs_0000020117|obs_0000027541|obs_0000008728|obs_0000001305|obs_0000000694|obs_0000034105|obs_0000000058|obs_0000018748|obs_0000029123|obs_0000020936|obs_0000027854|obs_0000034516|obs_0000030562|obs_0000014073
Mini-Roma-Rispentomaten,Mini-Roma-Rispentomaten,"€ 1,99",,"1 kg = 6,63",,Nein,Gültig bis 04.04,2026-03-30,2026-04-04,../images/aldi/aldi_offer_006.jpg,"cat_obst_gemuese,diet_gluten_free,diet_lactose_free,diet_vegan,diet_vegetarian,sub_frisches_gemuese,tag_whole_food",,,ref_000006,obs_0000030961|obs_0000029645|obs_0000030568|obs_0000006427|obs_0000006431|obs_0000029206|obs_0000031628|obs_0000030260|obs_0000030918|obs_0000031140|obs_0000029129|obs_0000029204|obs_0000031461|obs_0000030141|obs_0000032515|obs_0000030469|obs_0000030614|obs_0000012328|obs_0000008287|obs_0000006379|obs_0000027139|obs_0000010932|obs_0000027413|obs_0000031578|obs_0000000876|obs_0000029590|obs_0000017530|obs_0000027927|obs_0000026024|obs_0000026075|obs_0000013997|obs_0000018128|obs_0000016216,obs_0000030961|obs_0000029645|obs_0000030568
Speisekartoffeln Drillinge,Speisekartoffeln Drillinge,"€ 1,39",,"pro Einheit = 1,39",,Nein,Gültig bis 04.04,2026-03-30,2026-04-04,../images/aldi/aldi_offer_007.jpg,"cat_obst_gemuese,diet_gluten_free,diet_lactose_free,diet_vegan,diet_vegetarian,sub_frisches_gemuese,sub_kartoffeln,tag_ultra_processed,tag_whole_food",,,ref_000007,obs_0000017026|obs_0000003716|obs_0000000006|obs_0000034312|obs_0000030615|obs_0000034910|obs_0000034088|obs_0000026668|obs_0000001070|obs_0000030140|obs_0000016324|obs_0000009672|obs_0000027986|obs_0000033875|obs_0000007514|obs_0000008539|obs_0000031321|obs_0000009188|obs_0000028399|obs_0000030837|obs_0000027510,
Heidelbeeren,KLEINE SCHÄTZE,"€ 1,99",,"1 kg = 13,27",,Nein,Gültig bis 04.04,2026-03-30,2026-04-04,../images/aldi/aldi_offer_008.jpg,"cat_obst_gemuese,diet_gluten_free,diet_lactose_free,diet_vegan,diet_vegetarian,sub_frisches_obst,tag_whole_food",,BLS-F304100,ref_000008,obs_0000001513|obs_0000002819|obs_0000026376|obs_0000032523|obs_0000027788|obs_0000003088|obs_0000033682|obs_0000025384|obs_0000025769|obs_0000031149|obs_0000007729|obs_0000000051|obs_0000030262|obs_0000000695|obs_0000003000|obs_0000016699|obs_0000032326|obs_0000019143|obs_0000026698|obs_0000034122|obs_0000029138|obs_0000030560|obs_0000028260|obs_0000027502|obs_0000000880|obs_0000033918|obs_0000034918|obs_0000006409|obs_0000030472|obs_0000034319|obs_0000030138|obs_0000030919|obs_0000022353|obs_0000005509|obs_0000005525|obs_0000005120|obs_0000006958|obs_0000005692|obs_0000007128|obs_0000007143|obs_0000005713|obs_0000005894,obs_0000002819|obs_0000026376|obs_0000032523|obs_0000027788|obs_0000003088|obs_0000033682|obs_0000025384|obs_0000025769|obs_0000031149|obs_0000007729|obs_0000000051|obs_0000030262|obs_0000000695|obs_0000003000|obs_0000016699|obs_0000032326|obs_0000019143|obs_0000026698|obs_0000034122|obs_0000029138|obs_0000030560|obs_0000028260|obs_0000001513|obs_0000027502|obs_0000000880|obs_0000033918|obs_0000034918
Trauben dunkel kernlos,Trauben dunkel kernlos,"€ 1,49",,"1 kg = 2,98",,Nein,Gültig bis 04.04,2026-03-30,2026-04-04,../images/aldi/aldi_offer_009.jpg,"cat_obst_gemuese,diet_gluten_free,diet_lactose_free,diet_vegan,diet_vegetarian,sub_frisches_obst,tag_whole_food",,,ref_000009,obs_0000001512|obs_0000001071|obs_0000000879|obs_0000027784|obs_0000025488|obs_0000027542|obs_0000026138|obs_0000021533|obs_0000000053|obs_0000020714|obs_0000025589,obs_0000001512
Saftorangen,rio d oro,"€ 1,89",,"1 kg = 1,26",,Nein,Gültig bis 04.04,2026-03-30,2026-04-04,../images/aldi/aldi_offer_010.jpg,"cat_obst_gemuese,diet_gluten_free,diet_lactose_free,diet_vegan,diet_vegetarian,sub_frisches_obst,tag_ultra_processed,tag_whole_food",,,ref_000010,obs_0000003139|obs_0000029595|obs_0000028871|obs_0000005869,obs_0000029595|obs_0000003139|obs_0000028871
Walnussbrötchen,Walnussbrötchen,"€ 0,39",,"pro Einheit = 0,59",,Nein,Gültig bis 04.04,2026-03-30,2026-04-04,../images/aldi/aldi_offer_011.jpg,"cat_grundnahrung,diet_vegetarian,tag_ultra_processed",,,ref_000011,obs_0000001801|obs_0000000266|obs_0000004330|obs_0000004757|obs_0000003132|obs_0000003903,obs_0000001801|obs_0000000266|obs_0000004330|obs_0000004757|obs_0000003132|obs_0000003903
Soja-Joghurtalternative Natur,Alpro,"€ 1,49",,"1 kg = 3,73",,Nein,Gültig bis 04.04,2026-03-30,2026-04-04,../images/aldi/aldi_offer_012.jpg,"cat_molkerei_kaese,diet_lactose_free,diet_vegan,diet_vegetarian,sub_joghurt_skyr_quark,sub_milchprodukte",,BLS-H844000,ref_000012,obs_0000002073|obs_0000015789|obs_0000023015|obs_0000028889|obs_0000001347|obs_0000009644,obs_0000002073|obs_0000015789
Crema d Oro,Dallmayr,"€ 11,99",,"pro Einheit = 20,99",,Nein,Gültig bis 04.04,2026-03-30,2026-04-04,../images/aldi/aldi_offer_013.jpg,"cat_getraenke,diet_gluten_free,diet_lactose_free,diet_vegan,diet_vegetarian",,,ref_000013,obs_0000012377|obs_0000020062|obs_0000024943|obs_0000020881|obs_0000003483|obs_0000024489|obs_0000024061|obs_0000008359,obs_0000012377|obs_0000020062|obs_0000024943|obs_0000020881|obs_0000003483
Frischkäse Kräuter,Philadelphia,"€ 0,89",,"pro Einheit = 2,29",,Nein,Gültig bis 04.04,2026-03-30,2026-04-04,../images/aldi/aldi_offer_014.jpg,"cat_molkerei_kaese,sub_kaese,sub_milchprodukte,sub_sahne_creme,tag_ultra_processed",,BLS-D3A6000,ref_000014,obs_0000002951|obs_0000003481|obs_0000000519|obs_0000012814|obs_0000016946|obs_0000026675|obs_0000017482|obs_0000022604|obs_0000017513|obs_0000018043|obs_0000000636|obs_0000022149|obs_0000028302|obs_0000027289|obs_0000025259|obs_0000020143|obs_0000018636|obs_0000002274|obs_0000022250|obs_0000018668|obs_0000009967|obs_0000027893|obs_0000019721|obs_0000002843|obs_0000009506|obs_0000022312|obs_0000011054|obs_0000024882|obs_0000034623|obs_0000010048|obs_0000001352|obs_0000024407|obs_0000009596|obs_0000019362|obs_0000023986|obs_0000013754|obs_0000020962|obs_0000017894,
Flabatta,Flabatta,"€ 0,59",,"pro Einheit = 0,99",,Nein,Gültig bis 04.04,2026-03-30,2026-04-04,../images/aldi/aldi_offer_015.jpg,"cat_grundnahrung,diet_vegetarian",,,ref_000015,obs_0000001800,obs_0000001800
Orange,Valensina,"€ 1,29",,"pro Einheit = 2,49",,Nein,Gültig bis 04.04,2026-03-30,2026-04-04,../images/aldi/aldi_offer_016.jpg,"cat_getraenke,diet_vegetarian,tag_whole_food",,BLS-F603100,ref_000016,obs_0000001318|obs_0000000709|obs_0000031736|obs_0000018210|obs_0000018350|obs_0000033841|obs_0000024762|obs_0000031164|obs_0000022473|obs_0000008779|obs_0000026213|obs_0000029441|obs_0000028600|obs_0000008506|obs_0000028490|obs_0000030841|obs_0000014342|obs_0000033837|obs_0000023762|obs_0000025949|obs_0000025825|obs_0000024177|obs_0000018546|obs_0000005098,obs_0000001318|obs_0000000709|obs_0000031736
Vitel Tonn,Gourmet Finest Cuisine,"€ 2,79",,"pro Einheit = 3,99",,Nein,Gültig bis 04.04,2026-03-30,2026-04-04,../images/aldi/aldi_offer_017.jpg,"cat_fleisch_wurst,sub_gefluegel,sub_wurst,tag_proteinreich,tag_ultra_processed",,,ref_000017,obs_0000003746|obs_0000004811|obs_0000002319|obs_0000004384|obs_0000000302|obs_0000003957|obs_0000003517,obs_0000003746|obs_0000004811|obs_0000002319|obs_0000004384|obs_0000000302|obs_0000003957|obs_0000003517
Genießer-Teller,Wiltmann,"€ 1,29",,"pro Einheit = 2,29",,Nein,Gültig bis 04.04,2026-03-30,2026-04-04,../images/aldi/aldi_offer_018.jpg,"cat_fleisch_wurst,sub_wurst,tag_ultra_processed",,,ref_000018,obs_0000001317|obs_0000012554,obs_0000001317
Bunte Eier,Landfreude,"€ 1,99",,"pro Einheit = 1,99",,Nein,Gültig bis 04.04,2026-03-30,2026-04-04,../images/aldi/aldi_offer_019.jpg,"cat_molkerei_kaese,tag_ultra_processed",,,ref_000019,obs_0000008570,
Kaffeepads,Lavazza,"€ 2,49",,"1 kg = 19,92",,Nein,Gültig bis 04.04,2026-03-30,2026-04-04,../images/aldi/aldi_offer_020.jpg,"cat_getraenke,diet_gluten_free,diet_lactose_free,diet_vegan,diet_vegetarian",,BLS-N410100,ref_000020,obs_0000009253|obs_0000000609|obs_0000001776|obs_0000033393|obs_0000009724|obs_0000031760|obs_0000014215|obs_0000001678|obs_0000013565|obs_0000003527|obs_0000000201|obs_0000031316|obs_0000011106|obs_0000010085|obs_0000006121|obs_0000032647|obs_0000001677|obs_0000000150|obs_0000029367|obs_0000008143|obs_0000003171|obs_0000002534|obs_0000001777|obs_0000030719,obs_0000009253|obs_0000000609|obs_0000001776|obs_0000033393|obs_0000009724
Serrano Gran Reserva,Gourmet Finest Cuisine,"€ 1,49",,"pro Einheit = 1,99",,Nein,Gültig bis 04.04,2026-03-30,2026-04-04,../images/aldi/aldi_offer_021.jpg,"cat_fleisch_wurst,sub_gefluegel,sub_schwein,sub_wurst,tag_proteinreich",,,ref_000021,obs_0000004695|obs_0000004268|obs_0000000225|obs_0000003841|obs_0000002312|obs_0000003516|obs_0000019020|obs_0000016779|obs_0000033095|obs_0000026600|obs_0000019244|obs_0000017765|obs_0000013670|obs_0000017541|obs_0000021163|obs_0000019735|obs_0000018713|obs_0000022369|obs_0000020344,obs_0000004695|obs_0000004268|obs_0000000225|obs_0000003841|obs_0000003516
Isländischer Räucherlachs,Gourmet Finest Cuisine,"€ 6,49",,"1 kg = 21,63",,Nein,Gültig bis 04.04,2026-03-30,2026-04-04,../images/aldi/aldi_offer_022.jpg,"cat_fisch_meeresfruechte,sub_gefluegel,sub_wurst,tag_proteinreich",,,ref_000022,obs_0000002571|obs_0000021070|obs_0000031816|obs_0000016608|obs_0000028795|obs_0000025231|obs_0000008702|obs_0000020251|obs_0000005956|obs_0000017750|obs_0000003427|obs_0000001935|obs_0000001994,
Joghurt mit der Ecke Waffelwürfel,Müller,"€ 0,33",,"pro Einheit = 2,20",,Nein,Gültig bis 04.04,2026-03-30,2026-04-04,../images/aldi/aldi_offer_023.jpg,"cat_molkerei_kaese,diet_vegetarian,sub_joghurt_skyr_quark,sub_milchprodukte,tag_ultra_processed",,,ref_000023,obs_0000008461|obs_0000014831|obs_0000023257|obs_0000023683|obs_0000023724|obs_0000031933|obs_0000015791|obs_0000011758|obs_0000026097|obs_0000024096|obs_0000024148|obs_0000000372|obs_0000004499|obs_0000004926|obs_0000004072|obs_0000001115|obs_0000005142|obs_0000028035|obs_0000032204|obs_0000030520|obs_0000026710|obs_0000020687|obs_0000020689|obs_0000028966|obs_0000023030|obs_0000008703|obs_0000025171|obs_0000017127|obs_0000023284|obs_0000025392|obs_0000033696|obs_0000009180|obs_0000021506|obs_0000021508|obs_0000025811|obs_0000015673|obs_0000019794|obs_0000009663|obs_0000034580,
Norwegischer Räucherlachs,ALMARE,"€ 3,49",,"pro Einheit = 4,29",,Nein,Gültig bis 04.04,2026-03-30,2026-04-04,../images/aldi/aldi_offer_024.jpg,"cat_fisch_meeresfruechte,tag_high_protein,tag_proteinreich",,,ref_000024,obs_0000001422|obs_0000001784|obs_0000018867|obs_0000018877|obs_0000023258|obs_0000001935|obs_0000018333|obs_0000025269|obs_0000002571|obs_0000025231|obs_0000020251|obs_0000005956|obs_0000031816|obs_0000001994|obs_0000021070|obs_0000017750|obs_0000016608|obs_0000003427|obs_0000028795|obs_0000008702,obs_0000001422|obs_0000018333|obs_0000018867|obs_0000025269|obs_0000018877|obs_0000023258|obs_0000001784
Veganer Schinken-Spicker Schnittlauch,Rügenwalder,"€ 1,11",,"pro Einheit = 1,59",,Nein,Gültig bis 04.04,2026-03-30,2026-04-04,../images/aldi/aldi_offer_025.jpg,"cat_fleisch_wurst,diet_lactose_free,diet_vegan,sub_fleischersatz,sub_schwein,sub_wurst,tag_ultra_processed",,,ref_000025,obs_0000000912|obs_0000034790|obs_0000033770|obs_0000034971|obs_0000014002|obs_0000008190|obs_0000029799|obs_0000034378|obs_0000028387|obs_0000016624|obs_0000017657,obs_0000000912|obs_0000034790|obs_0000033770
Müllermilch Erdbeer-Geschmack,Müller,"€ 0,66",,"pro Einheit = 1,49",,Nein,Gültig bis 04.04,2026-03-30,2026-04-04,../images/aldi/aldi_offer_026.jpg,"cat_molkerei_kaese,diet_vegetarian,sub_milchprodukte,tag_ultra_processed",,,ref_000026,obs_0000026666|obs_0000031787|obs_0000021596|obs_0000014942|obs_0000024685|obs_0000011465|obs_0000031450|obs_0000023291|obs_0000017154|obs_0000020777|obs_0000016180|obs_0000015795|obs_0000021950|obs_0000012795,
Unsere Goldstücke 6 Dinkel-Brötchen,Coppenrath Wiese,"€ 1,11",,"pro Einheit = 1,11",,Nein,Gültig bis 04.04,2026-03-30,2026-04-04,../images/aldi/aldi_offer_027.jpg,"cat_grundnahrung,diet_vegetarian,tag_ultra_processed",,,ref_000027,obs_0000001315|obs_0000034096|obs_0000027445|obs_0000009952|obs_0000009491|obs_0000014854|obs_0000010926|obs_0000012682|obs_0000026080,obs_0000030845|obs_0000032387|obs_0000009952|obs_0000009491|obs_0000031507|obs_0000001315|obs_0000034096|obs_0000027445|obs_0000008617|obs_0000030166
Finesse Putenbrust,Herta,"€ 1,19",,"pro Einheit = 2,59",,Nein,Gültig bis 04.04,2026-03-30,2026-04-04,../images/aldi/aldi_offer_028.jpg,"cat_fleisch_wurst,sub_gefluegel,tag_ultra_processed",,,ref_000028,obs_0000002709|obs_0000020896|obs_0000023749|obs_0000021835|obs_0000023266|obs_0000024171|obs_0000020077|obs_0000013841|obs_0000013979|obs_0000015778|obs_0000028852|obs_0000031285|obs_0000001982|obs_0000008679|obs_0000011755,
Delikatess-Lachsschinken,Gut Drei Eichen,"€ 1,69",,"pro Einheit = 2,39",,Nein,Gültig bis 04.04,2026-03-30,2026-04-04,../images/aldi/aldi_offer_029.jpg,"cat_fleisch_wurst,sub_schwein,sub_wurst,tag_ultra_processed",,,ref_000029,obs_0000001769|obs_0000001023|obs_0000028711|obs_0000025663|obs_0000028268|obs_0000024691|obs_0000025853|obs_0000019345|obs_0000028588|obs_0000026709|obs_0000006858|obs_0000007419|obs_0000027441|obs_0000010598|obs_0000033776,obs_0000028711|obs_0000025663|obs_0000028268|obs_0000024691|obs_0000001769|obs_0000025853|obs_0000019345|obs_0000028588|obs_0000001023
Käsescheiben,Grünländer,"€ 1,79",,"pro Einheit = 2,99",,Nein,Gültig bis 04.04,2026-03-30,2026-04-04,../images/aldi/aldi_offer_030.jpg,"cat_molkerei_kaese,sub_kaese,sub_milchprodukte,tag_ultra_processed",,,ref_000030,obs_0000001181|obs_0000031666|obs_0000002763|obs_0000017666|obs_0000020870|obs_0000027787|obs_0000031123|obs_0000025113|obs_0000018205|obs_0000002335|obs_0000027170|obs_0000016810|obs_0000034730|obs_0000020412|obs_0000024639|obs_0000022214|obs_0000033991|obs_0000020051|obs_0000000993|obs_0000002664|obs_0000026217|obs_0000021231|obs_0000025206|obs_0000004115|obs_0000000405|obs_0000019487|obs_0000004542|obs_0000004969|obs_0000016774|obs_0000017161|obs_0000014493|obs_0000020768|obs_0000007977|obs_0000019371|obs_0000017591|obs_0000021823|obs_0000032080|obs_0000021587|obs_0000018774|obs_0000032339|obs_0000029794|obs_0000002160|obs_0000026864|obs_0000025207|obs_0000007162|obs_0000006286|obs_0000026787|obs_0000026584|obs_0000007170|obs_0000007782,obs_0000017666|obs_0000020870|obs_0000027787|obs_0000031123|obs_0000004115|obs_0000000405|obs_0000025113|obs_0000018205|obs_0000001181|obs_0000002335|obs_0000019487|obs_0000027170|obs_0000016810|obs_0000034730|obs_0000031666|obs_0000020412|obs_0000004542|obs_0000024639|obs_0000022214|obs_0000033991|obs_0000002763|obs_0000020051|obs_0000000993|obs_0000002664|obs_0000026217|obs_0000004969|obs_0000021231|obs_0000025206
Croissants,Goldähren,"€ 2,99",,"pro Einheit = 3,99",,Nein,Gültig bis 04.04,2026-03-30,2026-04-04,../images/aldi/aldi_offer_031.jpg,"cat_non_food,diet_gluten_free,diet_lactose_free,diet_vegan,diet_vegetarian,tag_ultra_processed",,BLS-D771600,ref_000031,obs_0000014850|obs_0000012818|obs_0000014026|obs_0000015824|obs_0000026592|obs_0000016615|obs_0000011761|obs_0000009631|obs_0000008867|obs_0000011086|obs_0000013652|obs_0000008340|obs_0000031652|obs_0000005949|obs_0000006849|obs_0000032371|obs_0000007195|obs_0000007588|obs_0000006476,obs_0000014850|obs_0000012818|obs_0000014026|obs_0000015824|obs_0000026592|obs_0000016615|obs_0000011761
Salame Milano,Cucina,"€ 1,79",,"1 kg = 11,93",,Nein,Gültig bis 04.04,2026-03-30,2026-04-04,../images/aldi/aldi_offer_032.jpg,"cat_molkerei_kaese,sub_kaese,sub_milchprodukte,sub_wurst,tag_ultra_processed",,,ref_000032,obs_0000001215|obs_0000000200|obs_0000031527,obs_0000028237|obs_0000001215|obs_0000000200
Koch-Hinterschinken,Gut Drei Eichen,"€ 1,49",,"1 kg = 5,96",,Nein,Gültig bis 04.04,2026-03-30,2026-04-04,../images/aldi/aldi_offer_033.jpg,"cat_fleisch_wurst,sub_schwein,sub_wurst,tag_ultra_processed",,,ref_000033,obs_0000000820|obs_0000000259|obs_0000004742|obs_0000002732|obs_0000003888|obs_0000004315,obs_0000000259|obs_0000004742|obs_0000002732|obs_0000003888|obs_0000000820|obs_0000004315
Laugenhäschen Classic,Goldähren,"€ 2,99",,"1 kg = 7,48",,Nein,Gültig bis 04.04,2026-03-30,2026-04-04,../images/aldi/aldi_offer_034.jpg,"cat_grundnahrung,diet_gluten_free,diet_lactose_free,diet_vegetarian,tag_ultra_processed",,,ref_000034,obs_0000025668|obs_0000028751|obs_0000001628|obs_0000001643|obs_0000020596|obs_0000015018|obs_0000026884|obs_0000011543|obs_0000024877|obs_0000035101|obs_0000034649|obs_0000021415|obs_0000031658,
Mini-Laugen-Mix,Goldähren,"€ 2,69",,"pro Einheit = 5,19",,Nein,Gültig bis 04.04,2026-03-30,2026-04-04,../images/aldi/aldi_offer_035.jpg,"cat_grundnahrung,diet_gluten_free,diet_lactose_free,diet_vegan,diet_vegetarian,tag_ultra_processed,tag_whole_food",,,ref_000035,obs_0000026764|obs_0000024779|obs_0000027431|obs_0000028439|obs_0000012328|obs_0000024700|obs_0000006379|obs_0000010932|obs_0000017530|obs_0000026024|obs_0000018128|obs_0000016216,
Käsescheiben,MILRAM,"€ 2,89",,"1 kg = 11,12",,Nein,Gültig bis 04.04,2026-03-30,2026-04-04,../images/aldi/aldi_offer_036.jpg,"cat_molkerei_kaese,sub_kaese,sub_milchprodukte",,,ref_000036,obs_0000027170|obs_0000002664|obs_0000026217|obs_0000033991|obs_0000025113|obs_0000024639|obs_0000020051|obs_0000025206|obs_0000027787|obs_0000001181|obs_0000022214|obs_0000002763|obs_0000021231|obs_0000017666|obs_0000018205|obs_0000002335|obs_0000020870|obs_0000031123|obs_0000016810|obs_0000034730|obs_0000031666|obs_0000020412|obs_0000000993|obs_0000021587|obs_0000002160|obs_0000017591|obs_0000020768|obs_0000021823|obs_0000018774|obs_0000004115|obs_0000019487|obs_0000032339|obs_0000029794|obs_0000025207|obs_0000014493|obs_0000026864|obs_0000017161|obs_0000007977|obs_0000032080|obs_0000004969|obs_0000016774|obs_0000000405|obs_0000019371|obs_0000004542|obs_0000007162|obs_0000006286|obs_0000026787|obs_0000026584|obs_0000007170|obs_0000007782,obs_0000025113|obs_0000027170|obs_0000024639|obs_0000020051|obs_0000021587|obs_0000002664|obs_0000026217|obs_0000002160|obs_0000025206|obs_0000027787|obs_0000001181|obs_0000017591|obs_0000022214|obs_0000033991|obs_0000002763|obs_0000021231|obs_0000017666|obs_0000018205|obs_0000002335|obs_0000020768|obs_0000021823|obs_0000018774|obs_0000020870|obs_0000031123|obs_0000016810|obs_0000034730|obs_0000031666|obs_0000020412|obs_0000000993
Neuseeländische Lammfilets,Meine Metzgerei,"€ 13,99",,"1 kg = 27,99",,Nein,Gültig bis 04.04,2026-03-30,2026-04-04,../images/aldi/aldi_offer_037.jpg,"cat_fleisch_wurst,sub_gefluegel,tag_proteinreich",,,ref_000037,obs_0000019054,
Karree vom Iberico-Schwein,Karree vom Iberico-Schwein,"€ 4,99",,"1 kg = 21,99",,Nein,Gültig bis 04.04,2026-03-30,2026-04-04,../images/aldi/aldi_offer_038.jpg,"cat_fleisch_wurst,sub_schwein,tag_ultra_processed",,,ref_000038,,
Schweinefilet,Meine Metzgerei,"€ 4,99",,"1 kg = 8,49",,Nein,Gültig bis 04.04,2026-03-30,2026-04-04,../images/aldi/aldi_offer_039.jpg,"cat_fleisch_wurst,sub_schwein,tag_proteinreich",,BLS-U622100,ref_000039,obs_0000000002|obs_0000002156|obs_0000003708|obs_0000001195|obs_0000004898|obs_0000002901|obs_0000004471|obs_0000004044|obs_0000003040|obs_0000001519|obs_0000000507|obs_0000028675|obs_0000027670|obs_0000020515|obs_0000014905|obs_0000013883|obs_0000019043|obs_0000025707|obs_0000034902|obs_0000008821|obs_0000021627|obs_0000016537|obs_0000009417|obs_0000009937|obs_0000010461|obs_0000034542|obs_0000028417|obs_0000034085|obs_0000020808|obs_0000021334|obs_0000017752|obs_0000009573|obs_0000008054|obs_0000015741|obs_0000028555|obs_0000026057|obs_0000007631|obs_0000021967|obs_0000016340|obs_0000034932|obs_0000031106|obs_0000024474|obs_0000019356|obs_0000033722|obs_0000024049|obs_0000011840|obs_0000014904|obs_0000013402|obs_0000010579|obs_0000022952,obs_0000000002|obs_0000028675|obs_0000027670|obs_0000020515|obs_0000014905|obs_0000013883|obs_0000019043|obs_0000025707|obs_0000002156|obs_0000034902|obs_0000008821|obs_0000021627|obs_0000003708|obs_0000016537|obs_0000001195|obs_0000009417|obs_0000009937|obs_0000010461|obs_0000034542|obs_0000028417|obs_0000004898|obs_0000034085|obs_0000020808|obs_0000002901|obs_0000021334|obs_0000017752|obs_0000009573|obs_0000008054|obs_0000004471|obs_0000015741|obs_0000028555|obs_0000026057|obs_0000004044|obs_0000007631|obs_0000021967|obs_0000016340|obs_0000003040|obs_0000001519|obs_0000000507
Irisches Filetsteak,Gourmet Finest Cuisine,"€ 6,99",,"1 kg = 44,99",,Nein,Gültig bis 04.04,2026-03-30,2026-04-04,../images/aldi/aldi_offer_040.jpg,"cat_fleisch_wurst,sub_gefluegel,tag_high_protein,tag_proteinreich",,BLS-U733100,ref_000040,obs_0000002718,
Nackenbraten,Meine Metzgerei,"€ 6,49",,"pro Einheit = 6,49",,Nein,Gültig bis 04.04,2026-03-30,2026-04-04,../images/aldi/aldi_offer_041.jpg,"cat_fleisch_wurst,sub_schwein,tag_proteinreich",,,ref_000041,obs_0000000883|obs_0000002411|obs_0000022136|obs_0000019684|obs_0000018669|obs_0000019765|obs_0000023663,obs_0000000883
2025 Premium Lugana DOC,2025 Premium Lugana DOC,"€ 7,99",,"pro Einheit = 10,65",,Nein,Gültig bis 04.04,2026-03-30,2026-04-04,../images/aldi/aldi_offer_042.jpg,cat_getraenke,,,ref_000042,obs_0000028821|obs_0000020767|obs_0000024925|obs_0000019109|obs_0000025424|obs_0000017309|obs_0000021586|obs_0000019745|obs_0000011595|obs_0000003514|obs_0000017865|obs_0000013830|obs_0000022305|obs_0000016192,
Kalbsmedaillons,Meine Metzgerei,"€ 5,99",,"1 kg = 24,96",,Nein,Gültig bis 04.04,2026-03-30,2026-04-04,../images/aldi/aldi_offer_043.jpg,"cat_fleisch_wurst,sub_schwein,tag_proteinreich",,,ref_000043,obs_0000025628,obs_0000025628
Beefsteak,Beefsteak,"€ 4,99",,"pro Einheit = 6,22",,Nein,Gültig bis 04.04,2026-03-30,2026-04-04,../images/aldi/aldi_offer_044.jpg,cat_fleisch_wurst,,,ref_000044,obs_0000000884,
Gorgonzola DOP,Cucina,"€ 2,19",,"pro Einheit = 2,99",,Nein,Gültig bis 04.04,2026-03-30,2026-04-04,../images/aldi/aldi_offer_045.jpg,"cat_molkerei_kaese,sub_kaese,sub_milchprodukte",,,ref_000045,obs_0000012323|obs_0000022625|obs_0000011487|obs_0000003100|obs_0000004775|obs_0000004348|obs_0000034570|obs_0000000281|obs_0000003921|obs_0000008093|obs_0000033759|obs_0000003568,obs_0000012323|obs_0000022625|obs_0000011487
Spinatknödel,Bio,"€ 2,99",,"1 kg = 7,48",,Nein,Gültig bis 04.04,2026-03-30,2026-04-04,../images/aldi/aldi_offer_046.jpg,"cat_grundnahrung,diet_gluten_free,diet_lactose_free,diet_vegan,diet_vegetarian,tag_whole_food",,BLS-X961462,ref_000046,,
Frische junge Ente,GOURMET FINEST CUISINE,"€ 5,99",,"pro Einheit = 5,99",,Nein,Gültig bis 04.04,2026-03-30,2026-04-04,../images/aldi/aldi_offer_047.jpg,"cat_fleisch_wurst,sub_gefluegel,sub_wurst,tag_proteinreich",,,ref_000047,obs_0000008195|obs_0000022950|obs_0000032361|obs_0000002304|obs_0000028992|obs_0000004502|obs_0000008947|obs_0000004929|obs_0000003303|obs_0000027997|obs_0000004075|obs_0000014455|obs_0000025067|obs_0000021289|obs_0000007075|obs_0000005995|obs_0000020470,obs_0000008195
Neuseeländischer Lammrücken,Meine Metzgerei,"€ 5,99",,"pro Einheit = 7,96",,Nein,Gültig bis 04.04,2026-03-30,2026-04-04,../images/aldi/aldi_offer_048.jpg,"cat_fleisch_wurst,sub_schwein,tag_proteinreich",,,ref_000048,,
Hähnchen-Brustfilets,Meine Metzgerei,"€ 12,99",,"1 kg = 8,66",,Nein,Gültig bis 04.04,2026-03-30,2026-04-04,../images/aldi/aldi_offer_049.jpg,"cat_fleisch_wurst,diet_lactose_free,sub_gefluegel,tag_high_protein,tag_proteinreich",,NUTR-0002,ref_000049,obs_0000002399|obs_0000002678|obs_0000000633|obs_0000002744|obs_0000003144|obs_0000001424|obs_0000002168|obs_0000003026|obs_0000025784|obs_0000024674|obs_0000029907|obs_0000030541|obs_0000030629,obs_0000028699|obs_0000000109|obs_0000002168|obs_0000004253|obs_0000028847|obs_0000002399|obs_0000002542|obs_0000004680|obs_0000002678|obs_0000000633|obs_0000002744|obs_0000025273|obs_0000021299|obs_0000027499|obs_0000003026|obs_0000003144|obs_0000003223|obs_0000001424|obs_0000003826|obs_0000028436|obs_0000020480
Spareribs,Käfer,"€ 5,99",,"pro Einheit = 7,99",,Nein,Gültig bis 04.04,2026-03-30,2026-04-04,../images/aldi/aldi_offer_050.jpg,"cat_getraenke,diet_vegetarian",,,ref_000050,,
Grill- Ofenkäse Tomate Basilikum,Patros,"€ 1,99",,"1 kg = 13,27",,Nein,Gültig bis 04.04,2026-03-30,2026-04-04,../images/aldi/aldi_offer_051.jpg,"cat_non_food,diet_lactose_free,diet_vegan,diet_vegetarian,sub_kaese,sub_milchprodukte",,,ref_000051,obs_0000014853|obs_0000034181|obs_0000028959|obs_0000010167|obs_0000003012|obs_0000011472|obs_0000018904|obs_0000027738|obs_0000015708|obs_0000023649,
Vegane Kräutertube,Meggle,"€ 1,49",,"1 kg = 14,90",,Nein,Gültig bis 04.04,2026-03-30,2026-04-04,../images/aldi/aldi_offer_052.jpg,"cat_molkerei_kaese,diet_lactose_free,diet_vegan,diet_vegetarian,sub_butter_margarine,sub_fleischersatz,sub_milchprodukte",,,ref_000052,,
Hähnchen-Flügel,Meine Metzgerei,"€ 4,79",,"pro Einheit = 5,99",,Nein,Gültig bis 04.04,2026-03-30,2026-04-04,../images/aldi/aldi_offer_053.jpg,"cat_fleisch_wurst,sub_gefluegel,tag_proteinreich,tag_ultra_processed",,BLS-V417100,ref_000053,obs_0000001078|obs_0000006885,obs_0000006885|obs_0000001078
Finello Schnittfester Mozzarella,Arla,"€ 1,49",,"1 kg = 9,93",,Nein,Gültig bis 04.04,2026-03-30,2026-04-04,../images/aldi/aldi_offer_054.jpg,"cat_molkerei_kaese,sub_kaese,sub_milchprodukte,tag_ultra_processed",,,ref_000054,obs_0000034515|obs_0000012807|obs_0000010922|obs_0000018430|obs_0000022609|obs_0000033882|obs_0000001647|obs_0000018031|obs_0000023202|obs_0000024234|obs_0000022241|obs_0000023806|obs_0000011043|obs_0000000816|obs_0000024894|obs_0000009077|obs_0000022394|obs_0000027551|obs_0000018366|obs_0000016326|obs_0000022485|obs_0000027613,
Uralt,Asbach,"€ 9,99",,"pro Einheit = 14,27",,Nein,Gültig bis 04.04,2026-03-30,2026-04-04,../images/aldi/aldi_offer_055.jpg,cat_non_food,,,ref_000055,obs_0000011978|obs_0000025953|obs_0000028747|obs_0000014259|obs_0000030062|obs_0000007651|obs_0000007257|obs_0000006014|obs_0000006560,obs_0000011978|obs_0000034645
Black Label,Johnnie Walker,"€ 14,99",,"pro Einheit = 21,41",,Nein,Gültig bis 04.04,2026-03-30,2026-04-04,../images/aldi/aldi_offer_056.jpg,cat_non_food,,,ref_000056,obs_0000011307|obs_0000013108|obs_0000019341|obs_0000025014|obs_0000008414|obs_0000016700|obs_0000019797|obs_0000028137|obs_0000029774,obs_0000028137
Frühlingsquark,Milram,"€ 1,99",,"1 kg = 5,25",,Nein,Gültig bis 04.04,2026-03-30,2026-04-04,../images/aldi/aldi_offer_057.jpg,"cat_molkerei_kaese,diet_vegetarian,sub_kaese,sub_milchprodukte",,,ref_000057,obs_0000022880|obs_0000034170|obs_0000030115,obs_0000002042|obs_0000030115|obs_0000021412|obs_0000028965|obs_0000016556|obs_0000025659|obs_0000019540|obs_0000022880|obs_0000020593|obs_0000034170
Coca-Cola,Coca-Cola,"€ 0,79",,"pro Einheit = 0,63",,Nein,Gültig bis 04.04,2026-03-30,2026-04-04,../images/aldi/aldi_offer_058.jpg,"cat_getraenke,sub_tk_fertiggerichte,tag_high_protein,tag_proteinreich,tag_ultra_processed",,,ref_000058,obs_0000023586|obs_0000001110|obs_0000024676|obs_0000024165|obs_0000001642|obs_0000023740|obs_0000034042|obs_0000034648|obs_0000033681|obs_0000034234|obs_0000034810|obs_0000005638|obs_0000030302|obs_0000032440|obs_0000005827|obs_0000029418|obs_0000006901|obs_0000006909|obs_0000029979|obs_0000006021|obs_0000032705|obs_0000030680|obs_0000007669|obs_0000032254|obs_0000026646|obs_0000028226|obs_0000004177|obs_0000031900|obs_0000021663|obs_0000026287|obs_0000026323|obs_0000008921|obs_0000017639|obs_0000000810|obs_0000016686|obs_0000009023|obs_0000022338|obs_0000017246|obs_0000020844|obs_0000016754|obs_0000028026|obs_0000027015|obs_0000027037|obs_0000009119|obs_0000019364|obs_0000005031|obs_0000000445|obs_0000018375|obs_0000003042|obs_0000004604,obs_0000005638|obs_0000023586|obs_0000001110|obs_0000030302|obs_0000024676|obs_0000024165|obs_0000001642|obs_0000032440|obs_0000023740|obs_0000005827|obs_0000029418|obs_0000006901|obs_0000034042|obs_0000006909|obs_0000029979|obs_0000034648|obs_0000006021|obs_0000033681|obs_0000034234|obs_0000032705|obs_0000030680|obs_0000007669|obs_0000034810|obs_0000032254
Hähnchen-Schenkelsteaks,Hähnchen-Schenkelsteaks,"€ 3,29",,"pro Einheit = 3,99",,Nein,Gültig bis 04.04,2026-03-30,2026-04-04,../images/aldi/aldi_offer_059.jpg,"cat_fleisch_wurst,sub_gefluegel,tag_proteinreich",,BLS-V4A5100,ref_000059,,
Chicken-Nuggets,Meine Metzgerei,"€ 4,99",,"pro Einheit = 4,99",,Nein,Gültig bis 04.04,2026-03-30,2026-04-04,../images/aldi/aldi_offer_060.jpg,"cat_fleisch_wurst,sub_gefluegel,sub_tk_fertiggerichte,tag_proteinreich,tag_ultra_processed",,,ref_000060,obs_0000000509|obs_0000022059|obs_0000025151|obs_0000021057|obs_0000027865|obs_0000011493|obs_0000013038|obs_0000021236|obs_0000020238|obs_0000026980|obs_0000034184|obs_0000021927|obs_0000020417|obs_0000029176|obs_0000002753|obs_0000016942|obs_0000014916|obs_0000014459|obs_0000008364|obs_0000009912|obs_0000009447|obs_0000019764|obs_0000032589|obs_0000013137|obs_0000028498|obs_0000026469|obs_0000015749|obs_0000009626|obs_0000007602|obs_0000028611|obs_0000017874|obs_0000003555|obs_0000029165|obs_0000034807|obs_0000023578|obs_0000023581|obs_0000018122|obs_0000012280|obs_0000022399|obs_0000018297|obs_0000022443|obs_0000018617|obs_0000017782,obs_0000022059|obs_0000025151|obs_0000021057|obs_0000002753|obs_0000027865|obs_0000011493|obs_0000013038|obs_0000021236|obs_0000020238|obs_0000026980|obs_0000034184|obs_0000021927|obs_0000020417|obs_0000029176|obs_0000000509
Hackfleisch,Meine Metzgerei,"€ 10,99",,"pro Einheit = 10,99",,Nein,Gültig bis 04.04,2026-03-30,2026-04-04,../images/aldi/aldi_offer_061.jpg,"cat_fleisch_wurst,sub_gefluegel,sub_hackfleisch,sub_rind,sub_schwein,tag_proteinreich",,BLS-U020100,ref_000061,obs_0000001083|obs_0000000646|obs_0000030444|obs_0000000826|obs_0000002648|obs_0000002216|obs_0000002767|obs_0000002849|obs_0000002403|obs_0000003580|obs_0000004642|obs_0000004677|obs_0000004215|obs_0000004250|obs_0000000215|obs_0000003823|obs_0000005069|obs_0000000476|obs_0000003064|obs_0000027141|obs_0000009222|obs_0000009248|obs_0000016944|obs_0000000054|obs_0000030269|obs_0000024142|obs_0000025678|obs_0000029783|obs_0000021083|obs_0000033883|obs_0000002149|obs_0000026223|obs_0000002681|obs_0000014463|obs_0000021126|obs_0000028809|obs_0000027280|obs_0000008856|obs_0000027808|obs_0000005797|obs_0000011430|obs_0000018085|obs_0000023720|obs_0000030894|obs_0000008380|obs_0000029892|obs_0000030922|obs_0000029904|obs_0000006355|obs_0000006874,obs_0000001083|obs_0000000646|obs_0000030444|obs_0000000826
Forellen,Golden Seafood,"€ 4,99",,"1 kg = 9,99",,Nein,Gültig bis 04.04,2026-03-30,2026-04-04,../images/aldi/aldi_offer_062.jpg,"cat_fisch_meeresfruechte,diet_lactose_free",,BLS-T422100,ref_000062,obs_0000031684|obs_0000013360|obs_0000014970|obs_0000007818,obs_0000031684
Schlemmerfilet la Bordelaise Knusprig Kross,Iglo,"€ 2,49",,"pro Einheit = 4,49",,Nein,Gültig bis 04.04,2026-03-30,2026-04-04,../images/aldi/aldi_offer_063.jpg,"cat_tiefkuehl,sub_tk_fertiggerichte,tag_ultra_processed",,,ref_000063,obs_0000032222|obs_0000000915|obs_0000016996|obs_0000027256|obs_0000024190|obs_0000010408|obs_0000023771|obs_0000024900|obs_0000028098|obs_0000016380,
Buttergemüse,All Seasons,"€ 0,75",,"pro Einheit = 1,09",,Nein,Gültig bis 04.04,2026-03-30,2026-04-04,../images/aldi/aldi_offer_064.jpg,"cat_molkerei_kaese,diet_gluten_free,diet_vegetarian,sub_butter_margarine,sub_frisches_gemuese,sub_milchprodukte,sub_tk_gemuese",,BLS-Y860940,ref_000064,,
Pflanzencreme,Bellasan,"€ 0,99",,"pro Einheit = 1,59",,Nein,Gültig bis 04.04,2026-03-30,2026-04-04,../images/aldi/aldi_offer_065.jpg,"cat_drogerie,diet_lactose_free,diet_vegan",,,ref_000065,,
Norwegische Lachsfiletseite,Gourmet Finest Cuisine,"€ 10,99",,"pro Einheit = 13,99",,Nein,Gültig bis 04.04,2026-03-30,2026-04-04,../images/aldi/aldi_offer_066.jpg,"cat_fisch_meeresfruechte,diet_gluten_free,diet_lactose_free,sub_gefluegel,tag_high_protein,tag_proteinreich",,,ref_000066,,obs_0000026391
Geräucherte Lachsforelle,Gourmet Finest Cuisine,"€ 8,99",,"1 kg = 11,99",,Nein,Gültig bis 04.04,2026-03-30,2026-04-04,../images/aldi/aldi_offer_067.jpg,"cat_fisch_meeresfruechte,tag_proteinreich",,,ref_000067,obs_0000004634|obs_0000002076|obs_0000002626|obs_0000000613|obs_0000004207|obs_0000003385|obs_0000005061|obs_0000003016|obs_0000004109|obs_0000001200|obs_0000004963|obs_0000002415|obs_0000025986|obs_0000000400|obs_0000018868|obs_0000004536|obs_0000013294,obs_0000004634|obs_0000002076|obs_0000002626|obs_0000000613|obs_0000004207|obs_0000003385|obs_0000005061|obs_0000003016
Nori-Blätter,Asia Green Garden,"€ 1,99",,"1 kg = 76,54",,Nein,Gültig bis 04.04,2026-03-30,2026-04-04,../images/aldi/aldi_offer_068.jpg,"cat_non_food,diet_vegetarian,tag_ultra_processed",,BLS-G995000,ref_000068,obs_0000008877,obs_0000008877
Koroneiki Natives Olivenöl Extra,LYTTOS,"€ 7,99",,"pro Einheit = 15,98",,Nein,Gültig bis 04.04,2026-03-30,2026-04-04,../images/aldi/aldi_offer_069.jpg,"cat_grundnahrung,diet_gluten_free,diet_lactose_free,diet_vegan,diet_vegetarian",,,ref_000069,obs_0000003325|obs_0000002495|obs_0000000536|obs_0000025631|obs_0000012351|obs_0000000095|obs_0000014985|obs_0000021137|obs_0000020167|obs_0000028880|obs_0000022319|obs_0000011075|obs_0000020318|obs_0000021940|obs_0000025043|obs_0000014304|obs_0000013794|obs_0000015852|obs_0000020986|obs_0000018950|obs_0000018480|obs_0000005177|obs_0000008793|obs_0000001216|obs_0000028869|obs_0000028952|obs_0000018248|obs_0000033698|obs_0000007186|obs_0000005365|obs_0000002069|obs_0000014367|obs_0000011361|obs_0000015501|obs_0000012446|obs_0000009909|obs_0000009444|obs_0000015088|obs_0000002836|obs_0000013624|obs_0000019269|obs_0000011593|obs_0000013180|obs_0000012176|obs_0000001438,
Reisnudeln,Asia Green Garden,"€ 0,99",,"1 kg = 3,96",,Nein,Gültig bis 04.04,2026-03-30,2026-04-04,../images/aldi/aldi_offer_070.jpg,"cat_non_food,diet_gluten_free,diet_lactose_free,diet_vegan,diet_vegetarian,tag_whole_food",,BLS-C559000,ref_000070,obs_0000002952,obs_0000002952
Sushi-Reis,Asia Green Garden,"€ 1,29",,"1 kg = 2,58",,Nein,Gültig bis 04.04,2026-03-30,2026-04-04,../images/aldi/aldi_offer_071.jpg,"cat_non_food,diet_lactose_free,diet_vegan,diet_vegetarian",,BLS-X8A1100,ref_000071,obs_0000019357,
Kimchi,Asia Green Garden,"€ 1,29",,"pro Einheit = 1,29",,Nein,Gültig bis 04.04,2026-03-30,2026-04-04,../images/aldi/aldi_offer_072.jpg,"cat_non_food,diet_vegetarian",,,ref_000072,obs_0000010670|obs_0000009105|obs_0000003649|obs_0000034502|obs_0000014345|obs_0000029524|obs_0000034137|obs_0000029918|obs_0000030473,obs_0000010670|obs_0000009105
Garnelen,Golden Seafood,"€ 8,49",,"1 kg = 11,79",,Nein,Gültig bis 04.04,2026-03-30,2026-04-04,../images/aldi/aldi_offer_073.jpg,"cat_fisch_meeresfruechte,diet_lactose_free,tag_proteinreich",,,ref_000073,obs_0000001313|obs_0000003502|obs_0000001520|obs_0000004494|obs_0000003631|obs_0000004921|obs_0000004067|obs_0000000369|obs_0000002183|obs_0000000056|obs_0000021529|obs_0000034603|obs_0000022459|obs_0000009154|obs_0000013769|obs_0000009057|obs_0000020710|obs_0000033784|obs_0000023293|obs_0000016643|obs_0000025977|obs_0000034724|obs_0000017593|obs_0000008528|obs_0000019672|obs_0000018788|obs_0000008551|obs_0000007811|obs_0000023184|obs_0000010650|obs_0000022565|obs_0000007798|obs_0000008768|obs_0000007405|obs_0000012824,obs_0000004494|obs_0000001313|obs_0000003502|obs_0000003631|obs_0000004921|obs_0000004067|obs_0000001520|obs_0000000369
Tortenguss mit leckerem Erdbeer,Dr Oetker,"€ 0,69",,"pro Einheit = 0,99",,Nein,Gültig bis 04.04,2026-03-30,2026-04-04,../images/aldi/aldi_offer_074.jpg,"cat_knabbern_naschen,tag_ultra_processed",,,ref_000074,obs_0000013934,
Mini-Kuchen,Meine Kuchen Welt,"€ 1,99",,"pro Einheit = 2,59",,Nein,Gültig bis 04.04,2026-03-30,2026-04-04,../images/aldi/aldi_offer_075.jpg,"cat_knabbern_naschen,diet_vegetarian,tag_ultra_processed",,,ref_000075,obs_0000018757|obs_0000017383|obs_0000001908|obs_0000012328|obs_0000006379|obs_0000010932|obs_0000017530|obs_0000026024|obs_0000018128|obs_0000016216,obs_0000018757|obs_0000017383|obs_0000001908
Eierlikör,POTT,"€ 8,99",,"1 l = 12,84",,Nein,Gültig bis 04.04,2026-03-30,2026-04-04,../images/aldi/aldi_offer_076.jpg,"cat_getraenke,tag_ultra_processed",,BLS-P546000,ref_000076,obs_0000017254|obs_0000016404|obs_0000027076|obs_0000001697|obs_0000019494|obs_0000007082|obs_0000031000|obs_0000031382|obs_0000014136|obs_0000007453|obs_0000031010|obs_0000024625|obs_0000006370|obs_0000005636|obs_0000013605|obs_0000006896|obs_0000030390,obs_0000017254|obs_0000016404|obs_0000031382
Schwarzwälder Kirsch,Mövenpick,"€ 1,49",,"pro Einheit = 3,99",,Nein,Gültig bis 04.04,2026-03-30,2026-04-04,../images/aldi/aldi_offer_077.jpg,"cat_getraenke,diet_gluten_free,diet_lactose_free,diet_vegan,diet_vegetarian,tag_ultra_processed",,BLS-W442000,ref_000077,obs_0000009142|obs_0000030818|obs_0000031502|obs_0000032640,
Apfelstrudel,Meine Kuchen Welt,"€ 1,49",,"1 kg = 2,48",,Nein,Gültig bis 04.04,2026-03-30,2026-04-04,../images/aldi/aldi_offer_078.jpg,"cat_grundnahrung,diet_gluten_free,diet_lactose_free,diet_vegan,diet_vegetarian,tag_ultra_processed,tag_whole_food",,BLS-D483400,ref_000078,obs_0000019107|obs_0000024590|obs_0000010071|obs_0000010653|obs_0000034291,obs_0000019107|obs_0000024590|obs_0000010071|obs_0000010653
Saftige Kokostörtchen,Traditionelle Genüsse,"€ 1,99",,"1 kg = 4,98",,Nein,Gültig bis 04.04,2026-03-30,2026-04-04,../images/aldi/aldi_offer_079.jpg,"cat_knabbern_naschen,diet_vegan,diet_vegetarian,tag_ultra_processed",,,ref_000079,obs_0000002487,obs_0000002487
Pfirsich - Maracuja,Mövenpick,"€ 1,99",,"1 kg = 4,98",,Nein,Gültig bis 04.04,2026-03-30,2026-04-04,../images/aldi/aldi_offer_080.jpg,"cat_molkerei_kaese,diet_gluten_free,diet_lactose_free,diet_vegan,diet_vegetarian,tag_ultra_processed",,,ref_000080,obs_0000000999|obs_0000030390,
Cheesecake Chocolate,GÜ,"€ 1,99",,"1 kg = 12,84",,Nein,Gültig bis 04.04,2026-03-30,2026-04-04,../images/aldi/aldi_offer_081.jpg,"cat_knabbern_naschen,tag_ultra_processed",,,ref_000081,obs_0000011964,
Cafeteria fein sahnig Mandel Bienenstich,Conditorei Coppenrath Wiese,"€ 3,29",,"1 kg = 6,21",,Nein,Gültig bis 04.04,2026-03-30,2026-04-04,../images/aldi/aldi_offer_082.jpg,"cat_molkerei_kaese,diet_vegetarian,sub_milchprodukte,sub_sahne_creme,tag_ultra_processed",,,ref_000082,obs_0000028390|obs_0000031508|obs_0000030817|obs_0000032631|obs_0000012674|obs_0000013546|obs_0000014357|obs_0000035124,obs_0000031508|obs_0000030817|obs_0000028390|obs_0000032631
Zimtrollen,Meine Kuchen Welt,"€ 1,79",,"1 kg = 5,97",,Nein,Gültig bis 04.04,2026-03-30,2026-04-04,../images/aldi/aldi_offer_083.jpg,"cat_knabbern_naschen,diet_vegetarian,tag_ultra_processed",,,ref_000083,,
Yes Kuchenriegel Cacao,Nestl,"€ 1,49",,"1 kg = 15,52",,Nein,Gültig bis 04.04,2026-03-30,2026-04-04,../images/aldi/aldi_offer_084.jpg,"cat_knabbern_naschen,tag_ultra_processed",,,ref_000084,obs_0000020567|obs_0000002769|obs_0000021386|obs_0000024976,
Kleine Kuchen,Dr Oetker,"€ 1,99",,"1 kg = 14,21",,Nein,Gültig bis 04.04,2026-03-30,2026-04-04,../images/aldi/aldi_offer_085.jpg,"cat_tiefkuehl,sub_tk_pizza,tag_ultra_processed",,,ref_000085,obs_0000008918|obs_0000011087,obs_0000008918|obs_0000011087
Monte-Mega,Zott,"€ 1,49",,"1 kg = 3,73",,Nein,Gültig bis 04.04,2026-03-30,2026-04-04,../images/aldi/aldi_offer_086.jpg,"cat_molkerei_kaese,sub_milchprodukte,sub_sahne_creme,tag_ultra_processed",,,ref_000086,obs_0000021021|obs_0000024207|obs_0000023781|obs_0000020202|obs_0000000813|obs_0000024893|obs_0000025457|obs_0000022981|obs_0000009846|obs_0000009385|obs_0000011038|obs_0000019311|obs_0000012680|obs_0000001955|obs_0000030592,obs_0000024207|obs_0000023781|obs_0000000813|obs_0000024893|obs_0000022981
Chilled Coffee Caramel Macchiato,Starbucks,"€ 1,49",,"1 l = 6,77",,Nein,Gültig bis 04.04,2026-03-30,2026-04-04,../images/aldi/aldi_offer_087.jpg,"cat_knabbern_naschen,diet_vegetarian,tag_ultra_processed",,,ref_000087,obs_0000018358|obs_0000021969|obs_0000019475|obs_0000003551|obs_0000001091,obs_0000018358|obs_0000021969
Waffelmischung,Biscotto,"€ 1,99",,"pro Einheit = 2,89",,Nein,Gültig bis 04.04,2026-03-30,2026-04-04,../images/aldi/aldi_offer_088.jpg,"cat_knabbern_naschen,tag_ultra_processed",,,ref_000088,obs_0000013943,obs_0000013943
Choco Mini Stars,Milka,"€ 1,69",,"pro Einheit = 2,99",,Nein,Gültig bis 04.04,2026-03-30,2026-04-04,../images/aldi/aldi_offer_089.jpg,"cat_knabbern_naschen,diet_vegetarian,tag_ultra_processed",,,ref_000089,obs_0000012328|obs_0000012408|obs_0000006379|obs_0000010932|obs_0000011118|obs_0000017530|obs_0000013552|obs_0000026024|obs_0000018128|obs_0000016216,
Duplo,Ferrero,"€ 1,99",,"pro Einheit = 3,29",,Nein,Gültig bis 04.04,2026-03-30,2026-04-04,../images/aldi/aldi_offer_090.jpg,"cat_knabbern_naschen,diet_vegetarian,tag_ultra_processed",,,ref_000090,obs_0000016459|obs_0000028014|obs_0000024722|obs_0000032435|obs_0000029370|obs_0000030994|obs_0000023002|obs_0000017413|obs_0000019495|obs_0000022071|obs_0000016488|obs_0000018581|obs_0000001192|obs_0000017628|obs_0000018699|obs_0000019862|obs_0000002001|obs_0000008282|obs_0000009830|obs_0000009371|obs_0000014275|obs_0000007682|obs_0000024180|obs_0000005840|obs_0000023761|obs_0000030987|obs_0000006925|obs_0000006935|obs_0000029970|obs_0000028145|obs_0000006928|obs_0000028142,obs_0000007682|obs_0000016459|obs_0000024722|obs_0000032435|obs_0000029370|obs_0000005840|obs_0000030994|obs_0000006925|obs_0000028014|obs_0000023002
Schokoriegel,Mars,"€ 1,79",,"1 kg = 7,96",,Nein,Gültig bis 04.04,2026-03-30,2026-04-04,../images/aldi/aldi_offer_091.jpg,"cat_knabbern_naschen,diet_vegetarian,tag_ultra_processed",,,ref_000091,obs_0000009124|obs_0000001108|obs_0000020234|obs_0000002189|obs_0000015897|obs_0000025649|obs_0000011961|obs_0000021053|obs_0000025162|obs_0000020172|obs_0000028364|obs_0000008659|obs_0000001258|obs_0000020991|obs_0000001192|obs_0000027607|obs_0000010728|obs_0000010729|obs_0000028439|obs_0000009371|obs_0000011306|obs_0000014275|obs_0000008282|obs_0000009830,obs_0000020234|obs_0000002189|obs_0000015897|obs_0000009124|obs_0000025649|obs_0000011961|obs_0000021053|obs_0000025162|obs_0000020172|obs_0000028364|obs_0000008659|obs_0000001108|obs_0000001258|obs_0000020991
Fruchtgummi,Haribo,"€ 0,69",,"pro Einheit = 1,19",,Nein,Gültig bis 04.04,2026-03-30,2026-04-04,../images/aldi/aldi_offer_092.jpg,"cat_knabbern_naschen,diet_vegetarian,tag_ultra_processed",,BLS-S361000,ref_000092,obs_0000011323|obs_0000027215|obs_0000021597|obs_0000021688|obs_0000021186|obs_0000002314|obs_0000002318|obs_0000002320|obs_0000025361|obs_0000020778|obs_0000002943|obs_0000001930|obs_0000020367|obs_0000014289|obs_0000027602|obs_0000016918|obs_0000025134|obs_0000020575|obs_0000021606|obs_0000017027|obs_0000019082|obs_0000024204|obs_0000017102|obs_0000017103|obs_0000023776|obs_0000019722|obs_0000020787|obs_0000013647|obs_0000016719|obs_0000023399|obs_0000010105|obs_0000021394|obs_0000016298|obs_0000025528|obs_0000010947|obs_0000015661|obs_0000034822|obs_0000021002|obs_0000007699|obs_0000031302|obs_0000030281|obs_0000006734|obs_0000006238|obs_0000001701|obs_0000005837|obs_0000020183|obs_0000035007|obs_0000006380|obs_0000029422|obs_0000025339,obs_0000007699|obs_0000016918|obs_0000025134|obs_0000011323|obs_0000006734|obs_0000027215|obs_0000021597|obs_0000006238|obs_0000020575|obs_0000021606|obs_0000017027|obs_0000019082|obs_0000024204|obs_0000021688|obs_0000021186|obs_0000005837|obs_0000017102|obs_0000017103|obs_0000023776|obs_0000002314|obs_0000019722|obs_0000002318|obs_0000002320|obs_0000025361|obs_0000020778|obs_0000020787|obs_0000013647|obs_0000016719|obs_0000023399|obs_0000010105|obs_0000002943|obs_0000001930|obs_0000020367|obs_0000021394|obs_0000016298|obs_0000025528|obs_0000014289|obs_0000027602
Ostertafel,Milka,"€ 1,29",,"1 kg = 12,90",,Nein,Gültig bis 04.04,2026-03-30,2026-04-04,../images/aldi/aldi_offer_093.jpg,"cat_knabbern_naschen,diet_gluten_free,diet_lactose_free,diet_vegan,diet_vegetarian,tag_ultra_processed",,,ref_000093,,
Pralinen-Schokoladentafel Original Haselnuss,Ferrero,"€ 1,99",,"1 kg = 22,11",,Nein,Gültig bis 04.04,2026-03-30,2026-04-04,../images/aldi/aldi_offer_094.jpg,"cat_knabbern_naschen,diet_vegetarian,tag_ultra_processed",,,ref_000094,obs_0000028730|obs_0000022597|obs_0000020611|obs_0000012423|obs_0000006283|obs_0000026772|obs_0000026832|obs_0000028896|obs_0000035052|obs_0000027005|obs_0000027048|obs_0000021000|obs_0000008777|obs_0000021117|obs_0000008906|obs_0000015051|obs_0000021430|obs_0000025547|obs_0000033763|obs_0000017384|obs_0000013325|obs_0000019505|obs_0000031800|obs_0000025705|obs_0000009334|obs_0000015502|obs_0000027791|obs_0000033975|obs_0000001243|obs_0000021758|obs_0000009525|obs_0000021868|obs_0000017799|obs_0000026035|obs_0000026095|obs_0000022184|obs_0000020181|obs_0000034561|obs_0000009987|obs_0000028429|obs_0000034575|obs_0000016167|obs_0000020298|obs_0000028516|obs_0000010117|obs_0000014249|obs_0000028630,
Zoo-Osterfarm,Leibniz,"€ 1,29",,"1 kg = 10,32",,Nein,Gültig bis 04.04,2026-03-30,2026-04-04,../images/aldi/aldi_offer_095.jpg,"cat_knabbern_naschen,tag_ultra_processed",,,ref_000095,obs_0000015048|obs_0000013493|obs_0000012406|obs_0000015902|obs_0000031295,
Pistazien-Konfekt,Choceur,"€ 2,49",,"1 kg = 24,90",,Nein,Gültig bis 04.04,2026-03-30,2026-04-04,../images/aldi/aldi_offer_096.jpg,"cat_knabbern_naschen,tag_ultra_processed",,,ref_000096,obs_0000004160|obs_0000000113|obs_0000001662|obs_0000001787|obs_0000005014|obs_0000000433|obs_0000004587,
Kinder-Überraschung Maxi,Ferrero,"€ 3,49",,"1 kg = 34,90",,Nein,Gültig bis 04.04,2026-03-30,2026-04-04,../images/aldi/aldi_offer_097.jpg,"cat_knabbern_naschen,diet_vegetarian,tag_ultra_processed",,,ref_000097,obs_0000019990|obs_0000010134|obs_0000026635|obs_0000010506|obs_0000025227|obs_0000027488|obs_0000031664|obs_0000017794|obs_0000016230|obs_0000008052|obs_0000034715|obs_0000024695|obs_0000029691|obs_0000032535|obs_0000030986|obs_0000012861,obs_0000008833|obs_0000021198|obs_0000032165|obs_0000019990|obs_0000026198|obs_0000010134|obs_0000020379|obs_0000022472
Berry Mix,Hitschies,"€ 1,79",,"1 kg = 8,52",,Nein,Gültig bis 04.04,2026-03-30,2026-04-04,../images/aldi/aldi_offer_098.jpg,"cat_obst_gemuese,diet_gluten_free,diet_lactose_free,diet_vegetarian,tag_ultra_processed",,,ref_000098,obs_0000024700,
Isotonisches Sportgetränk Mountain Blast,Powerade,"€ 0,99",,"pro Einheit = 1,98",,Nein,Gültig bis 04.04,2026-03-30,2026-04-04,../images/aldi/aldi_offer_099.jpg,"cat_getraenke,diet_vegetarian,tag_ultra_processed",,,ref_000099,obs_0000028899,
Maracuja Fruchtsaftgetränk,Pfanner,"€ 1,29",,"pro Einheit = 1,29",,Nein,Gültig bis 04.04,2026-03-30,2026-04-04,../images/aldi/aldi_offer_100.jpg,"cat_getraenke,tag_ultra_processed",,,ref_000100,obs_0000028293|obs_0000033833|obs_0000011567|obs_0000008761|obs_0000009933|obs_0000010737,
Schoko-Rosinen,Choceur,"€ 1,29",,"pro Einheit = 1,69",,Nein,Gültig bis 04.04,2026-03-30,2026-04-04,../images/aldi/aldi_offer_101.jpg,"cat_knabbern_naschen,diet_vegetarian,tag_ultra_processed",,,ref_000101,obs_0000003327|obs_0000002337,obs_0000003327|obs_0000002337
Socken,Lily Dan,"€ 4,99",,"pro Einheit = 4,99",,Nein,Gültig bis 04.04,2026-03-30,2026-04-04,../images/aldi/aldi_offer_102.jpg,cat_non_food,,,ref_000102,obs_0000000756|obs_0000011300|obs_0000001624|obs_0000023153|obs_0000001173|obs_0000024304|obs_0000000758|obs_0000000765|obs_0000023885|obs_0000001375|obs_0000001405|obs_0000000967|obs_0000023044|obs_0000002058|obs_0000017451|obs_0000022642|obs_0000001174|obs_0000024258|obs_0000016081|obs_0000024283|obs_0000015615|obs_0000015624|obs_0000012561|obs_0000023836|obs_0000012590|obs_0000023861|obs_0000012599|obs_0000018780|obs_0000003499|obs_0000023493|obs_0000011723|obs_0000011742|obs_0000002606|obs_0000004693|obs_0000004266|obs_0000003839|obs_0000003350|obs_0000003128|obs_0000004831|obs_0000004404|obs_0000000312|obs_0000003977|obs_0000022041|obs_0000002598|obs_0000016449|obs_0000000593|obs_0000018523|obs_0000010858|obs_0000010866|obs_0000022652,obs_0000011300|obs_0000001624|obs_0000023153|obs_0000001173|obs_0000024304|obs_0000000756|obs_0000000758|obs_0000000765|obs_0000023885|obs_0000001375|obs_0000001405|obs_0000000967
Leggings,LILY DAN,"€ 4,99",,"pro Einheit = 4,99",,Nein,Gültig bis 04.04,2026-03-30,2026-04-04,../images/aldi/aldi_offer_103.jpg,cat_non_food,,,ref_000103,obs_0000024299|obs_0000023879|obs_0000023488|obs_0000023039|obs_0000002624|obs_0000003411|obs_0000000939|obs_0000000595|obs_0000025230|obs_0000016070|obs_0000013014|obs_0000017194|obs_0000012617|obs_0000003439|obs_0000016253|obs_0000026497|obs_0000002484|obs_0000023487|obs_0000014787|obs_0000010232|obs_0000003612|obs_0000026633|obs_0000018936|obs_0000016941|obs_0000019559|obs_0000032955|obs_0000032956|obs_0000017165|obs_0000019332|obs_0000019853|obs_0000014780|obs_0000011250|obs_0000023042|obs_0000019520|obs_0000019867|obs_0000019908|obs_0000011721,obs_0000024299|obs_0000023879|obs_0000023039
Regenjacke,LILY DAN,"€ 9,99",,"pro Einheit = 9,99",,Nein,Gültig bis 04.04,2026-03-30,2026-04-04,../images/aldi/aldi_offer_104.jpg,cat_non_food,,,ref_000104,obs_0000001669|obs_0000004690|obs_0000003173|obs_0000004263|obs_0000004801|obs_0000003836|obs_0000004374|obs_0000002367|obs_0000003432|obs_0000003947|obs_0000002486|obs_0000004821|obs_0000003338|obs_0000004394|obs_0000003967|obs_0000002470|obs_0000000938,obs_0000001669
Fleecejacke,Paw Patrol,"€ 9,99",,"pro Einheit = 9,99",,Nein,Gültig bis 04.04,2026-03-30,2026-04-04,../images/aldi/aldi_offer_105.jpg,cat_non_food,,,ref_000105,obs_0000023101|obs_0000009864|obs_0000026122|obs_0000032808|obs_0000000942|obs_0000009402|obs_0000001608|obs_0000018381|obs_0000022494|obs_0000025203|obs_0000000029|obs_0000021152|obs_0000003754|obs_0000014794|obs_0000025293|obs_0000020333|obs_0000025102|obs_0000020136|obs_0000020955,obs_0000023101
Kinder-Regenschirm,Kinder-Regenschirm,"€ 4,99",,"pro Einheit = 4,99",,Nein,Gültig bis 04.04,2026-03-30,2026-04-04,../images/aldi/aldi_offer_106.jpg,"cat_non_food,tag_ultra_processed",,,ref_000106,,
Schuhe mit LED,LILY DAN,"€ 12,99",,"pro Einheit = 12,99",,Nein,Gültig bis 04.04,2026-03-30,2026-04-04,../images/aldi/aldi_offer_107.jpg,cat_non_food,,,ref_000107,,
Collegejacke,LILY DAN,"€ 9,99",,"pro Einheit = 9,99",,Nein,Gültig bis 04.04,2026-03-30,2026-04-04,../images/aldi/aldi_offer_108.jpg,"cat_non_food,tag_ultra_processed",,,ref_000108,obs_0000011738,
Regenstiefel,LILY DAN,"€ 9,99",,"pro Einheit = 9,99",,Nein,Gültig bis 04.04,2026-03-30,2026-04-04,../images/aldi/aldi_offer_109.jpg,cat_non_food,,,ref_000109,obs_0000001584|obs_0000024278|obs_0000024281|obs_0000023854|obs_0000023857|obs_0000001670|obs_0000000936|obs_0000025903,obs_0000001584|obs_0000024278|obs_0000024281|obs_0000023854|obs_0000023857
Pyjama,LILY DAN,"€ 4,99",,"pro Einheit = 4,99",,Nein,Gültig bis 04.04,2026-03-30,2026-04-04,../images/aldi/aldi_offer_110.jpg,cat_non_food,,,ref_000110,obs_0000000843|obs_0000000941|obs_0000025117|obs_0000001582|obs_0000020542|obs_0000001626|obs_0000001121|obs_0000022656|obs_0000000757|obs_0000000761|obs_0000021361|obs_0000001410|obs_0000002326|obs_0000002442|obs_0000020489|obs_0000016395|obs_0000003601|obs_0000025121|obs_0000011299|obs_0000001063|obs_0000001069|obs_0000001581|obs_0000021565|obs_0000002134|obs_0000001120|obs_0000021615|obs_0000025721|obs_0000025220|obs_0000025229|obs_0000018067|obs_0000013990|obs_0000021164|obs_0000025312|obs_0000016613|obs_0000002795|obs_0000015610|obs_0000015617|obs_0000013578|obs_0000015626|obs_0000020746|obs_0000020796|obs_0000021308|obs_0000004942|obs_0000025426|obs_0000015703|obs_0000015704|obs_0000014181|obs_0000017261|obs_0000020345|obs_0000000384,obs_0000025117|obs_0000001582|obs_0000020542|obs_0000001626|obs_0000001121|obs_0000022656|obs_0000000757|obs_0000000761|obs_0000000843|obs_0000021361|obs_0000001410|obs_0000000941
Schubkarren-Set für Kinder,Gardenline,"€ 19,99",,"pro Einheit = 19,99",,Nein,Gültig bis 04.04,2026-03-30,2026-04-04,../images/aldi/aldi_offer_111.jpg,"cat_non_food,tag_ultra_processed",,,ref_000111,,
Gartengerät für Kinder,Gardenline,"€ 2,49",,"pro Einheit = 2,49",,Nein,Gültig bis 04.04,2026-03-30,2026-04-04,../images/aldi/aldi_offer_112.jpg,"cat_non_food,tag_ultra_processed",,,ref_000112,obs_0000010787|obs_0000023931|obs_0000023937|obs_0000024357|obs_0000024358,
Holz-Sitzgarnitur für Kinder,Belavi,"€ 16,99",,"pro Einheit = 16,99",,Nein,Gültig bis 04.04,2026-03-30,2026-04-04,../images/aldi/aldi_offer_113.jpg,"cat_non_food,tag_ultra_processed",,,ref_000113,,
Hochbeet für Kinder,BELAVI,"€ 14,99",,"pro Einheit = 14,99",,Nein,Gültig bis 04.04,2026-03-30,2026-04-04,../images/aldi/aldi_offer_114.jpg,"cat_knabbern_naschen,tag_ultra_processed",,,ref_000114,obs_0000010787|obs_0000013026,
DIY-Blumentöpfe,Belavi,"€ 4,99",,"pro Einheit = 4,99",,Nein,Gültig bis 04.04,2026-03-30,2026-04-04,../images/aldi/aldi_offer_115.jpg,"cat_non_food,diet_gluten_free,diet_lactose_free,diet_vegan,diet_vegetarian,tag_whole_food",,,ref_000115,,
Universelle Wetterschutzhülle,Universelle Wetterschutzhülle,"€ 7,99",,"pro Einheit = 7,99",,Nein,Gültig bis 04.04,2026-03-30,2026-04-04,../images/aldi/aldi_offer_116.jpg,cat_non_food,,,ref_000116,,
Gasgrill Boston Pro 4 KR Turbo II,Enders,"€ 279,00",,"pro Einheit = 279,00",,Nein,Gültig bis 04.04,2026-03-30,2026-04-04,../images/aldi/aldi_offer_117.jpg,"cat_non_food,tag_ultra_processed",,,ref_000117,,
Grillzange,JES COLLECTION,"€ 1,00",,"pro Einheit = 1,00",,Nein,Gültig bis 04.04,2026-03-30,2026-04-04,../images/aldi/aldi_offer_118.jpg,cat_getraenke,,,ref_000118,,
Bypass-Schere,Gardenline,"€ 3,99",,"pro Einheit = 3,99",,Nein,Gültig bis 04.04,2026-03-30,2026-04-04,../images/aldi/aldi_offer_119.jpg,"cat_non_food,diet_vegetarian",,,ref_000119,obs_0000012570,
Gehwegplattenreiniger,Power Force,"€ 1,99",,"pro Einheit = 1,99",,Nein,Gültig bis 04.04,2026-03-30,2026-04-04,../images/aldi/aldi_offer_120.jpg,cat_drogerie,,,ref_000120,,
Rasendünger,Gardenline,"€ 5,99",,"1 kg = 2,00",,Nein,Gültig bis 04.04,2026-03-30,2026-04-04,../images/aldi/aldi_offer_121.jpg,cat_non_food,,,ref_000121,,
Hortensienbusch,Gardenline,"€ 6,99",,"pro Einheit = 6,99",,Nein,Gültig bis 04.04,2026-03-30,2026-04-04,../images/aldi/aldi_offer_122.jpg,cat_non_food,,,ref_000122,,
Sport- und Spielrasen,Gardenline,"€ 11,99",,"1 kg = 6,00",,Nein,Gültig bis 04.04,2026-03-30,2026-04-04,../images/aldi/aldi_offer_123.jpg,"cat_non_food,diet_lactose_free,diet_vegetarian,tag_whole_food",,,ref_000123,,
Staudenmix,Gardenline,"€ 1,79",,"pro Einheit = 1,79",,Nein,Gültig bis 04.04,2026-03-30,2026-04-04,../images/aldi/aldi_offer_124.jpg,"cat_non_food,diet_gluten_free,diet_lactose_free,diet_vegan,diet_vegetarian,sub_frisches_gemuese,tag_whole_food",,,ref_000124,,
Boho-Hängesessel,BELAVI,"€ 15,99",,"pro Einheit = 15,99",,Nein,Gültig bis 04.04,2026-03-30,2026-04-04,../images/aldi/aldi_offer_125.jpg,"cat_non_food,diet_vegan,diet_vegetarian",,,ref_000125,,
Maler-Set,DECO CRAFT,"€ 9,99",,"pro Einheit = 9,99",,Nein,Gültig bis 04.04,2026-03-30,2026-04-04,../images/aldi/aldi_offer_126.jpg,cat_non_food,,,ref_000126,obs_0000008562|obs_0000000545|obs_0000025081|obs_0000021274|obs_0000013768|obs_0000014037|obs_0000020455,obs_0000008562
Profi-Ersatzwalzen,DECO CRAFT,"€ 1,99",,"pro Einheit = 1,99",,Nein,Gültig bis 04.04,2026-03-30,2026-04-04,../images/aldi/aldi_offer_127.jpg,cat_non_food,,,ref_000127,obs_0000003604|obs_0000000543,obs_0000003604|obs_0000000543
Einweg-Overall,DECO CRAFT,"€ 3,99",,"pro Einheit = 3,99",,Nein,Gültig bis 04.04,2026-03-30,2026-04-04,../images/aldi/aldi_offer_128.jpg,cat_non_food,,,ref_000128,,
Super Kleber Original,Loctite,"€ 2,49",,"1 kg = 57,91",,Nein,Gültig bis 04.04,2026-03-30,2026-04-04,../images/aldi/aldi_offer_129.jpg,"cat_getraenke,tag_ultra_processed",,,ref_000129,obs_0000028730|obs_0000020611|obs_0000012423|obs_0000006283|obs_0000026772|obs_0000026832|obs_0000028896|obs_0000035052|obs_0000027005|obs_0000027048|obs_0000021000|obs_0000008777|obs_0000021117|obs_0000008906|obs_0000015051|obs_0000021430|obs_0000025547|obs_0000033763|obs_0000017384|obs_0000013325|obs_0000019505|obs_0000031800|obs_0000025705|obs_0000009334|obs_0000015502|obs_0000027791|obs_0000033975|obs_0000021758|obs_0000009525|obs_0000021868|obs_0000017799|obs_0000026035|obs_0000022184|obs_0000020181|obs_0000034561|obs_0000009987|obs_0000028429|obs_0000034575|obs_0000016167|obs_0000020298|obs_0000028516|obs_0000010117|obs_0000014249|obs_0000028630,
Profi-Pinselset,DECO CRAFT,"€ 2,49",,"pro Einheit = 2,49",,Nein,Gültig bis 04.04,2026-03-30,2026-04-04,../images/aldi/aldi_offer_130.jpg,cat_non_food,,,ref_000130,,
Malerkreppband,DECO CRAFT,"€ 2,49",,"pro Einheit = 0,02",,Nein,Gültig bis 04.04,2026-03-30,2026-04-04,../images/aldi/aldi_offer_131.jpg,cat_non_food,,,ref_000131,obs_0000000549,obs_0000000549
Abdeckfolien-Set,DECO CRAFT,"€ 3,49",,"pro Einheit = 3,49",,Nein,Gültig bis 04.04,2026-03-30,2026-04-04,../images/aldi/aldi_offer_132.jpg,cat_non_food,,,ref_000132,obs_0000001367,obs_0000001367
Sprühlack,HOME CREATION,"€ 2,99",,"pro Einheit = 7,48",,Nein,Gültig bis 04.04,2026-03-30,2026-04-04,../images/aldi/aldi_offer_133.jpg,cat_non_food,,,ref_000133,,
S O S Easy Wandfarbe,Molto,"€ 1,99",,"pro Einheit = 66,33",,Nein,Gültig bis 04.04,2026-03-30,2026-04-04,../images/aldi/aldi_offer_134.jpg,cat_non_food,,,ref_000134,,
Klapptrittleiter,WORKZONE,"€ 9,99",,"pro Einheit = 9,99",,Nein,Gültig bis 04.04,2026-03-30,2026-04-04,../images/aldi/aldi_offer_135.jpg,"cat_non_food,diet_vegetarian,tag_ultra_processed",,,ref_000135,obs_0000003669|obs_0000015999|obs_0000015993,obs_0000003669
Kleinflächenstreichset,DECO CRAFT,"€ 4,99",,"pro Einheit = 4,99",,Nein,Gültig bis 04.04,2026-03-30,2026-04-04,,cat_non_food,,,ref_000136,,
Color Waschmittel,Perwoll,"€ 1,39",,"1 l = 3,09",,Nein,Gültig bis 04.04,2026-03-30,2026-04-04,../images/aldi/aldi_offer_137.jpg,cat_drogerie,,,ref_000137,obs_0000033858|obs_0000016462|obs_0000026760|obs_0000033445|obs_0000017352|obs_0000018449|obs_0000034866|obs_0000027703|obs_0000012875|obs_0000020059|obs_0000023646|obs_0000018542|obs_0000024174|obs_0000019568|obs_0000013946|obs_0000025217|obs_0000021665|obs_0000012454|obs_0000002728|obs_0000023748|obs_0000023244|obs_0000025812|obs_0000018152|obs_0000017654|obs_0000015109|obs_0000033069|obs_0000022331|obs_0000022340|obs_0000018794|obs_0000020846|obs_0000019827|obs_0000022410|obs_0000020878|obs_0000012181|obs_0000003486|obs_0000019384|obs_0000025534|obs_0000026568|obs_0000022520|obs_0000025598|obs_0000033859|obs_0000034993,
Mauerfarbe,DECO CRAFT,"€ 9,99",,"pro Einheit = 2,00",,Nein,Gültig bis 04.04,2026-03-30,2026-04-04,../images/aldi/aldi_offer_138.jpg,cat_non_food,,BLS-T600100,ref_000138,,
Profiweiß,DECO CRAFT,"€ 12,99",,"pro Einheit = 1,18",,Nein,Gültig bis 04.04,2026-03-30,2026-04-04,../images/aldi/aldi_offer_139.jpg,cat_non_food,,,ref_000139,obs_0000000540,obs_0000000540
Lesehilfe,Lesehilfe,"€ 1,49",,"pro Einheit = 1,49",,Nein,Gültig bis 04.04,2026-03-30,2026-04-04,../images/aldi/aldi_offer_140.jpg,"cat_non_food,diet_vegetarian",,,ref_000140,obs_0000012522|obs_0000001627,
Cardigan,UP2FASHION,"€ 8,99",,"pro Einheit = 8,99",,Nein,Gültig bis 04.04,2026-03-30,2026-04-04,../images/aldi/aldi_offer_141.jpg,cat_non_food,,,ref_000141,obs_0000002151|obs_0000003025|obs_0000019562|obs_0000033235|obs_0000020511|obs_0000021924|obs_0000021330,
Homewear-Set,UP2FASHION,"€ 12,99",,"pro Einheit = 12,99",,Nein,Gültig bis 04.04,2026-03-30,2026-04-04,../images/aldi/aldi_offer_142.jpg,cat_non_food,,,ref_000142,,
Sneaker-Socken,UP2FASHION,"€ 1,99",,"pro Einheit = 1,99",,Nein,Gültig bis 04.04,2026-03-30,2026-04-04,../images/aldi/aldi_offer_143.jpg,cat_non_food,,,ref_000143,obs_0000012599|obs_0000000758|obs_0000000765|obs_0000001173|obs_0000001375|obs_0000001405|obs_0000001624|obs_0000023153|obs_0000000756|obs_0000000967|obs_0000011300|obs_0000001144|obs_0000023885|obs_0000024304|obs_0000030037,obs_0000012599
Ledergürtel,UP2FASHION,"€ 9,99",,"pro Einheit = 9,99",,Nein,Gültig bis 04.04,2026-03-30,2026-04-04,../images/aldi/aldi_offer_144.jpg,cat_non_food,,,ref_000144,obs_0000002221|obs_0000003500|obs_0000013576|obs_0000013697,
Bralette,UP2FASHION,"€ 4,99",,"pro Einheit = 4,99",,Nein,Gültig bis 04.04,2026-03-30,2026-04-04,../images/aldi/aldi_offer_145.jpg,cat_drogerie,,,ref_000145,,
Sweatjacke,UP2FASHION,"€ 11,99",,"pro Einheit = 11,99",,Nein,Gültig bis 04.04,2026-03-30,2026-04-04,../images/aldi/aldi_offer_146.jpg,"cat_non_food,tag_ultra_processed",,,ref_000146,obs_0000000085|obs_0000003200|obs_0000004819|obs_0000004392|obs_0000003965|obs_0000002501|obs_0000022022|obs_0000020501|obs_0000016295|obs_0000021050|obs_0000010857|obs_0000025683|obs_0000024269|obs_0000018180|obs_0000020231|obs_0000023845|obs_0000010852|obs_0000021320|obs_0000015219|obs_0000019903|obs_0000021995|obs_0000008490,
Langarmshirt,UP2FASHION,"€ 3,99",,"pro Einheit = 3,99",,Nein,Gültig bis 04.04,2026-03-30,2026-04-04,../images/aldi/aldi_offer_147.jpg,cat_non_food,,,ref_000147,obs_0000003624|obs_0000019496|obs_0000023103|obs_0000019690|obs_0000013575|obs_0000013696|obs_0000019386|obs_0000010863|obs_0000016491|obs_0000017558|obs_0000012616|obs_0000012622|obs_0000016250,obs_0000000599
Weihrauch Schneegestöber,Gardenline,"€ 3,99",,"pro Einheit = 3,99",,Nein,Gültig bis 04.04,2026-03-30,2026-04-04,../images/aldi/aldi_offer_148.jpg,"cat_non_food,diet_vegetarian",,,ref_000148,,
Bepflanzter Keramiktopf Hasengesicht,Gardenline,"€ 5,99",,"pro Einheit = 5,99",,Nein,Gültig bis 04.04,2026-03-30,2026-04-04,../images/aldi/aldi_offer_149.jpg,"cat_non_food,diet_lactose_free,diet_vegetarian",,,ref_000149,,
Eukalyptus,Eukalyptus,"€ 2,99",,"pro Einheit = 2,99",,Nein,Gültig bis 04.04,2026-03-30,2026-04-04,../images/aldi/aldi_offer_150.jpg,"cat_non_food,diet_vegetarian,tag_ultra_processed",,,ref_000150,obs_0000023410|obs_0000019712,
Shorty-Pyjama,UP2FASHION,"€ 6,99",,"pro Einheit = 6,99",,Nein,Gültig bis 04.04,2026-03-30,2026-04-04,../images/aldi/aldi_offer_151.jpg,cat_non_food,,,ref_000151,obs_0000001581|obs_0000001069|obs_0000001120|obs_0000001063|obs_0000001582|obs_0000001626|obs_0000001121|obs_0000000757|obs_0000000761|obs_0000001410|obs_0000025117|obs_0000020542|obs_0000000941|obs_0000022656|obs_0000000843|obs_0000021361,obs_0000001063|obs_0000001581|obs_0000001069|obs_0000001120
Klappbare Rutsche,PALPLAY,"€ 19,99",,"pro Einheit = 19,99",,Nein,Gültig bis 04.04,2026-03-30,2026-04-04,../images/aldi/aldi_offer_152.jpg,cat_non_food,,,ref_000152,obs_0000024792,
Holz-Matschküche,Holz-Matschküche,"€ 24,99",,"pro Einheit = 24,99",,Nein,Gültig bis 04.04,2026-03-30,2026-04-04,../images/aldi/aldi_offer_153.jpg,cat_non_food,,,ref_000153,obs_0000024290|obs_0000023869,
Sandkasten,TOYLINO,"€ 39,99",,"pro Einheit = 39,99",,Nein,Gültig bis 04.04,2026-03-30,2026-04-04,../images/aldi/aldi_offer_154.jpg,"cat_non_food,diet_vegetarian",,,ref_000154,obs_0000024802,obs_0000024802
Spielweste,Toylino,"€ 6,99",,"pro Einheit = 6,99",,Nein,Gültig bis 04.04,2026-03-30,2026-04-04,../images/aldi/aldi_offer_155.jpg,"cat_non_food,diet_gluten_free,diet_lactose_free,diet_vegan,diet_vegetarian",,,ref_000155,,
Schaukelzubehör,Toylino,"€ 6,99",,"pro Einheit = 6,99",,Nein,Gültig bis 04.04,2026-03-30,2026-04-04,../images/aldi/aldi_offer_156.jpg,cat_non_food,,,ref_000156,,
Fenstermalfarben,Disney Princess,"€ 2,99",,"pro Einheit = 2,99",,Nein,Gültig bis 04.04,2026-03-30,2026-04-04,../images/aldi/aldi_offer_157.jpg,"cat_non_food,diet_vegetarian",,,ref_000157,obs_0000002992,obs_0000002992
Basketball,Crane,"€ 6,99",,"pro Einheit = 6,99",,Nein,Gültig bis 04.04,2026-03-30,2026-04-04,../images/aldi/aldi_offer_158.jpg,"cat_non_food,diet_vegan",,,ref_000158,,
Steppjacke,LILY DAN,"€ 9,99",,"pro Einheit = 9,99",,Nein,Gültig bis 04.04,2026-03-30,2026-04-04,../images/aldi/aldi_offer_159.jpg,cat_non_food,,,ref_000159,obs_0000001408|obs_0000022019|obs_0000020490|obs_0000016456|obs_0000021121|obs_0000018574|obs_0000020116|obs_0000024294|obs_0000022266|obs_0000017684|obs_0000017695|obs_0000021793|obs_0000021309|obs_0000023870|obs_0000020302|obs_0000021862|obs_0000020935,obs_0000001408
Knetmassen-Set,Play-Doh,"€ 7,99",,"pro Einheit = 12,99",,Nein,Gültig bis 04.04,2026-03-30,2026-04-04,../images/aldi/aldi_offer_160.jpg,cat_non_food,,,ref_000160,,
Robo-Alive,ZURU,"€ 4,99",,"pro Einheit = 4,99",,Nein,Gültig bis 04.04,2026-03-30,2026-04-04,../images/aldi/aldi_offer_161.jpg,cat_non_food,,,ref_000161,,
Frühlingsclogs,LILY DAN,"€ 3,99",,"pro Einheit = 3,99",,Nein,Gültig bis 04.04,2026-03-30,2026-04-04,../images/aldi/aldi_offer_162.jpg,cat_non_food,,,ref_000162,,
Inline-Skates,CRANE,"€ 24,99",,"pro Einheit = 24,99",,Nein,Gültig bis 04.04,2026-03-30,2026-04-04,../images/aldi/aldi_offer_163.jpg,"cat_non_food,tag_ultra_processed",,,ref_000163,,
1000-Teile-Puzzle,1000-Teile-Puzzle,"€ 3,99",,"pro Einheit = 3,99",,Nein,Gültig bis 04.04,2026-03-30,2026-04-04,../images/aldi/aldi_offer_164.jpg,cat_non_food,,,ref_000164,obs_0000026680|obs_0000005009|obs_0000002482|obs_0000004155|obs_0000002002|obs_0000003169|obs_0000004582,obs_0000026680|obs_0000002002
Bastelbuch,Bastelbuch,"€ 3,99",,"pro Einheit = 3,99",,Nein,Gültig bis 04.04,2026-03-30,2026-04-04,../images/aldi/aldi_offer_165.jpg,cat_non_food,,,ref_000165,obs_0000000946,
Wimmeliges Entdeckerbuch,Wimmeliges Entdeckerbuch,"€ 3,99",,"pro Einheit = 3,99",,Nein,Gültig bis 04.04,2026-03-30,2026-04-04,../images/aldi/aldi_offer_166.jpg,cat_non_food,,,ref_000166,,
Schatzsuche,Schatzsuche,"€ 2,99",,"pro Einheit = 2,99",,Nein,Gültig bis 04.04,2026-03-30,2026-04-04,../images/aldi/aldi_offer_167.jpg,cat_non_food,,,ref_000167,,
1000-Teile-Puzzle-Organizer,HOME CREATION,"€ 24,99",,"pro Einheit = 24,99",,Nein,Gültig bis 04.04,2026-03-30,2026-04-04,../images/aldi/aldi_offer_168.jpg,cat_non_food,,,ref_000168,obs_0000026680|obs_0000033296|obs_0000001361|obs_0000016282,
Meine fröhliche Stickerwelt Dinosaurier,Meine fröhliche Stickerwelt Dinosaurier,"€ 1,99",,"pro Einheit = 1,99",,Nein,Gültig bis 04.04,2026-03-30,2026-04-04,../images/aldi/aldi_offer_169.jpg,"cat_grundnahrung,diet_lactose_free,diet_vegetarian,tag_ultra_processed",,,ref_000169,,
Kratzmalbuch,Hot Wheels,"€ 3,99",,"pro Einheit = 3,99",,Nein,Gültig bis 04.04,2026-03-30,2026-04-04,../images/aldi/aldi_offer_170.jpg,cat_non_food,,,ref_000170,,
Starterset,Edurino,"€ 29,99",,"pro Einheit = 44,99",,Nein,Gültig bis 04.04,2026-03-30,2026-04-04,../images/aldi/aldi_offer_171.jpg,cat_non_food,,,ref_000171,obs_0000033122|obs_0000012093|obs_0000012111|obs_0000025310|obs_0000017772|obs_0000020910|obs_0000023054|obs_0000016890|obs_0000020091|obs_0000022068|obs_0000017949|obs_0000013989|obs_0000025100,
MaX-ima s Royal-Tulpen,MaX-ima s Royal-Tulpen,"€ 5,99",,"pro Einheit = 5,99",,Nein,Gültig bis 04.04,2026-03-30,2026-04-04,../images/aldi/aldi_offer_172.jpg,"cat_non_food,diet_vegetarian,tag_ultra_processed",,,ref_000172,obs_0000001596|obs_0000029749|obs_0000034533,
Frühlingsbesteck,Crofton,"€ 9,99",,"pro Einheit = 9,99",,Nein,Gültig bis 04.04,2026-03-30,2026-04-04,../images/aldi/aldi_offer_173.jpg,cat_non_food,,BLS-W295200,ref_000173,,
Toilettenpapier,Kokett,"€ 2,79",,"pro Einheit = 2,79",,Nein,Gültig bis 04.04,2026-03-30,2026-04-04,../images/aldi/aldi_offer_174.jpg,cat_drogerie,,,ref_000174,obs_0000000527|obs_0000003599|obs_0000001568|obs_0000002116|obs_0000000748|obs_0000001341|obs_0000010282|obs_0000033855|obs_0000026693|obs_0000024163|obs_0000013932|obs_0000004745|obs_0000013454|obs_0000027323|obs_0000023741|obs_0000034994|obs_0000028373|obs_0000025816|obs_0000028891|obs_0000026332|obs_0000004318|obs_0000033514|obs_0000033004|obs_0000000261|obs_0000008992|obs_0000000809|obs_0000003891|obs_0000014665|obs_0000033636|obs_0000033135|obs_0000028024|obs_0000006587|obs_0000011770|obs_0000002720|obs_0000001788|obs_0000004940|obs_0000000382|obs_0000004513|obs_0000004086|obs_0000005667|obs_0000029750|obs_0000015949|obs_0000012878|obs_0000015950|obs_0000008297|obs_0000006764|obs_0000007297|obs_0000031364|obs_0000009866|obs_0000028827,obs_0000000527|obs_0000003599|obs_0000001568|obs_0000010282|obs_0000033855|obs_0000002116|obs_0000026693|obs_0000024163|obs_0000013932|obs_0000004745|obs_0000013454|obs_0000002720|obs_0000027323|obs_0000023741|obs_0000034994|obs_0000028373|obs_0000025816|obs_0000028891|obs_0000026332|obs_0000004318|obs_0000033514|obs_0000000748|obs_0000033004|obs_0000000261|obs_0000008992|obs_0000000809|obs_0000003891|obs_0000001341|obs_0000014665|obs_0000004940|obs_0000033636|obs_0000033135|obs_0000028024|obs_0000000382|obs_0000004513|obs_0000006587|obs_0000004086|obs_0000011770
Glückwunschkerzen,Home Creation,"€ 1,99",,"pro Einheit = 1,99",,Nein,Gültig bis 04.04,2026-03-30,2026-04-04,../images/aldi/aldi_offer_175.jpg,cat_non_food,,,ref_000175,,
Frühlingsgläser,Crofton,"€ 4,99",,"pro Einheit = 4,99",,Nein,Gültig bis 04.04,2026-03-30,2026-04-04,../images/aldi/aldi_offer_176.jpg,cat_non_food,,BLS-W295200,ref_000176,,
Blüten-Dessertteller,Crofton,"€ 7,99",,"pro Einheit = 7,99",,Nein,Gültig bis 04.04,2026-03-30,2026-04-04,../images/aldi/aldi_offer_177.jpg,cat_non_food,,,ref_000177,,
Rainbow-Rosen,Rainbow-Rosen,"€ 6,99",,"pro Einheit = 6,99",,Nein,Gültig bis 04.04,2026-03-30,2026-04-04,../images/aldi/aldi_offer_178.jpg,cat_non_food,,,ref_000178,obs_0000001204,obs_0000001204
Lamm-Medaillons,Meine Metzgerei,"€ 6,49",,"1 kg = 25,99",,Nein,Gültig bis 04.04,2026-03-30,2026-04-04,../images/aldi/aldi_offer_179.jpg,"cat_fleisch_wurst,sub_schwein,tag_proteinreich",,,ref_000179,,
Feldsalat,Feldsalat,"€ 0,95",,"pro Einheit = 1,49",,Nein,Gültig bis 04.04,2026-03-30,2026-04-04,../images/aldi/aldi_offer_180.jpg,"cat_obst_gemuese,diet_gluten_free,diet_lactose_free,diet_vegan,diet_vegetarian,sub_frisches_gemuese,sub_salate,tag_whole_food",,,ref_000180,obs_0000006273|obs_0000009394|obs_0000017466|obs_0000007739|obs_0000032334|obs_0000007525|obs_0000007533|obs_0000030830|obs_0000009855|obs_0000027524|obs_0000034310|obs_0000020109|obs_0000029843|obs_0000028339|obs_0000020928|obs_0000029125|obs_0000011398|obs_0000015683|obs_0000013640|obs_0000005712|obs_0000005890|obs_0000005895|obs_0000005708,obs_0000006273|obs_0000009394|obs_0000017466|obs_0000007739|obs_0000032334|obs_0000007525|obs_0000007533|obs_0000030830|obs_0000009855
Erdbeeren,Kleine Schätze,"€ 2,99",,"pro Einheit = 3,59",,Nein,Gültig bis 04.04,2026-03-30,2026-04-04,../images/aldi/aldi_offer_181.jpg,"cat_obst_gemuese,diet_gluten_free,diet_lactose_free,diet_vegan,diet_vegetarian,sub_frisches_obst,tag_whole_food",,BLS-F301100,ref_000181,obs_0000022919|obs_0000006408|obs_0000030617|obs_0000027419|obs_0000031261|obs_0000029494|obs_0000030915|obs_0000024529|obs_0000031576|obs_0000030564|obs_0000031462|obs_0000000875|obs_0000006265|obs_0000032512|obs_0000033793|obs_0000012233|obs_0000013901|obs_0000034400|obs_0000030989|obs_0000005687|obs_0000006083|obs_0000006092|obs_0000015717|obs_0000013414|obs_0000013418|obs_0000011389|obs_0000030428,obs_0000022919|obs_0000006408|obs_0000030617|obs_0000027419|obs_0000031261|obs_0000029494|obs_0000030915|obs_0000024529|obs_0000031576|obs_0000030564|obs_0000031462|obs_0000001513|obs_0000000875|obs_0000006265|obs_0000032512
Lachsfilet-Portionen,Golden Seafood,"€ 9,49",,"1 kg = 18,98",,Nein,Gültig bis 04.04,2026-03-30,2026-04-04,../images/aldi/aldi_offer_182.jpg,"cat_fisch_meeresfruechte,diet_gluten_free,diet_lactose_free,tag_high_protein,tag_proteinreich",,,ref_000182,obs_0000021540|obs_0000025684|obs_0000010448|obs_0000019689|obs_0000020721|obs_0000018885|obs_0000001421|obs_0000024238|obs_0000024241|obs_0000023812|obs_0000023817|obs_0000012790|obs_0000017429|obs_0000031809|obs_0000028347|obs_0000008391|obs_0000014208|obs_0000018827|obs_0000010175|obs_0000034280,obs_0000003619|obs_0000021540|obs_0000025684|obs_0000024238|obs_0000010448|obs_0000019689|obs_0000020721|obs_0000023817|obs_0000018885
Schwarzriesling,Schwarzriesling,"€ 4,49",,"pro Einheit = 4,69",,Nein,Gültig bis 04.04,2026-03-30,2026-04-04,../images/aldi/aldi_offer_183.jpg,cat_getraenke,,,ref_000183,obs_0000014638|obs_0000034228|obs_0000011588|obs_0000015081|obs_0000007660|obs_0000006012,
Schoko-Waffeln,Biscotto,"€ 2,59",,"pro Einheit = 2,89",,Nein,Gültig bis 04.04,2026-03-30,2026-04-04,../images/aldi/aldi_offer_184.jpg,"cat_knabbern_naschen,diet_lactose_free,diet_vegan,diet_vegetarian,tag_ultra_processed",,,ref_000184,obs_0000009291|obs_0000009879|obs_0000008913,
Cabernet Sauvignon,Burlwood,"€ 3,49",,"pro Einheit = 3,69",,Nein,Gültig bis 04.04,2026-03-30,2026-04-04,../images/aldi/aldi_offer_185.jpg,"cat_getraenke,tag_ultra_processed",,,ref_000185,obs_0000013406|obs_0000011136|obs_0000028697|obs_0000028577|obs_0000019515|obs_0000008131|obs_0000018390|obs_0000016137|obs_0000014639|obs_0000029266|obs_0000011135,
Schoko-Röllchen Vollmilch,Biscotto,"€ 1,79",,"1 kg = 14,32",,Nein,Gültig bis 04.04,2026-03-30,2026-04-04,../images/aldi/aldi_offer_186.jpg,"cat_knabbern_naschen,diet_vegetarian,tag_ultra_processed",,,ref_000186,obs_0000001050|obs_0000031903,
Zweigelt,Zweigelt,"€ 2,49",,"pro Einheit = 2,59",,Nein,Gültig bis 04.04,2026-03-30,2026-04-04,../images/aldi/aldi_offer_187.jpg,"cat_grundnahrung,diet_vegetarian,tag_ultra_processed",,,ref_000187,obs_0000008001|obs_0000028824,
Rioja Reserva DOCa,Baron Amarillo,"€ 4,29",,"pro Einheit = 4,49",,Nein,Gültig bis 04.04,2026-03-30,2026-04-04,../images/aldi/aldi_offer_188.jpg,cat_getraenke,,,ref_000188,obs_0000017541|obs_0000019735|obs_0000018713|obs_0000021163|obs_0000022369|obs_0000020344,
Pinkie-Donut,Pinkie-Donut,"€ 0,55",,"pro Einheit = 0,55",,Nein,Gültig bis 04.04,2026-03-30,2026-04-04,../images/aldi/aldi_offer_189.jpg,"cat_knabbern_naschen,tag_ultra_processed",,,ref_000189,obs_0000001086|obs_0000005308|obs_0000006257,obs_0000014228|obs_0000001086
Pinot Grigio DOC,Mario Collina,"€ 2,69",,"pro Einheit = 2,79",,Nein,Gültig bis 04.04,2026-03-30,2026-04-04,../images/aldi/aldi_offer_190.jpg,"cat_getraenke,tag_ultra_processed",,,ref_000190,obs_0000000907|obs_0000031406|obs_0000032751|obs_0000014113|obs_0000023227|obs_0000034286|obs_0000034040|obs_0000023194|obs_0000033284|obs_0000031409|obs_0000015922|obs_0000031805|obs_0000011583|obs_0000028480|obs_0000013785|obs_0000029430|obs_0000013047,obs_0000000907
Kakaodrink,Choceur,"€ 3,99",,"pro Einheit = 4,29",,Nein,Gültig bis 04.04,2026-03-30,2026-04-04,../images/aldi/aldi_offer_191.jpg,"cat_knabbern_naschen,tag_ultra_processed",,,ref_000191,,
Donut Milchschokolade,Donut Milchschokolade,"€ 0,55",,"pro Einheit = 0,55",,Nein,Gültig bis 04.04,2026-03-30,2026-04-04,../images/aldi/aldi_offer_192.jpg,"cat_knabbern_naschen,diet_vegetarian,tag_ultra_processed",,,ref_000192,obs_0000005308|obs_0000009794|obs_0000009323|obs_0000006257,
Merlot Pays d Oc IGP,Merlot Pays d Oc IGP,"€ 1,99",,"pro Einheit = 2,19",,Nein,Gültig bis 04.04,2026-03-30,2026-04-04,../images/aldi/aldi_offer_193.jpg,cat_non_food,,,ref_000193,obs_0000008375|obs_0000026185,
Butterkeks,Biscotto,"€ 1,89",,"pro Einheit = 1,99",,Nein,Gültig bis 04.04,2026-03-30,2026-04-04,../images/aldi/aldi_offer_194.jpg,"cat_knabbern_naschen,diet_vegetarian,sub_butter_margarine,sub_milchprodukte,tag_ultra_processed",,BLS-X820252,ref_000194,obs_0000003983|obs_0000004410|obs_0000000317|obs_0000004837|obs_0000003308|obs_0000025240|obs_0000031298|obs_0000008220|obs_0000005651|obs_0000007104,obs_0000003983|obs_0000025240|obs_0000004410|obs_0000000317|obs_0000031298|obs_0000004837|obs_0000003308
IT Primitivo Nero Troia,Costellore,"€ 3,69",,"pro Einheit = 3,89",,Nein,Gültig bis 04.04,2026-03-30,2026-04-04,../images/aldi/aldi_offer_195.jpg,"cat_getraenke,tag_ultra_processed",,,ref_000195,obs_0000027780|obs_0000027208|obs_0000026098|obs_0000034038,
Gefüllte Gnocchi,GOURMET FINEST CUISINE,"€ 1,99",,"1 kg = 4,98",,Nein,Gültig bis 04.04,2026-03-30,2026-04-04,../images/aldi/aldi_offer_196.jpg,"cat_fleisch_wurst,diet_vegetarian,sub_gefluegel,sub_wurst,tag_proteinreich,tag_ultra_processed",,,ref_000196,obs_0000001741|obs_0000001961|obs_0000012829|obs_0000034386|obs_0000008809|obs_0000027805|obs_0000034976|obs_0000010940|obs_0000011501|obs_0000004877|obs_0000000344|obs_0000013663|obs_0000004450|obs_0000004023|obs_0000014820|obs_0000003072|obs_0000032624,obs_0000004701|obs_0000004274|obs_0000001741|obs_0000000227|obs_0000003847|obs_0000001961|obs_0000003571
Bresaola della Valtellina,Gourmet Finest Cuisine,"€ 2,99",,"1 kg = 37,38",,Nein,Gültig bis 04.04,2026-03-30,2026-04-04,../images/aldi/aldi_offer_197.jpg,"cat_fleisch_wurst,diet_lactose_free,diet_vegan,diet_vegetarian,sub_gefluegel,sub_kaese,sub_wurst,tag_proteinreich,tag_ultra_processed",,,ref_000197,obs_0000002555|obs_0000004168|obs_0000003685|obs_0000002781|obs_0000005022|obs_0000000438|obs_0000004595|obs_0000019594|obs_0000025989|obs_0000017812,obs_0000002555|obs_0000004168|obs_0000003685|obs_0000019594|obs_0000002781|obs_0000017812|obs_0000005022|obs_0000000438|obs_0000004595
Gegrillte Thunfischfilets,GOURMET FINEST CUISINE,"€ 2,79",,"1 kg = 23,25",,Nein,Gültig bis 04.04,2026-03-30,2026-04-04,../images/aldi/aldi_offer_198.jpg,"cat_fisch_meeresfruechte,sub_gefluegel,tag_proteinreich,tag_ultra_processed",,,ref_000198,obs_0000002735|obs_0000025622|obs_0000026667|obs_0000001274|obs_0000001796|obs_0000001797|obs_0000012685|obs_0000015248|obs_0000017324|obs_0000026850,obs_0000002735
Leberpastete,Gourmet Finest Cuisine,"€ 1,79",,"1 kg = 14,32",,Nein,Gültig bis 04.04,2026-03-30,2026-04-04,../images/aldi/aldi_offer_199.jpg,"cat_fleisch_wurst,sub_gefluegel,sub_wurst,tag_proteinreich,tag_ultra_processed",,BLS-W395000,ref_000199,obs_0000002848|obs_0000004925|obs_0000000371|obs_0000002435|obs_0000004498|obs_0000003518|obs_0000004071|obs_0000027240|obs_0000019664|obs_0000016343|obs_0000005603|obs_0000024563|obs_0000006690|obs_0000006691|obs_0000007430|obs_0000029898,obs_0000027240|obs_0000019664|obs_0000002848|obs_0000004925|obs_0000000371|obs_0000002435|obs_0000004498|obs_0000003518|obs_0000016343|obs_0000005603|obs_0000004071|obs_0000024563
Pilz Trüffel Pesto,Gourmet Finest Cuisine,"€ 1,99",,"1 kg = 10,47",,Nein,Gültig bis 04.04,2026-03-30,2026-04-04,../images/aldi/aldi_offer_200.jpg,"cat_fleisch_wurst,diet_vegetarian,sub_gefluegel,sub_wurst,tag_proteinreich,tag_ultra_processed",,,ref_000200,obs_0000001549|obs_0000003198|obs_0000002395|obs_0000025099|obs_0000020017|obs_0000003675|obs_0000000146|obs_0000016639|obs_0000011527|obs_0000023299|obs_0000019219|obs_0000011089|obs_0000014195|obs_0000018607|obs_0000015289|obs_0000019945|obs_0000033274|obs_0000015872,
Lomo Ib rico de Cebo,Gourmet Finest Cuisine,"€ 2,29",,"1 kg = 45,80",,Nein,Gültig bis 04.04,2026-03-30,2026-04-04,../images/aldi/aldi_offer_201.jpg,"cat_fleisch_wurst,diet_vegan,diet_vegetarian,sub_gefluegel,sub_wurst,tag_proteinreich,tag_ultra_processed",,,ref_000201,,
Trüffel,GOURMET FINEST CUISINE,"€ 4,29",,"1 kg = 107,25",,Nein,Gültig bis 04.04,2026-03-30,2026-04-04,../images/aldi/aldi_offer_202.jpg,"cat_fleisch_wurst,diet_lactose_free,diet_vegan,diet_vegetarian,sub_gefluegel,sub_wurst,tag_proteinreich,tag_ultra_processed",,BLS-K702100,ref_000202,obs_0000003198|obs_0000002395|obs_0000033274|obs_0000001545|obs_0000001748|obs_0000007852|obs_0000004773|obs_0000002745|obs_0000017622|obs_0000004346|obs_0000000279|obs_0000003919|obs_0000019803|obs_0000002918|obs_0000016239|obs_0000018840|obs_0000034407|obs_0000007433|obs_0000006033|obs_0000032683|obs_0000014461|obs_0000007342,obs_0000001545|obs_0000003198|obs_0000001748|obs_0000002395|obs_0000033274
Sockeye-Wildlachs,Gourmet Finest Cuisine,"€ 3,59",,"1 kg = 35,90",,Nein,Gültig bis 04.04,2026-03-30,2026-04-04,../images/aldi/aldi_offer_203.jpg,"cat_fleisch_wurst,sub_gefluegel,sub_wurst,tag_high_protein,tag_proteinreich",,,ref_000203,obs_0000015835|obs_0000024583|obs_0000032376|obs_0000031988,obs_0000015835
Filoncino Natur,Gourmet Finest Cuisine,"€ 1,89",,"1 kg = 4,73",,Nein,Gültig bis 04.04,2026-03-30,2026-04-04,../images/aldi/aldi_offer_204.jpg,"cat_fleisch_wurst,diet_vegetarian,sub_gefluegel,sub_milchprodukte,sub_wurst,tag_proteinreich",,,ref_000204,obs_0000001737|obs_0000001347|obs_0000009644|obs_0000028889,obs_0000001737
Schwäbische Maultaschen,Gourmet Finest Cuisine,"€ 2,49",,"1 kg = 6,92",,Nein,Gültig bis 04.04,2026-03-30,2026-04-04,../images/aldi/aldi_offer_205.jpg,"cat_fleisch_wurst,sub_gefluegel,sub_wurst,tag_proteinreich,tag_ultra_processed",,,ref_000205,obs_0000012341|obs_0000033906|obs_0000014973|obs_0000006305|obs_0000017588|obs_0000000711|obs_0000010531|obs_0000031814,
Maronen,GOURMET FINEST CUISINE,"€ 3,39",,"1 kg = 16,14",,Nein,Gültig bis 04.04,2026-03-30,2026-04-04,../images/aldi/aldi_offer_206.jpg,"cat_fleisch_wurst,diet_gluten_free,diet_lactose_free,diet_vegan,diet_vegetarian,sub_gefluegel,sub_wurst,tag_proteinreich,tag_ultra_processed",,BLS-S143000,ref_000206,obs_0000001744|obs_0000016568|obs_0000019188|obs_0000020027|obs_0000027640|obs_0000014435|obs_0000029972,obs_0000003631|obs_0000001094|obs_0000016568|obs_0000001744|obs_0000019188|obs_0000004921|obs_0000000369|obs_0000004494|obs_0000004067
Pfirsiche mit Zimt,Gourmet Finest Cuisine,"€ 2,29",,"1 kg = 6,94",,Nein,Gültig bis 04.04,2026-03-30,2026-04-04,../images/aldi/aldi_offer_207.jpg,"cat_fleisch_wurst,diet_vegetarian,sub_gefluegel,tag_proteinreich,tag_ultra_processed",,,ref_000207,obs_0000006470|obs_0000014977|obs_0000002984|obs_0000011309|obs_0000009649|obs_0000001828,
Edle Matjesfilets,ALMARE,"€ 1,99",,"1 kg = 848,00",,Nein,Gültig bis 04.04,2026-03-30,2026-04-04,../images/aldi/aldi_offer_208.jpg,"cat_fisch_meeresfruechte,diet_lactose_free",,,ref_000208,obs_0000033952|obs_0000034764|obs_0000031758|obs_0000015836,obs_0000033952|obs_0000034764
Shrimps-Salat,ALMARE,"€ 1,99",,"1 kg = 9,95",,Nein,Gültig bis 04.04,2026-03-30,2026-04-04,../images/aldi/aldi_offer_209.jpg,"cat_obst_gemuese,diet_gluten_free,diet_lactose_free,diet_vegan,diet_vegetarian,sub_frisches_gemuese,sub_salate,tag_whole_food",,,ref_000209,obs_0000025985,
Eismeer-Garnelen,ALMARE,"€ 1,99",,"1 kg = 19,90",,Nein,Gültig bis 04.04,2026-03-30,2026-04-04,../images/aldi/aldi_offer_210.jpg,cat_fisch_meeresfruechte,,,ref_000210,obs_0000034603|obs_0000033784|obs_0000004494|obs_0000001313|obs_0000003502|obs_0000003631|obs_0000004921|obs_0000004067|obs_0000001520|obs_0000000369,obs_0000034603|obs_0000003006|obs_0000002009|obs_0000033784
Heringsfilets in Pfeffer-Creme,ALMARE,"€ 1,09",,"1 kg = 5,45",,Nein,Gültig bis 04.04,2026-03-30,2026-04-04,../images/aldi/aldi_offer_211.jpg,cat_fisch_meeresfruechte,,,ref_000211,obs_0000035090|obs_0000033360|obs_0000002730|obs_0000008976|obs_0000013141|obs_0000015371|obs_0000011350|obs_0000027864|obs_0000034021|obs_0000034417,
Premium-Matjesfilets,ALMARE,"€ 2,79",,"1 kg = 12,13",,Nein,Gültig bis 04.04,2026-03-30,2026-04-04,../images/aldi/aldi_offer_212.jpg,cat_fisch_meeresfruechte,,,ref_000212,obs_0000013830|obs_0000011595|obs_0000015836,
Stremellachs,ALMARE,"€ 3,29",,"1 kg = 26,32",,Nein,Gültig bis 04.04,2026-03-30,2026-04-04,../images/aldi/aldi_offer_213.jpg,cat_fisch_meeresfruechte,,,ref_000213,obs_0000003096|obs_0000004638|obs_0000005065|obs_0000000472|obs_0000004211|obs_0000031753|obs_0000008383|obs_0000023231|obs_0000029532,obs_0000031753|obs_0000003096|obs_0000004638|obs_0000008383|obs_0000005065|obs_0000000472|obs_0000004211
Thunfisch-Salat Pasta,ALMARE,"€ 1,39",,"1 kg = 8,69",,Nein,Gültig bis 04.04,2026-03-30,2026-04-04,../images/aldi/aldi_offer_214.jpg,"cat_fisch_meeresfruechte,diet_vegan,diet_vegetarian,sub_nudeln,sub_salate,tag_ultra_processed",,,ref_000214,obs_0000011810|obs_0000031813|obs_0000009827|obs_0000019063|obs_0000009368|obs_0000008366|obs_0000001218|obs_0000014193|obs_0000026575|obs_0000015841|obs_0000029303|obs_0000032053|obs_0000034620|obs_0000032672|obs_0000020003|obs_0000035104|obs_0000028733|obs_0000022097|obs_0000013927|obs_0000002663|obs_0000034419|obs_0000013452|obs_0000017082|obs_0000021187|obs_0000034026|obs_0000018196|obs_0000018708|obs_0000016662|obs_0000026899|obs_0000015656|obs_0000014147|obs_0000028496|obs_0000011092|obs_0000014165|obs_0000019293|obs_0000025985|obs_0000019845|obs_0000020368|obs_0000025518|obs_0000028607|obs_0000018893|obs_0000017359|obs_0000016866,
Thunfischfilets in eigenem Saft und Aufguss,ALMARE,"€ 1,29",,"pro Einheit = 8,60",,Nein,Gültig bis 04.04,2026-03-30,2026-04-04,../images/aldi/aldi_offer_215.jpg,"cat_fisch_meeresfruechte,tag_ultra_processed",,,ref_000215,obs_0000001274|obs_0000001796|obs_0000001797|obs_0000026667|obs_0000032918|obs_0000026785|obs_0000026850|obs_0000012685|obs_0000024985|obs_0000027142|obs_0000021042|obs_0000016953|obs_0000019142|obs_0000017106|obs_0000015248|obs_0000017324|obs_0000025618|obs_0000025622|obs_0000027674|obs_0000033872|obs_0000034047|obs_0000027982|obs_0000017915|obs_0000026144|obs_0000034438|obs_0000020223|obs_0000026383|obs_0000028431|obs_0000022436|obs_0000010200,
Heringsfilets,ALMARE,"€ 1,99",,"1 kg = 4,98",,Nein,Gültig bis 04.04,2026-03-30,2026-04-04,../images/aldi/aldi_offer_216.jpg,cat_fisch_meeresfruechte,,,ref_000216,obs_0000015371|obs_0000008976|obs_0000002730|obs_0000011350|obs_0000027864|obs_0000034021|obs_0000034417|obs_0000005761|obs_0000006146|obs_0000013969|obs_0000019086|obs_0000012835|obs_0000001196|obs_0000029110|obs_0000023376|obs_0000011345|obs_0000008151|obs_0000007389|obs_0000001645|obs_0000014064|obs_0000007036|obs_0000028030|obs_0000012193|obs_0000032556|obs_0000008374|obs_0000030810|obs_0000034144|obs_0000032302|obs_0000035090|obs_0000006134,obs_0000015371|obs_0000008976|obs_0000002730|obs_0000011350|obs_0000027864|obs_0000034021|obs_0000034417
Lachs-Vielfalt,Almare,"€ 2,49",,"1 kg = 27,67",,Nein,Gültig bis 04.04,2026-03-30,2026-04-04,../images/aldi/aldi_offer_217.jpg,"cat_fisch_meeresfruechte,diet_vegetarian",,,ref_000217,obs_0000011352|obs_0000034939|obs_0000033739,
Fischthekensalat,ALMARE,"€ 1,99",,"1 kg = 9,95",,Nein,Gültig bis 04.04,2026-03-30,2026-04-04,../images/aldi/aldi_offer_218.jpg,"cat_fisch_meeresfruechte,sub_frisches_gemuese,sub_salate",,,ref_000218,,
Regenbogenforellen-Filets,ALMARE,"€ 2,49",,"1 kg = 19,92",,Nein,Gültig bis 04.04,2026-03-30,2026-04-04,../images/aldi/aldi_offer_219.jpg,cat_fisch_meeresfruechte,,,ref_000219,obs_0000000522|obs_0000007809|obs_0000009136,obs_0000000522
Thunfisch,Almare,"€ 1,29",,"1 kg = 6,97",,Nein,Gültig bis 04.04,2026-03-30,2026-04-04,../images/aldi/aldi_offer_220.jpg,"cat_fisch_meeresfruechte,tag_ultra_processed",,BLS-T121100,ref_000220,obs_0000013452|obs_0000015656|obs_0000014147|obs_0000013927|obs_0000002835|obs_0000002838|obs_0000003020|obs_0000020625|obs_0000009368|obs_0000011810|obs_0000024867|obs_0000019499|obs_0000008366|obs_0000010669|obs_0000022192|obs_0000022972|obs_0000001218|obs_0000021444|obs_0000031813|obs_0000023751|obs_0000025801|obs_0000026575|obs_0000015841|obs_0000009827|obs_0000024173|obs_0000014193|obs_0000019063|obs_0000007807|obs_0000032672|obs_0000032675|obs_0000032053|obs_0000031286|obs_0000010428|obs_0000030014|obs_0000034620|obs_0000029304|obs_0000029303|obs_0000034833|obs_0000006829|obs_0000032861|obs_0000006130|obs_0000006827|obs_0000005182|obs_0000011511,obs_0000013452|obs_0000015656|obs_0000014147|obs_0000013927
Home S,MEDIONmobile e-plus,"€ 19,99",,"pro Einheit = 19,99",,Nein,Gültig bis 04.04,2026-03-30,2026-04-04,../images/aldi/aldi_offer_221.jpg,cat_non_food,,,ref_000221,obs_0000027318|obs_0000009354|obs_0000005167|obs_0000009818|obs_0000030333|obs_0000017818|obs_0000004002|obs_0000012512|obs_0000000331|obs_0000004429|obs_0000032782|obs_0000031925|obs_0000015446|obs_0000014103|obs_0000004856|obs_0000003392|obs_0000026818,
Thailand Phuket,Thailand Phuket,"€ 1,299,00",,"pro Einheit = 0,00",,Nein,Gültig bis 04.04,2026-03-30,2026-04-04,../images/aldi/aldi_offer_222.jpg,cat_non_food,,,ref_000222,,
Italien Kampanien Ischia,Italien Kampanien Ischia,"€ 799,00",,"pro Einheit = 799,00",,Nein,Gültig bis 04.04,2026-03-30,2026-04-04,../images/aldi/aldi_offer_223.jpg,"cat_grundnahrung,diet_vegan,diet_vegetarian,tag_ultra_processed",,,ref_000223,,
SONNE STRAND ERHOLUNG PUR,ALDI Reisen,"€ 627,00",,"pro Einheit = 627,00",,Nein,Gültig bis 04.04,2026-03-30,2026-04-04,../images/aldi/aldi_offer_224.jpg,cat_non_food,,,ref_000224,,
