Produkt,Marke,Preis,Vorheriger Preis,Preis_kg,Hinweis,Nur_online,Gueltig_raw,Gueltig_von,Gueltig_bis,Bildpfad,assigned_labels
Tafeltrauben rot kernlos,Gut Günstig,"€ 1,69",,"1 kg = 3,38 €","Sorte und Herkunft siehe Etikett, Kl. I, 500 g Packung, (1 kg = 3,38 €)",Nein,Gültig vom 09.03.2026 bis zum 14.03.2026.,2026-03-09,2026-03-14,images_edeka/gut-g-nstig-tafeltrauben-rot-kernlos.jpg,"cat_obst_gemuese,diet_gluten_free,diet_lactose_free,diet_vegan,diet_vegetarian,sub_frisches_obst,tag_whole_food"
Blumenkohl,Keine Marke,"€ 1,49",,"1 st = 1,49 €","aus Italien/Frankreich, Kl. I, Stück",Nein,Gültig vom 09.03.2026 bis zum 14.03.2026.,2026-03-09,2026-03-14,images_edeka/blumenkohl.jpg,"cat_obst_gemuese,diet_gluten_free,diet_lactose_free,diet_vegan,diet_vegetarian,sub_frisches_gemuese,tag_whole_food"
WWF Apeel Orangen oder Mandarinen,EDEKA Herzstücke,"€ 2,39",,Kein Mengenpreis,"Sorte siehe Etikett, aus Spanien, Kl. I",Nein,Gültig vom 09.03.2026 bis zum 14.03.2026.,2026-03-09,2026-03-14,images_edeka/edeka-herzst-cke-wwf-apeel-orangen-oder-mandarinen.jpg,"cat_obst_gemuese,diet_gluten_free,diet_lactose_free,diet_vegan,diet_vegetarian,sub_frisches_obst,tag_whole_food"
WWF Bananen,Gut Günstig,"€ 1,03",,"1 kg = 1,03 €","Herkunft siehe Auszeichnung, 1 kg",Nein,Gültig vom 09.03.2026 bis zum 14.03.2026.,2026-03-09,2026-03-14,images_edeka/gut-g-nstig-wwf-bananen.jpg,"cat_obst_gemuese,diet_gluten_free,diet_lactose_free,diet_vegan,diet_vegetarian,sub_frisches_obst,tag_whole_food"
Erdbeeren,Gut Günstig,"€ 2,99",,"1 kg = 6,66 €","Herkunft siehe Etikett, Kl. I Abbildung ähnlich., 500 g Packung, (1 kg = 6,66 €)",Nein,Gültig vom 09.03.2026 bis zum 14.03.2026.,2026-03-09,2026-03-14,images_edeka/gut-g-nstig-erdbeeren.jpg,"cat_obst_gemuese,diet_gluten_free,diet_lactose_free,diet_vegan,diet_vegetarian,sub_frisches_obst,tag_whole_food"
Pink Lady Tafeläpfel Cripps Pink,Keine Marke,"€ 1,00",,"1 kg = 1,92 €","Herkunft siehe Etikett, Kl. I, 520 g Packung, (1 kg = 1,92 €)",Nein,Gültig vom 09.03.2026 bis zum 14.03.2026.,2026-03-09,2026-03-14,images_edeka/pink-lady-tafel-pfel-cripps-pink.jpg,"cat_obst_gemuese,diet_gluten_free,diet_lactose_free,diet_vegan,diet_vegetarian,sub_frisches_obst,tag_ultra_processed,tag_whole_food"
Kohlrabi,Keine Marke,"€ 0,69",,"1 st = 0,69 €","aus Spanien/Italien, Kl. I, Stück",Nein,Gültig vom 09.03.2026 bis zum 14.03.2026.,2026-03-09,2026-03-14,images_edeka/kohlrabi.jpg,"cat_obst_gemuese,diet_gluten_free,diet_lactose_free,diet_vegan,diet_vegetarian,sub_frisches_gemuese,tag_whole_food"
Salatgurke unfoliert,EDEKA Bio,"€ 1,29",,"1 st = 1,29 €","aus Spanien, Kl. II, Stück",Nein,Gültig vom 09.03.2026 bis zum 14.03.2026.,2026-03-09,2026-03-14,images_edeka/edeka-bio-salatgurke-unfoliert.jpg,"cat_obst_gemuese,diet_gluten_free,diet_lactose_free,diet_vegan,diet_vegetarian,sub_frisches_gemuese,sub_salate,tag_whole_food"
Auberginen,Keine Marke,"€ 0,99",,"1 kg = 3,30 €","aus Spanien, Kl. I, Stück, (1 kg = 3,30 €)",Nein,Gültig vom 09.03.2026 bis zum 14.03.2026.,2026-03-09,2026-03-14,images_edeka/auberginen.jpg,"cat_obst_gemuese,diet_gluten_free,diet_lactose_free,diet_vegan,diet_vegetarian,sub_frisches_obst,tag_ultra_processed,tag_whole_food"
Cherry Rispentomaten,Gut Günstig,"€ 1,99",,"1 kg = 3,98 €","aus Italien, Kl. I, 500 g Packung, (1 kg = 3,98 €)",Nein,Gültig vom 09.03.2026 bis zum 14.03.2026.,2026-03-09,2026-03-14,images_edeka/gut-g-nstig-cherry-rispentomaten.jpg,"cat_obst_gemuese,diet_gluten_free,diet_lactose_free,diet_vegan,diet_vegetarian,sub_frisches_gemuese,tag_whole_food"
Paprika Mix,EDEKA Bio,"€ 2,99",,"1 kg = 7,48 €","aus Spanien, Kl. II, 400 g Packung, (1 kg = 7,48 €)",Nein,Gültig vom 09.03.2026 bis zum 14.03.2026.,2026-03-09,2026-03-14,images_edeka/edeka-bio-paprika-mix.jpg,"cat_obst_gemuese,diet_gluten_free,diet_lactose_free,diet_vegan,diet_vegetarian,sub_frisches_gemuese,tag_ultra_processed,tag_whole_food"
Ondine Plattnektarinen weiß- und gelbfleischig,Keine Marke,"€ 2,99",,"1 kg = 5,98 €","Sorte und Herkunft siehe Etikett, Kl. I, 500 g Packung, (1 kg = 5,98 €)",Nein,Gültig vom 09.03.2026 bis zum 14.03.2026.,2026-03-09,2026-03-14,images_edeka/ondine-plattnektarinen-wei-und-gelbfleischig.jpg,"cat_obst_gemuese,diet_gluten_free,diet_lactose_free,diet_vegan,diet_vegetarian,sub_frisches_obst,tag_whole_food"
Feldsalat,Keine Marke,"€ 0,99",,"1 kg = 6,60 €","aus Italien/Frankreich, Kl. I Abbildung ähnlich., 150 g Packung, (1 kg = 6,60 €)",Nein,Gültig vom 09.03.2026 bis zum 14.03.2026.,2026-03-09,2026-03-14,images_edeka/feldsalat.jpg,"cat_obst_gemuese,diet_gluten_free,diet_lactose_free,diet_vegan,diet_vegetarian,sub_frisches_gemuese,sub_salate,tag_ultra_processed,tag_whole_food"
Avocados Hass,Keine Marke,"€ 1,29",,Kein Mengenpreis,"Herkunft siehe Etikett, Kl. I Abbildung ähnlich., 2er Packung",Nein,Gültig vom 09.03.2026 bis zum 14.03.2026.,2026-03-09,2026-03-14,images_edeka/avocados-hass.jpg,"cat_obst_gemuese,diet_gluten_free,diet_lactose_free,diet_vegan,diet_vegetarian,sub_frisches_obst,tag_ultra_processed,tag_whole_food"
Beste Lese Tafeltrauben Mix kernlos,EDEKA Herzstücke,"€ 2,49",,"1 kg = 4,98 €","Sorte siehe Etikett, aus der Republik Südafrika, Kl. I, 500 g Packung, (1 kg = 4,98 €)",Nein,Gültig vom 09.03.2026 bis zum 14.03.2026.,2026-03-09,2026-03-14,images_edeka/edeka-herzst-cke-beste-lese-tafeltrauben-mix-kernlos.jpg,"cat_obst_gemuese,diet_gluten_free,diet_lactose_free,diet_vegan,diet_vegetarian,sub_frisches_obst,tag_whole_food"
Mango Kent Keitt,EDEKA Herzstücke,"€ 1,99",,"1 st = 1,99 €","aus Peru, Kl. I, Stück",Nein,Gültig vom 09.03.2026 bis zum 14.03.2026.,2026-03-09,2026-03-14,images_edeka/edeka-herzst-cke-mango-kent-keitt.jpg,"cat_obst_gemuese,diet_gluten_free,diet_lactose_free,diet_vegan,diet_vegetarian,sub_exoten,sub_frisches_obst,tag_ultra_processed,tag_whole_food"
Blumenkohl,Keine Marke,"€ 1,49",,"1 st = 1,49 €","aus Italien/Frankreich, Kl. I, Stück",Nein,Gültig vom 09.03.2026 bis zum 14.03.2026.,2026-03-09,2026-03-14,images_edeka/blumenkohl.jpg,"cat_obst_gemuese,diet_gluten_free,diet_lactose_free,diet_vegan,diet_vegetarian,sub_frisches_gemuese,tag_whole_food"
Tafeltrauben rot,Gut Günstig,"€ 1,69",,"1 kg = 3,38","Sorte und Herkunft siehe Etikett, Kl. I, kernlos, 500 g Packung, (1 kg = 3,38)",Nein,Gültig vom 09.03.2026 bis zum 14.03.2026.,2026-03-09,2026-03-14,images_edeka/gut-g-nstig-tafeltrauben-rot.jpg,"cat_obst_gemuese,diet_gluten_free,diet_lactose_free,diet_vegan,diet_vegetarian,sub_frisches_obst,tag_whole_food"
Pink Lady Tafeläpfel Cripps Pink,Keine Marke,"€ 1,00",,"1 kg = 1,92","Herkunft siehe Etikett, Kl. I, 520 g Packung, (1 kg = 1,92)",Nein,Gültig vom 09.03.2026 bis zum 14.03.2026.,2026-03-09,2026-03-14,images_edeka/pink-lady-tafel-pfel-cripps-pink.jpg,"cat_obst_gemuese,diet_gluten_free,diet_lactose_free,diet_vegan,diet_vegetarian,sub_frisches_obst,tag_ultra_processed,tag_whole_food"
Mango Kent Keitt,EDEKA Herzstücke,"€ 1,99",,"1 st = 1,99 €","aus Peru, Kl. I, genussreif, Stück",Nein,Gültig vom 09.03.2026 bis zum 14.03.2026.,2026-03-09,2026-03-14,images_edeka/edeka-herzst-cke-mango-kent-keitt.jpg,"cat_obst_gemuese,diet_gluten_free,diet_lactose_free,diet_vegan,diet_vegetarian,sub_exoten,sub_frisches_obst,tag_ultra_processed,tag_whole_food"
Cherry Rispentomaten,Gut Günstig,"€ 1,99",,"1 kg = 3,98","aus Italien, Kl. I, 500 g Packung, (1 kg = 3,98)",Nein,Gültig vom 09.03.2026 bis zum 14.03.2026.,2026-03-09,2026-03-14,images_edeka/gut-g-nstig-cherry-rispentomaten.jpg,"cat_obst_gemuese,diet_gluten_free,diet_lactose_free,diet_vegan,diet_vegetarian,sub_frisches_gemuese,tag_whole_food"
Patros,Keine Marke,"€ 1,79",,Kein Mengenpreis,verschiedene Sorten und Fettstufen,Nein,Gültig vom 09.03.2026 bis zum 14.03.2026.,2026-03-09,2026-03-14,images_edeka/patros.jpg,"cat_molkerei_kaese,diet_gluten_free,diet_lactose_free,diet_vegan,diet_vegetarian,sub_exoten,sub_frisches_obst,tag_ultra_processed,tag_whole_food"
Original,Leerdammer,"€ 1,11",,"1 kg = 11,10 €","holländischer Schnittkäse, 45 % Fett i. Tr., nussig-mild oder Delacrème halbfester Schnittkäse, 50 % Fett i. Tr., mild-würzig, 100 g",Nein,Gültig vom 09.03.2026 bis zum 14.03.2026.,2026-03-09,2026-03-14,images_edeka/leerdammer-original.jpg,"cat_molkerei_kaese,sub_kaese,sub_milchprodukte,tag_ultra_processed"
Milkana Schmelzkäsezubereitung,Keine Marke,"€ 1,99",,Kein Mengenpreis,verschiedene Sorten und Fettstufen oder Tolle Rolle! Je nach Verfügbarkeit des Marktes.,Nein,Gültig vom 09.03.2026 bis zum 14.03.2026.,2026-03-09,2026-03-14,images_edeka/milkana-schmelzk-sezubereitung.jpg,"cat_molkerei_kaese,diet_vegetarian,sub_kaese,sub_milchprodukte,tag_ultra_processed"
Bergader Almzeit Weichkäse oder Bavaria blu,Keine Marke,"€ 1,79",,Kein Mengenpreis,verschiedene Sorten und Fettstufen,Nein,Gültig vom 09.03.2026 bis zum 14.03.2026.,2026-03-09,2026-03-14,images_edeka/bergader-almzeit-weichk-se-oder-bavaria-blu.jpg,"cat_molkerei_kaese,sub_kaese,sub_milchprodukte,tag_ultra_processed"
Fol Epi Käsescheiben,Keine Marke,"€ 1,49",,Kein Mengenpreis,verschiedene Sorten und Fettstufen Je nach Verfügbarkeit des Marktes.,Nein,Gültig vom 09.03.2026 bis zum 14.03.2026.,2026-03-09,2026-03-14,images_edeka/fol-epi-k-sescheiben.jpg,"cat_molkerei_kaese,diet_gluten_free,diet_lactose_free,diet_vegan,sub_exoten,sub_kaese,sub_milchprodukte,tag_ultra_processed,tag_whole_food"
Almette Alpenfrischkäse oder -zubereitung,Keine Marke,"€ 1,11",,Kein Mengenpreis,verschiedene Sorten und Fettstufen,Nein,Gültig vom 09.03.2026 bis zum 14.03.2026.,2026-03-09,2026-03-14,images_edeka/almette-alpenfrischk-se-oder-zubereitung.jpg,"cat_molkerei_kaese,diet_vegetarian,sub_kaese,sub_milchprodukte,tag_ultra_processed"
Froop,müller,"€ 0,33",,"1 kg = 2,20 €","verschiedene Sorten, 150 g Becher, (1 kg = 2,20 €)",Nein,Gültig vom 09.03.2026 bis zum 14.03.2026.,2026-03-09,2026-03-14,images_edeka/m-ller-froop.jpg,"cat_molkerei_kaese,sub_milchprodukte,tag_ultra_processed"
Rahm- oder Mascarpone Joghurt,Weihenstephan,"€ 0,49",,"1 kg = 3,27 €","verschiedene Sorten, 10 % Fett Je nach Verfügbarkeit des Marktes., 150 g Becher, (1 kg = 3,27 €)",Nein,Gültig vom 09.03.2026 bis zum 14.03.2026.,2026-03-09,2026-03-14,images_edeka/weihenstephan-rahm-oder-mascarpone-joghurt.jpg,"cat_molkerei_kaese,diet_vegetarian,sub_joghurt_skyr_quark,sub_milchprodukte,sub_sahne_creme"
100 Natürliche Zutaten,Rama,"€ 1,00",,"1 kg = 2,50 €","60 % Fett, vegan, 400 g Becher, (1 kg = 2,50 €)",Nein,Gültig vom 09.03.2026 bis zum 14.03.2026.,2026-03-09,2026-03-14,images_edeka/rama-100-nat-rliche-zutaten.jpg,"cat_molkerei_kaese,diet_lactose_free,diet_vegan,diet_vegetarian,sub_butter_margarine,tag_ultra_processed"
K rg rden,Arla,"€ 1,49",,"1 kg = 7,45 €","verschiedene Sorten oder Bio ungesalzen, 200 g Becher, (1 kg = 7,45 €)",Nein,Gültig vom 09.03.2026 bis zum 14.03.2026.,2026-03-09,2026-03-14,images_edeka/arla-k-rg-rden.jpg,"cat_molkerei_kaese,diet_vegetarian,sub_butter_margarine,sub_milchprodukte,tag_high_protein,tag_ultra_processed"
Weideglück Gouda Tilsiter Edamer oder Butterkäse,Keine Marke,"€ 0,88",,"1 kg = 8,80 €","deutscher Schnittkäse, 30-48 % Fett i. Tr., mild bis pikant, 100 g",Nein,Gültig vom 09.03.2026 bis zum 14.03.2026.,2026-03-09,2026-03-14,images_edeka/weidegl-ck-gouda-tilsiter-edamer-oder-butterk-se.jpg,"cat_molkerei_kaese,diet_vegetarian,sub_butter_margarine,sub_kaese,sub_milchprodukte"
Emmentaler AOP - Das Original,Keine Marke,"€ 1,99",,"1 kg = 19,90 €","schweizer Hartkäse mit Rohmilch, 45 % Fett i. Tr., mindestens 4 Monate gereift, nussig-würzig, auch als SB Stück erhältlich, 100 g",Nein,Gültig vom 09.03.2026 bis zum 14.03.2026.,2026-03-09,2026-03-14,images_edeka/emmentaler-aop-das-original.jpg,"cat_molkerei_kaese,diet_gluten_free,diet_lactose_free,diet_vegan,sub_kaese,sub_milchprodukte,tag_ultra_processed,tag_whole_food"
Erlebnis Sennerei Zillertal Erlebniskäse,Keine Marke,"€ 3,29",,"1 kg = 21,93 €","verschiedene Sorten, 45 % Fett i. Tr., 150 g Packung, (1 kg = 21,93 €)",Nein,Gültig vom 09.03.2026 bis zum 14.03.2026.,2026-03-09,2026-03-14,images_edeka/erlebnis-sennerei-zillertal-erlebnisk-se.jpg,"cat_molkerei_kaese,diet_gluten_free,diet_lactose_free,diet_vegan,diet_vegetarian,sub_kaese,tag_ultra_processed,tag_whole_food"
Trentino Trentingrana,Keine Marke,"€ 2,29",,"1 kg = 22,90 €","italienischer Hartkäse mit Rohmilch, aus Südtirol, 32 % Fett i. Tr., vollaromatisch, auch als SB Stück erhältlich, 100 g",Nein,Gültig vom 09.03.2026 bis zum 14.03.2026.,2026-03-09,2026-03-14,images_edeka/trentino-trentingrana.jpg,"cat_molkerei_kaese,diet_gluten_free,diet_lactose_free,diet_vegan,diet_vegetarian,sub_frisches_obst,tag_whole_food"
Butter oder Die Streichzarte,Landliebe,"€ 1,29",,"1 kg = 5,16 €","rahmig-frisch, 250 g Stück/Becher, (1 kg = 5,16 €)",Nein,Gültig vom 09.03.2026 bis zum 14.03.2026.,2026-03-09,2026-03-14,images_edeka/landliebe-butter-oder-die-streichzarte.jpg,"cat_molkerei_kaese,diet_gluten_free,diet_vegetarian,sub_butter_margarine,sub_milchprodukte,tag_ultra_processed"
Mevgal Griechischer Joghurt,Keine Marke,"€ 0,99",,Kein Mengenpreis,"aus Schaf-, Kuh- oder Ziegenmilch, verschiedene Sorten und Fettstufen",Nein,Gültig vom 09.03.2026 bis zum 14.03.2026.,2026-03-09,2026-03-14,images_edeka/mevgal-griechischer-joghurt.jpg,"cat_molkerei_kaese,diet_vegetarian,sub_joghurt_skyr_quark,sub_milchprodukte"
Paula Pudding oder minis,Dr Oetker,"€ 1,49",,Kein Mengenpreis,"verschiedene Sorten, 4/8er",Nein,Gültig vom 09.03.2026 bis zum 14.03.2026.,2026-03-09,2026-03-14,images_edeka/dr-oetker-paula-pudding-oder-minis.jpg,"cat_molkerei_kaese,sub_milchprodukte,sub_sahne_creme,tag_ultra_processed"
Deutsche Marken Butter,EDEKA Herzstücke,"€ 0,99",,"1 kg = 3,96 €","mildgesäuert, 250 g Stück, (1 kg = 3,96 €)",Nein,Gültig vom 09.03.2026 bis zum 14.03.2026.,2026-03-09,2026-03-14,images_edeka/edeka-herzst-cke-deutsche-marken-butter.jpg,"cat_molkerei_kaese,diet_gluten_free,diet_vegetarian,sub_butter_margarine"
Bella Crema,Melitta,"€ 12,99",,"1 kg = 13,99 €","ganze Bohnen, 100 % Arabica, verschiedene Sorten, 1000 g Packung, (1 kg = 13,99 €)",Nein,Gültig vom 09.03.2026 bis zum 14.03.2026.,2026-03-09,2026-03-14,images_edeka/melitta-bella-crema.jpg,"cat_grundnahrung,diet_gluten_free,diet_lactose_free,diet_vegan,diet_vegetarian"
Tchibo Feine Milde,Keine Marke,"€ 16,99",,"1 kg = 16,99 €","100 % Tchibo Arabica, natur-mild Nur solange der Vorrat reicht., 1000 g Vorteilspackung, (1 kg = 16,99 €)",Nein,Gültig vom 09.03.2026 bis zum 14.03.2026.,2026-03-09,2026-03-14,images_edeka/tchibo-feine-milde.jpg,"cat_grundnahrung,diet_gluten_free,diet_lactose_free,diet_vegan,diet_vegetarian,sub_exoten,sub_frisches_obst,tag_ultra_processed,tag_whole_food"
italienische Pasta,De Cecco,"€ 1,11",,"1 kg = 2,58 €","verschiedene Ausformungen, 500 g Packung, (1 kg = 2,58 €)",Nein,Gültig vom 09.03.2026 bis zum 14.03.2026.,2026-03-09,2026-03-14,images_edeka/de-cecco-italienische-pasta.jpg,"cat_grundnahrung,diet_vegan,diet_vegetarian,sub_hackfleisch,sub_nudeln,sub_tk_gemuese"
Suppenliebe Suppe,Knorr,"€ 0,69",,Kein Mengenpreis,verschiedene Sorten,Nein,Gültig vom 09.03.2026 bis zum 14.03.2026.,2026-03-09,2026-03-14,images_edeka/knorr-suppenliebe-suppe.jpg,"cat_grundnahrung,diet_gluten_free,diet_lactose_free,diet_vegan,diet_vegetarian,sub_frisches_gemuese,tag_ultra_processed,tag_whole_food"
Soya-Joghurt- oder Skyr-Alternative,alpro,"€ 1,69",,"1 kg = 4,23 €","verschiedene Sorten, vegan, 400 g Becher, (1 kg = 4,23 €)",Nein,Gültig vom 09.03.2026 bis zum 14.03.2026.,2026-03-09,2026-03-14,images_edeka/alpro-soya-joghurt-oder-skyr-alternative.jpg,"cat_grundnahrung,diet_vegan,diet_vegetarian,sub_joghurt_skyr_quark,sub_milchprodukte"
Maultaschen,Bürger,"€ 1,69",,Kein Mengenpreis,verschiedene Sorten Ausgenommen Maultaschen gerollt 340 g.,Nein,Gültig vom 09.03.2026 bis zum 14.03.2026.,2026-03-09,2026-03-14,images_edeka/b-rger-maultaschen.jpg,cat_grundnahrung
Fertiggericht,Youcook,"€ 3,59",,Kein Mengenpreis,verschiedene Sorten,Nein,Gültig vom 09.03.2026 bis zum 14.03.2026.,2026-03-09,2026-03-14,images_edeka/youcook-fertiggericht.jpg,"cat_grundnahrung,sub_tk_fertiggerichte,tag_ultra_processed"
wasa Knäckebrot,Keine Marke,"€ 1,59",,Kein Mengenpreis,verschiedene Sorten,Nein,Gültig vom 09.03.2026 bis zum 14.03.2026.,2026-03-09,2026-03-14,images_edeka/wasa-kn-ckebrot.jpg,"cat_grundnahrung,diet_gluten_free,diet_lactose_free,diet_vegan,diet_vegetarian,tag_whole_food"
Kaba Das Original,Keine Marke,"€ 2,22",,"1 kg = 5,55 €","Choco, 400 g Packung, (1 kg = 5,55 €)",Nein,Gültig vom 09.03.2026 bis zum 14.03.2026.,2026-03-09,2026-03-14,images_edeka/kaba-das-original.jpg,"cat_grundnahrung,diet_gluten_free,diet_lactose_free,diet_vegan,diet_vegetarian,sub_tk_fertiggerichte,tag_high_protein,tag_ultra_processed,tag_whole_food"
Sonnen Bassermann Suppe,Keine Marke,"€ 1,49",,"1 l = 3,73 €","verschiedene Sorten Nur solange der Vorrat reicht., 400 ml Dose, (1 l = 3,73 €)",Nein,Gültig vom 09.03.2026 bis zum 14.03.2026.,2026-03-09,2026-03-14,images_edeka/sonnen-bassermann-suppe.jpg,"cat_grundnahrung,diet_gluten_free,diet_lactose_free,diet_vegan,diet_vegetarian,sub_frisches_obst,tag_whole_food"
Surig Essigessenz,Keine Marke,"€ 2,79",,"1 kg = 2,79 €","1 kg Flasche, (1 kg = 2,79 €)",Nein,Gültig vom 09.03.2026 bis zum 14.03.2026.,2026-03-09,2026-03-14,images_edeka/surig-essigessenz.jpg,"cat_grundnahrung,diet_gluten_free,diet_lactose_free,diet_vegan,diet_vegetarian,sub_exoten,sub_frisches_obst,tag_ultra_processed,tag_whole_food"
Hellmann s Mayonnaise,Keine Marke,"€ 1,49",,"1 l = 5,96 €","die Cremige, 250 ml Flasche, (1 l = 5,96 €)",Nein,Gültig vom 09.03.2026 bis zum 14.03.2026.,2026-03-09,2026-03-14,images_edeka/hellmann-s-mayonnaise.jpg,"cat_grundnahrung,diet_gluten_free,diet_lactose_free,diet_vegan,diet_vegetarian,tag_ultra_processed,tag_whole_food"
Alwins Beste Wurstkonserve,Keine Marke,"€ 1,49",,"1 kg = 9,93 €","verschiedene Sorten, 150 g Dose, (1 kg = 9,93 €)",Nein,Gültig vom 09.03.2026 bis zum 14.03.2026.,2026-03-09,2026-03-14,images_edeka/alwins-beste-wurstkonserve.jpg,"cat_grundnahrung,diet_gluten_free,diet_lactose_free,diet_vegan,diet_vegetarian,sub_frisches_gemuese,tag_ultra_processed,tag_whole_food"
Bonne Maman Konfitüre,Keine Marke,"€ 2,49",,Kein Mengenpreis,verschiedene Sorten oder Quitten-Gelee,Nein,Gültig vom 09.03.2026 bis zum 14.03.2026.,2026-03-09,2026-03-14,images_edeka/bonne-maman-konfit-re.jpg,"cat_grundnahrung,diet_gluten_free,diet_lactose_free,diet_vegan,diet_vegetarian,tag_ultra_processed,tag_whole_food"
Kölln Müsli,Keine Marke,"€ 2,29",,Kein Mengenpreis,verschiedene Sorten,Nein,Gültig vom 09.03.2026 bis zum 14.03.2026.,2026-03-09,2026-03-14,images_edeka/k-lln-m-sli.jpg,"cat_grundnahrung,diet_gluten_free,diet_lactose_free,diet_vegan,diet_vegetarian,sub_frisches_gemuese,tag_ultra_processed,tag_whole_food"
Ibis 4 Sandwich Baguettes XXL,Keine Marke,"€ 1,89",,"1 kg = 5,56 €","vorgeschnitten, 340 g Packung, (1 kg = 5,56 €)",Nein,Gültig vom 09.03.2026 bis zum 14.03.2026.,2026-03-09,2026-03-14,images_edeka/ibis-4-sandwich-baguettes-xxl.jpg,"cat_grundnahrung,diet_gluten_free,diet_lactose_free,diet_vegan,diet_vegetarian,sub_tk_fertiggerichte,tag_ultra_processed,tag_whole_food"
Pikante Florini-Paprika,Keine Marke,"€ 1,89",,"1 kg = 18,90 €","gefüllt mit Frischkäsezubereitung, 100 g",Nein,Gültig vom 09.03.2026 bis zum 14.03.2026.,2026-03-09,2026-03-14,images_edeka/pikante-florini-paprika.jpg,"cat_grundnahrung,diet_gluten_free,diet_lactose_free,diet_vegan,diet_vegetarian,sub_frisches_gemuese,tag_ultra_processed,tag_whole_food"
Die Backfrische Big City Pizza oder Piccolinis,Original Wagner,"€ 1,99",,Kein Mengenpreis,"verschiedene Sorten, tiefgefroren",Nein,Gültig vom 09.03.2026 bis zum 14.03.2026.,2026-03-09,2026-03-14,images_edeka/original-wagner-die-backfrische-big-city-pizza-oder-piccolinis.jpg,"cat_tiefkuehl,sub_tk_fertiggerichte,sub_tk_pizza,tag_ultra_processed"
Coppenrath Wiese Cafeteria fein sahnig,Keine Marke,"€ 3,49",,Kein Mengenpreis,"verschiedene Sorten, tiefgefroren",Nein,Gültig vom 09.03.2026 bis zum 14.03.2026.,2026-03-09,2026-03-14,images_edeka/coppenrath-wiese-cafeteria-fein-sahnig.jpg,"cat_tiefkuehl,diet_gluten_free,diet_lactose_free,diet_vegan,diet_vegetarian,sub_milchprodukte,sub_sahne_creme,tag_ultra_processed,tag_whole_food"
Häagen-Dazs Eis,Keine Marke,"€ 3,69",,"1 l = 8,67 €","verschiedene Sorten, 460 ml Becher, (1 l = 8,67 €)",Nein,Gültig vom 09.03.2026 bis zum 14.03.2026.,2026-03-09,2026-03-14,images_edeka/h-agen-dazs-eis.jpg,"cat_tiefkuehl,diet_gluten_free,diet_lactose_free,diet_vegan,diet_vegetarian,sub_tk_eis,tag_ultra_processed,tag_whole_food"
Oreo oder Nuii Eis,Milka,"€ 2,22",,Kein Mengenpreis,"verschiedene Sorten, 3/4er",Nein,Gültig vom 09.03.2026 bis zum 14.03.2026.,2026-03-09,2026-03-14,images_edeka/milka-oreo-oder-nuii-eis.jpg,"cat_tiefkuehl,tag_ultra_processed"
Intermezzo,Dr Oetker,"€ 1,69",,Kein Mengenpreis,"verschiedene Sorten, tiefgefroren",Nein,Gültig vom 09.03.2026 bis zum 14.03.2026.,2026-03-09,2026-03-14,images_edeka/dr-oetker-intermezzo.jpg,"cat_tiefkuehl,tag_ultra_processed"
Costa MSC Wildlachs Filets,Keine Marke,"€ 5,99",,"1 kg = 29,95 €","ohne Haut, 2er, tiefgefroren, 200 g Packung, (1 kg = 29,95 €)",Nein,Gültig vom 09.03.2026 bis zum 14.03.2026.,2026-03-09,2026-03-14,images_edeka/costa-msc-wildlachs-filets.jpg,"cat_tiefkuehl,diet_gluten_free,diet_lactose_free,sub_nudeln,sub_tk_fertiggerichte,tag_high_protein,tag_proteinreich,tag_ultra_processed,tag_whole_food"
Alberto Pasta Fertiggericht,Keine Marke,"€ 2,22",,"1 kg = 5,55 €","verschiedene Sorten, tiefgefroren, 400 g Packung, (1 kg = 5,55 €)",Nein,Gültig vom 09.03.2026 bis zum 14.03.2026.,2026-03-09,2026-03-14,images_edeka/alberto-pasta-fertiggericht.jpg,"cat_tiefkuehl,diet_gluten_free,diet_lactose_free,diet_vegan,diet_vegetarian,sub_nudeln,sub_tk_fertiggerichte,tag_ultra_processed,tag_whole_food"
Coppenrath Wiese Strudel,Keine Marke,"€ 2,49",,Kein Mengenpreis,"verschiedene Sorten, vegan, tiefgefroren",Nein,Gültig vom 09.03.2026 bis zum 14.03.2026.,2026-03-09,2026-03-14,images_edeka/coppenrath-wiese-strudel.jpg,"cat_tiefkuehl,diet_gluten_free,diet_lactose_free,diet_vegan,diet_vegetarian,tag_ultra_processed,tag_whole_food"
Flusskrebscocktail Calvados,Keine Marke,"€ 2,59",,"1 kg = 25,90 €","Flusskrebse mit Äpfeln, Mandarinen, Porree und Karotten, in einem mit Calvados verfeinerten Dressing, 100 g",Nein,Gültig vom 09.03.2026 bis zum 14.03.2026.,2026-03-09,2026-03-14,images_edeka/flusskrebscocktail-calvados.jpg,"cat_fisch_meeresfruechte,diet_gluten_free,diet_lactose_free,diet_vegan,diet_vegetarian,tag_ultra_processed,tag_whole_food"
Frisches Lachsfilet,Keine Marke,"€ 2,19",,"1 kg = 21,90 €","natur, mit Haut, ideal zum Braten, 100 g",Nein,Gültig vom 09.03.2026 bis zum 14.03.2026.,2026-03-09,2026-03-14,images_edeka/frisches-lachsfilet.jpg,"cat_fisch_meeresfruechte,diet_gluten_free,diet_lactose_free,tag_high_protein,tag_proteinreich,tag_whole_food"
Lachsstremel,Keine Marke,"€ 3,99",,"1 kg = 39,90 €","natur, 100 g",Nein,Gültig vom 09.03.2026 bis zum 14.03.2026.,2026-03-09,2026-03-14,images_edeka/lachsstremel.jpg,"cat_fisch_meeresfruechte,diet_gluten_free,diet_lactose_free,diet_vegan,diet_vegetarian,sub_frisches_obst,tag_whole_food"
Riesengarnelen,Keine Marke,"€ 3,29",,"1 kg = 32,90 €","getaut, mit Schale, ohne Kopf, natur, 100 g",Nein,Gültig vom 09.03.2026 bis zum 14.03.2026.,2026-03-09,2026-03-14,images_edeka/riesengarnelen.jpg,"cat_fisch_meeresfruechte,diet_gluten_free,diet_lactose_free,diet_vegan,diet_vegetarian,sub_frisches_obst,tag_whole_food"
Gutfried Geflügel-Fleischwurst,Keine Marke,"€ 2,79",,Kein Mengenpreis,"fein würzig, verschiedene Sorten Je nach Verfügbarkeit des Marktes.",Nein,Gültig vom 09.03.2026 bis zum 14.03.2026.,2026-03-09,2026-03-14,images_edeka/gutfried-gefl-gel-fleischwurst.jpg,"cat_fleisch_wurst,sub_gefluegel,sub_wurst,tag_ultra_processed"
Bauernschätze Brotzeitwürstchen,Keine Marke,"€ 1,39",,"1 kg = 13,90 €","deftig, herzhaft gewürzt, 100 g",Nein,Gültig vom 09.03.2026 bis zum 14.03.2026.,2026-03-09,2026-03-14,images_edeka/bauernsch-tze-brotzeitw-rstchen.jpg,"cat_fleisch_wurst,diet_gluten_free,diet_lactose_free,diet_vegetarian,sub_wurst,tag_ultra_processed,tag_whole_food"
Bauernschätze Mettwurst Braunschweiger Art,Keine Marke,"€ 1,19",,"1 kg = 11,90 €","fein zerkleinert oder Appetiter, 100 g",Nein,Gültig vom 09.03.2026 bis zum 14.03.2026.,2026-03-09,2026-03-14,images_edeka/bauernsch-tze-mettwurst-braunschweiger-art.jpg,"cat_fleisch_wurst,sub_wurst"
Krustenschinken,Keine Marke,"€ 1,79",,"1 kg = 17,90 €","heißgegart, saftige Scheiben, 100 g",Nein,Gültig vom 09.03.2026 bis zum 14.03.2026.,2026-03-09,2026-03-14,images_edeka/krustenschinken.jpg,"cat_fleisch_wurst,diet_gluten_free,diet_lactose_free,diet_vegan,diet_vegetarian,sub_schwein,sub_wurst,tag_ultra_processed,tag_whole_food"
Hähnchengrillbrust,Keine Marke,"€ 1,79",,"1 kg = 17,90 €","gegart, saftig, magere Scheiben, 100 g",Nein,Gültig vom 09.03.2026 bis zum 14.03.2026.,2026-03-09,2026-03-14,images_edeka/h-hnchengrillbrust.jpg,"cat_fleisch_wurst,diet_gluten_free,diet_lactose_free,diet_vegan,diet_vegetarian,sub_gefluegel,tag_proteinreich,tag_whole_food"
Aktiv Salami,Keine Marke,"€ 1,79",,"1 kg = 17,90 €","für die bewusste Ernährung, 100 g",Nein,Gültig vom 09.03.2026 bis zum 14.03.2026.,2026-03-09,2026-03-14,images_edeka/aktiv-salami.jpg,"cat_fleisch_wurst,diet_gluten_free,diet_lactose_free,diet_vegan,diet_vegetarian,sub_frisches_gemuese,sub_wurst,tag_ultra_processed,tag_whole_food"
Bauernsalami,Keine Marke,"€ 1,69",,"1 kg = 16,90 €","herzhaft gewürzt, ca. 200 g Stücke, 100 g",Nein,Gültig vom 09.03.2026 bis zum 14.03.2026.,2026-03-09,2026-03-14,images_edeka/bauernsalami.jpg,"cat_fleisch_wurst,diet_gluten_free,diet_lactose_free,diet_vegan,diet_vegetarian,sub_wurst,tag_ultra_processed,tag_whole_food"
Zwiebelmettwurst Vesperwürstchen,Keine Marke,"€ 1,39",,"1 kg = 13,90 €","herzhaft deftig, mit kräftiger Zwiebelnote, 100 g",Nein,Gültig vom 09.03.2026 bis zum 14.03.2026.,2026-03-09,2026-03-14,images_edeka/zwiebelmettwurst-vesperw-rstchen.jpg,"cat_fleisch_wurst,diet_gluten_free,diet_lactose_free,diet_vegan,diet_vegetarian,sub_frisches_gemuese,sub_wurst,tag_ultra_processed,tag_whole_food"
Original italienische Mortadella,Keine Marke,"€ 1,29",,"1 kg = 12,90 €","mit Pistazien verfeinert, 100 g",Nein,Gültig vom 09.03.2026 bis zum 14.03.2026.,2026-03-09,2026-03-14,images_edeka/original-italienische-mortadella.jpg,"cat_fleisch_wurst,diet_gluten_free,diet_lactose_free,diet_vegan,diet_vegetarian,sub_tk_gemuese,tag_high_protein,tag_proteinreich,tag_ultra_processed"
Mini Salami Brezen,Keine Marke,"€ 2,99",,"1 kg = 29,90 €","mild, 100 g",Nein,Gültig vom 09.03.2026 bis zum 14.03.2026.,2026-03-09,2026-03-14,images_edeka/mini-salami-brezen.jpg,"cat_fleisch_wurst,diet_gluten_free,diet_lactose_free,diet_vegan,diet_vegetarian,sub_frisches_gemuese,sub_wurst,tag_ultra_processed,tag_whole_food"
Frischwurstsaufschnitt,Keine Marke,"€ 0,99",,"1 kg = 9,90 €","reich sortiert, mit Bierschinken, 100 g",Nein,Gültig vom 09.03.2026 bis zum 14.03.2026.,2026-03-09,2026-03-14,images_edeka/frischwurstsaufschnitt.jpg,"cat_fleisch_wurst,sub_wurst,tag_ultra_processed"
Rot- oder Weißgelegter,Keine Marke,"€ 1,29",,"1 kg = 12,90 €","nach überlieferter Rezeptur, 100 g",Nein,Gültig vom 09.03.2026 bis zum 14.03.2026.,2026-03-09,2026-03-14,images_edeka/rot-oder-wei-gelegter.jpg,"cat_fleisch_wurst,diet_gluten_free,diet_lactose_free,diet_vegan,diet_vegetarian,sub_frisches_gemuese,tag_ultra_processed,tag_whole_food"
Delikatess Leberwurst,Keine Marke,"€ 1,19",,"1 kg = 11,90 €","fein, im Fettdarm, 100 g",Nein,Gültig vom 09.03.2026 bis zum 14.03.2026.,2026-03-09,2026-03-14,images_edeka/delikatess-leberwurst.jpg,"cat_fleisch_wurst,diet_gluten_free,diet_lactose_free,diet_vegan,diet_vegetarian,sub_wurst,tag_ultra_processed,tag_whole_food"
Weißwürstchen,Keine Marke,"€ 0,89",,"1 kg = 8,90 €","milder Geschmack, 100 g",Nein,Gültig vom 09.03.2026 bis zum 14.03.2026.,2026-03-09,2026-03-14,images_edeka/wei-w-rstchen.jpg,"cat_fleisch_wurst,diet_gluten_free,diet_lactose_free,diet_vegan,diet_vegetarian,sub_wurst,tag_ultra_processed,tag_whole_food"
Bayerischer Speck-Kartoffelsalat,Keine Marke,"€ 0,69",,"1 kg = 6,90 €","feine Kartoffelscheiben, mild geräucherter Speck und Zwiebeln, in einer fein würzigen Vinaigrette, 100 g",Nein,Gültig vom 09.03.2026 bis zum 14.03.2026.,2026-03-09,2026-03-14,images_edeka/bayerischer-speck-kartoffelsalat.jpg,"cat_fleisch_wurst,diet_gluten_free,diet_lactose_free,diet_vegan,diet_vegetarian,sub_frisches_gemuese,sub_kartoffeln,sub_salate,tag_ultra_processed,tag_whole_food"
Teewurst,Rügenwalder Mühle,"€ 1,29",,"1 kg = 10,32 €","verschiedene Sorten, 125 g Becher, (1 kg = 10,32 €)",Nein,Gültig vom 09.03.2026 bis zum 14.03.2026.,2026-03-09,2026-03-14,images_edeka/r-genwalder-m-hle-teewurst.jpg,"cat_fleisch_wurst,diet_vegan,sub_fleischersatz,sub_wurst,tag_ultra_processed"
Pommersche Leberwurst,Rügenwalder Mühle,"€ 1,29",,"1 kg = 10,32 €","verschiedene Sorten, 125 g Becher, (1 kg = 10,32 €)",Nein,Gültig vom 09.03.2026 bis zum 14.03.2026.,2026-03-09,2026-03-14,images_edeka/r-genwalder-m-hle-pommersche-leberwurst.jpg,"cat_fleisch_wurst,sub_fleischersatz,sub_schwein,sub_wurst,tag_ultra_processed"
Schweinekammbraten,Keine Marke,"€ 5,90",,"1 kg = 59,00 €","ohne Knochen, 100 g",Nein,Gültig vom 09.03.2026 bis zum 14.03.2026.,2026-03-09,2026-03-14,images_edeka/schweinekammbraten.jpg,"cat_fleisch_wurst,diet_gluten_free,diet_lactose_free,diet_vegan,diet_vegetarian,sub_frisches_gemuese,sub_schwein,tag_whole_food"
Gulasch gemischt,Keine Marke,"€ 1,11",,"1 kg = 11,10 €","Schwein und Rind, 100 g",Nein,Gültig vom 09.03.2026 bis zum 14.03.2026.,2026-03-09,2026-03-14,images_edeka/gulasch-gemischt.jpg,"cat_fleisch_wurst,diet_gluten_free,diet_lactose_free,diet_vegan,diet_vegetarian,sub_rind,sub_schwein,tag_ultra_processed,tag_whole_food"
Hähnchenoberschenkel Pollo Fino,Keine Marke,"€ 0,99",,"1 kg = 10,90 €","entbeint auch in gewürzt erhältlich, 100 g = 1,09 €, 100 g",Nein,Gültig vom 09.03.2026 bis zum 14.03.2026.,2026-03-09,2026-03-14,images_edeka/h-hnchenoberschenkel-pollo-fino.jpg,"cat_fleisch_wurst,diet_gluten_free,diet_lactose_free,sub_gefluegel,tag_proteinreich,tag_ultra_processed,tag_whole_food"
Rinderbrust,Keine Marke,"€ 1,59",,"1 kg = 15,90 €","ohne Knochen oder Rinderwade vom Jungbullen, 100 g",Nein,Gültig vom 09.03.2026 bis zum 14.03.2026.,2026-03-09,2026-03-14,images_edeka/rinderbrust.jpg,"cat_fleisch_wurst,diet_gluten_free,diet_lactose_free,diet_vegan,diet_vegetarian,sub_rind,tag_proteinreich,tag_ultra_processed,tag_whole_food"
Schweinekammsteaks,Keine Marke,"€ 0,79",,"1 kg = 8,90 €","natur auch in gewürzt erhältlich, 100 g = 0,89 €, 100 g",Nein,Gültig vom 09.03.2026 bis zum 14.03.2026.,2026-03-09,2026-03-14,images_edeka/schweinekammsteaks.jpg,"cat_fleisch_wurst,diet_gluten_free,diet_lactose_free,diet_vegan,diet_vegetarian,sub_schwein,tag_whole_food"
Schweineroulade oder -schnitzel,Keine Marke,"€ 0,79",,"1 kg = 7,90 €","aus der Oberschale, natur, 100 g",Nein,Gültig vom 09.03.2026 bis zum 14.03.2026.,2026-03-09,2026-03-14,images_edeka/schweineroulade-oder-schnitzel.jpg,"cat_fleisch_wurst,sub_schwein,tag_ultra_processed,tag_whole_food"
Bauernschätze Putenschnitzel,Keine Marke,"€ 1,66",,"1 kg = 17,70 €","auch in gewürzt erhältlich, 100 g = 1,77 €, 100 g",Nein,Gültig vom 09.03.2026 bis zum 14.03.2026.,2026-03-09,2026-03-14,images_edeka/bauernsch-tze-putenschnitzel.jpg,"cat_fleisch_wurst,sub_gefluegel"
Bauernschätze Putensteaks,Keine Marke,"€ 1,77",,"1 kg = 16,60 €","pfannenfertig gewürzt auch in natur erhältlich, 100 g = 1,66 €, 100 g",Nein,Gültig vom 09.03.2026 bis zum 14.03.2026.,2026-03-09,2026-03-14,images_edeka/bauernsch-tze-putensteaks.jpg,"cat_fleisch_wurst,diet_gluten_free,diet_lactose_free,diet_vegan,diet_vegetarian,sub_gefluegel"
Geschnetzeltes Gyros Art,Keine Marke,"€ 6,66",,"1 kg = 8,33 €","vom Schwein, 800 g XXL SB-Packung, (1 kg = 8,33 €)",Nein,Gültig vom 09.03.2026 bis zum 14.03.2026.,2026-03-09,2026-03-14,images_edeka/geschnetzeltes-gyros-art.jpg,"cat_fleisch_wurst,diet_lactose_free,diet_vegetarian,tag_whole_food"
Hackfleisch gemischt,Keine Marke,"€ 8,88",,"1 kg = 11,10 €","800 g XXL SB-Packung, (1 kg = 11,10 €)",Nein,Gültig vom 09.03.2026 bis zum 14.03.2026.,2026-03-09,2026-03-14,images_edeka/hackfleisch-gemischt.jpg,"cat_fleisch_wurst,diet_lactose_free,diet_vegetarian,sub_hackfleisch,sub_rind,sub_schwein,tag_proteinreich,tag_ultra_processed"
Rinderbeinscheiben,Keine Marke,"€ 6,29",,"1 kg = 12,58 €","verschiedene Gewichte, z. B. 503 g SB-Packung, (1 kg = 12,58 €)",Nein,Gültig vom 09.03.2026 bis zum 14.03.2026.,2026-03-09,2026-03-14,images_edeka/rinderbeinscheiben.jpg,"cat_fleisch_wurst,diet_vegan,diet_vegetarian,sub_rind,tag_proteinreich,tag_ultra_processed,tag_whole_food"
Weingenuss Wein,Keine Marke,"€ 1,49",,"1 l = 1,99 €","aus Deutschland, verschiedene Sorten, 0,75 Liter Flasche, (1 l = 1,99 €)",Nein,Gültig vom 09.03.2026 bis zum 14.03.2026.,2026-03-09,2026-03-14,images_edeka/weingenuss-wein.jpg,"cat_getraenke,diet_gluten_free,diet_lactose_free,diet_vegan,diet_vegetarian,tag_whole_food"
Martini aromatisiertes weinhaltiges Getränk oder Alkoholfrei,Keine Marke,"€ 7,99",,"1 l = 10,65 €","verschiedene Sorten, 14,5/15 % Vol., 0,75 Liter Flasche, (1 l = 10,65 €)",Nein,Gültig vom 09.03.2026 bis zum 14.03.2026.,2026-03-09,2026-03-14,images_edeka/martini-aromatisiertes-weinhaltiges-getr-nk-oder-alkoholfrei.jpg,"cat_getraenke,diet_gluten_free,diet_lactose_free,diet_vegan,diet_vegetarian,tag_ultra_processed"
Tullamore D E W Irish Whiskey,Keine Marke,"€ 12,99",,"1 l = 19,99 €","verschiedene Sorten, 35/40 % Vol., 0,7 Liter Flasche, (1 l = 19,99 €)",Nein,Gültig vom 09.03.2026 bis zum 14.03.2026.,2026-03-09,2026-03-14,images_edeka/tullamore-d-e-w-irish-whiskey.jpg,"cat_getraenke,diet_gluten_free,diet_lactose_free,diet_vegan,diet_vegetarian,tag_ultra_processed,tag_whole_food"
albi Saft Nektar oder Fruchtsaftgetränk,Keine Marke,"€ 1,49",,"1 l = 1,49 €","verschiedene Sorten, 1 Liter Packung, (1 l = 1,49 €)",Nein,Gültig vom 09.03.2026 bis zum 14.03.2026.,2026-03-09,2026-03-14,images_edeka/albi-saft-nektar-oder-fruchtsaftgetr-nk.jpg,"cat_getraenke,diet_lactose_free,diet_vegan,diet_vegetarian,tag_ultra_processed"
The real cola oder Limonade,Keine Marke,"€ 0,39",,"1 l = 1,18 €","verschiedene Sorten *koffeinhaltige Limonade., 0,33 Liter Dose + 0,25 Pfand, (1 l = 1,18 €)",Nein,Gültig vom 09.03.2026 bis zum 14.03.2026.,2026-03-09,2026-03-14,images_edeka/the-real-cola-oder-limonade.jpg,"cat_getraenke,diet_lactose_free,diet_vegan,diet_vegetarian,tag_ultra_processed"
Max Balance Vitamin Water,Keine Marke,"€ 0,59",,"1 l = 1,18 €","verschiedene Sorten, 0,5 Liter Flasche + 0,25 Pfand, (1 l = 1,18 €)",Nein,Gültig vom 09.03.2026 bis zum 14.03.2026.,2026-03-09,2026-03-14,images_edeka/max-balance-vitamin-water.jpg,"cat_getraenke,diet_gluten_free,diet_lactose_free,diet_vegan,diet_vegetarian,tag_ultra_processed,tag_whole_food"
Spezi oder Limonade,Paulaner,"€ 9,99",,"1 l = 1,10 €","verschiedene Sorten Je nach Verfügbarkeit des Marktes. *koffeinhaltige Limonade, 20 x 0,5 Liter Kasten + 3,10 Pfand, (1 l = 1,10 €)",Nein,Gültig vom 09.03.2026 bis zum 14.03.2026.,2026-03-09,2026-03-14,images_edeka/paulaner-spezi-oder-limonade.jpg,"cat_getraenke,tag_ultra_processed"
Franziskaner Weissbier,Keine Marke,"€ 13,49",,"1 l = 1,45 €","verschiedene Sorten, 20 x 0,5 Liter Kasten + 3,10 Pfand, (1 l = 1,45 €)",Nein,Gültig vom 09.03.2026 bis zum 14.03.2026.,2026-03-09,2026-03-14,images_edeka/franziskaner-weissbier.jpg,"cat_getraenke,diet_lactose_free,diet_vegan,diet_vegetarian"
Söhnlein Brillant Sekt Sparkling,Keine Marke,"€ 2,79",,"1 l = 3,72 €","verschiedene Sorten oder Alkoholfrei, 0,75 Liter Flasche, (1 l = 3,72 €)",Nein,Gültig vom 09.03.2026 bis zum 14.03.2026.,2026-03-09,2026-03-14,images_edeka/s-hnlein-brillant-sekt-sparkling.jpg,"cat_getraenke,diet_gluten_free,diet_lactose_free,diet_vegan,diet_vegetarian,sub_frisches_gemuese,tag_whole_food"
Medinet Tafelwein,Keine Marke,"€ 2,99",,"1 l = 2,99 €","aus Frankreich, verschiedene Sorten, 1 Liter Flasche, (1 l = 2,99 €)",Nein,Gültig vom 09.03.2026 bis zum 14.03.2026.,2026-03-09,2026-03-14,images_edeka/medinet-tafelwein.jpg,"cat_getraenke,diet_gluten_free,diet_lactose_free,diet_vegan,diet_vegetarian,sub_frisches_obst,tag_whole_food"
Divino Frankenstolz Wein,Keine Marke,"€ 4,49",,"1 l = 5,99 €","aus Franken, verschiedene Sorten, 0,75 Liter Bocksbeutel, (1 l = 5,99 €)",Nein,Gültig vom 09.03.2026 bis zum 14.03.2026.,2026-03-09,2026-03-14,images_edeka/divino-frankenstolz-wein.jpg,"cat_getraenke,diet_gluten_free,diet_lactose_free,diet_vegan,diet_vegetarian,tag_whole_food"
Bürgerspital Würzburg Silvaner Riesling oder Bacchus,Keine Marke,"€ 5,99",,"1 l = 5,99 €","aus Franken, trocken/halbtrocken, 1 Liter Flasche, (1 l = 5,99 €)",Nein,Gültig vom 09.03.2026 bis zum 14.03.2026.,2026-03-09,2026-03-14,images_edeka/b-rgerspital-w-rzburg-silvaner-riesling-oder-bacchus.jpg,"cat_getraenke,diet_gluten_free,diet_lactose_free,diet_vegan,diet_vegetarian,tag_ultra_processed"
Moskovskaya Vodka,Keine Marke,"€ 5,99",,"1 l = 11,98 €","38 % Vol., 0,5 Liter Flasche, (1 l = 11,98 €)",Nein,Gültig vom 09.03.2026 bis zum 14.03.2026.,2026-03-09,2026-03-14,images_edeka/moskovskaya-vodka.jpg,"cat_getraenke,diet_gluten_free,diet_lactose_free,diet_vegan,diet_vegetarian,sub_exoten,sub_frisches_obst,tag_ultra_processed,tag_whole_food"
Pott Rum oder Eierlikör,Keine Marke,"€ 8,99",,"1 l = 12,84 €","16/40 % Vol., 0,7 Liter Flasche, (1 l = 12,84 €)",Nein,Gültig vom 09.03.2026 bis zum 14.03.2026.,2026-03-09,2026-03-14,images_edeka/pott-rum-oder-eierlik-r.jpg,"cat_getraenke,diet_gluten_free,diet_lactose_free,diet_vegan,diet_vegetarian,tag_ultra_processed"
zuckerfreie Limonade,deit,"€ 0,89",,"1 l = 1,19 €","verschiedene Sorten oder Cola-Mix* *koffeinhaltige Limonade. Je nach Verfügbarkeit des Marktes., 0,75 Liter Flasche + 0,25 Pfand, (1 l = 1,19 €)",Nein,Gültig vom 09.03.2026 bis zum 14.03.2026.,2026-03-09,2026-03-14,images_edeka/deit-zuckerfreie-limonade.jpg,"cat_getraenke,tag_ultra_processed"
Vitrex natürliches Mineralwasser,Keine Marke,"€ 3,49",,"1 l = 0,39 €","verschiedene Sorten entspricht Einzelpreis von 0,59 €, 6 x 1,5 Liter Packung + 1,50 Pfand, (1 l = 0,39 €)",Nein,Gültig vom 09.03.2026 bis zum 14.03.2026.,2026-03-09,2026-03-14,images_edeka/vitrex-nat-rliches-mineralwasser.jpg,"cat_getraenke,diet_gluten_free,diet_lactose_free,diet_vegan,diet_vegetarian,tag_whole_food"
Der Smoothie Shot oder Saft,innocent,"€ 1,49",,Kein Mengenpreis,verschiedene Sorten,Nein,Gültig vom 09.03.2026 bis zum 14.03.2026.,2026-03-09,2026-03-14,images_edeka/innocent-der-smoothie-shot-oder-saft.jpg,cat_getraenke
Kulmbacher Bier,Keine Marke,"€ 10,99",,"1 l = 1,10 €","verschiedene Sorten Je nach Verfügbarkeit des Marktes., 24 x 0,33/20 x 0,5 Liter Kasten + 3,42/3,10 Pfand, (1 l = 1,10 €)",Nein,Gültig vom 09.03.2026 bis zum 14.03.2026.,2026-03-09,2026-03-14,images_edeka/kulmbacher-bier.jpg,"cat_getraenke,diet_gluten_free,diet_lactose_free,diet_vegan,diet_vegetarian,tag_whole_food"
Bad Brückenauer Kondrauer oder Rhön Sprudel Mineralwasser,Keine Marke,"€ 5,99",,"1 l = 0,50 €","verschiedene Sorten Je nach Verfügbarkeit des Marktes., 12 x 1 Liter Kasten + 3,30 Pfand, (1 l = 0,50 €)",Nein,Gültig vom 09.03.2026 bis zum 14.03.2026.,2026-03-09,2026-03-14,images_edeka/bad-br-ckenauer-kondrauer-oder-rh-n-sprudel-mineralwasser.jpg,"cat_getraenke,diet_gluten_free,diet_lactose_free,diet_vegan,diet_vegetarian"
Bad Brückenauer Kondrauer oder Rhön Sprudel Mineralwasser,Keine Marke,"€ 5,99",,"1 l = 0,50 €","verschiedene Sorten Je nach Verfügbarkeit des Marktes., 12 x 1 Liter Kasten + 3,30 Pfand, (1 l = 0,50 €)",Nein,Gültig vom 09.03.2026 bis zum 14.03.2026.,2026-03-09,2026-03-14,images_edeka/bad-br-ckenauer-kondrauer-oder-rh-n-sprudel-mineralwasser.jpg,"cat_getraenke,diet_gluten_free,diet_lactose_free,diet_vegan,diet_vegetarian"
Hell,Benediktiner,"€ 14,99",,"1 l = 1,50 €","verschiedene Sorten *Nur solange der Vorrat reicht. Je nach Verfügbarkeit des Marktes., 20 x 0,5 Liter Kasten + 3,10 Pfand + GRATIS Benediktiner Cap*, (1 l = 1,50 €)",Nein,Gültig vom 09.03.2026 bis zum 14.03.2026.,2026-03-09,2026-03-14,images_edeka/benediktiner-hell.jpg,cat_getraenke
Bitburger Bier,Keine Marke,"€ 10,99",,"1 l = 1,10 €","verschiedene Sorten Je nach Verfügbarkeit des Marktes., 24 x 0,33/20 x 0,5 Liter Kasten + 3,42/3,10 Pfand, (1 l = 1,10 €)",Nein,Gültig vom 09.03.2026 bis zum 14.03.2026.,2026-03-09,2026-03-14,images_edeka/bitburger-bier.jpg,"cat_getraenke,diet_gluten_free,diet_lactose_free,diet_vegan,diet_vegetarian,tag_whole_food"
Mini,Nestl,"€ 2,79",,Kein Mengenpreis,"KitKat, Smarties oder Lion, verschiedene Sorten 13er + 1 gratis Nur solange der Vorrat reicht.",Nein,Gültig vom 09.03.2026 bis zum 14.03.2026.,2026-03-09,2026-03-14,images_edeka/nestl-mini.jpg,"cat_knabbern_naschen,diet_gluten_free,diet_lactose_free,diet_vegan,diet_vegetarian,tag_ultra_processed"
Katjes Fruchtgummi,Keine Marke,"€ 0,79",,"1 kg = 4,71 €","verschiedene Sorten, vegetarisch oder vegan, 210 g Packung, (1 kg = 4,71 €)",Nein,Gültig vom 09.03.2026 bis zum 14.03.2026.,2026-03-09,2026-03-14,images_edeka/katjes-fruchtgummi.jpg,"cat_knabbern_naschen,diet_lactose_free,diet_vegan,diet_vegetarian,tag_ultra_processed,tag_whole_food"
funny-frisch Linsen Chips,Keine Marke,"€ 1,49",,Kein Mengenpreis,vegetarisch oder Popchips verschiedene Sorten,Nein,Gültig vom 09.03.2026 bis zum 14.03.2026.,2026-03-09,2026-03-14,images_edeka/funny-frisch-linsen-chips.jpg,"cat_knabbern_naschen,diet_lactose_free,diet_vegan,diet_vegetarian,sub_huelsenfruechte,tag_ultra_processed,tag_whole_food"
Pringles,Pringles,"€ 1,49",,"1 kg = 10,85 €","verschiedene Sorten, 165 g Dose, (1 kg = 10,85 €)",Nein,Gültig vom 09.03.2026 bis zum 14.03.2026.,2026-03-09,2026-03-14,images_edeka/pringles.jpg,"cat_knabbern_naschen,diet_vegetarian"
Nesquik Kakao-Kekse,Nestl,"€ 1,99",,"1 kg = 11,06 €","180 g Packung, (1 kg = 11,06 €)",Nein,Gültig vom 09.03.2026 bis zum 14.03.2026.,2026-03-09,2026-03-14,images_edeka/nestl-nesquik-kakao-kekse.jpg,"cat_knabbern_naschen,diet_vegetarian,tag_ultra_processed"
Cards oder Duo,kinder,"€ 1,99",,Kein Mengenpreis,5/12er,Nein,Gültig vom 09.03.2026 bis zum 14.03.2026.,2026-03-09,2026-03-14,images_edeka/kinder-cards-oder-duo.jpg,"cat_knabbern_naschen,tag_ultra_processed"
Saltletts Cracker,Lorenz,"€ 1,49",,Kein Mengenpreis,"verschiedene Sorten, Mini Brezel oder Mini Bagel",Nein,Gültig vom 09.03.2026 bis zum 14.03.2026.,2026-03-09,2026-03-14,images_edeka/lorenz-saltletts-cracker.jpg,"cat_knabbern_naschen,tag_ultra_processed"
hanuta Minis,Ferrero,"€ 2,59",,"1 kg = 12,95 €","200 g Packung, (1 kg = 12,95 €)",Nein,Gültig vom 09.03.2026 bis zum 14.03.2026.,2026-03-09,2026-03-14,images_edeka/ferrero-hanuta-minis.jpg,"cat_knabbern_naschen,diet_vegetarian,tag_ultra_processed"
Weichspüler,Kuschelweich,"€ 1,29",,Kein Mengenpreis,"verschiedene Sorten, 38 WL Flasche, (1 WL = 0,04 €)",Nein,Gültig vom 09.03.2026 bis zum 14.03.2026.,2026-03-09,2026-03-14,images_edeka/kuschelweich-weichsp-ler.jpg,cat_drogerie
Taschentücher,Tempo,"€ 2,99",,Kein Mengenpreis,"verschiedene Sorten, 24 x 9-30 x 10er Packung/Duo-Box",Nein,Gültig vom 09.03.2026 bis zum 14.03.2026.,2026-03-09,2026-03-14,images_edeka/tempo-taschent-cher.jpg,cat_drogerie
Axe Deodorant Bodyspray,Keine Marke,"€ 3,49",,"1 l = 23,27 €","verschiedene Sorten Ausgenommen Premium., 150 ml Dose, (1 l = 23,27 €)",Nein,Gültig vom 09.03.2026 bis zum 14.03.2026.,2026-03-09,2026-03-14,images_edeka/axe-deodorant-bodyspray.jpg,"cat_drogerie,diet_gluten_free,diet_lactose_free,diet_vegan,diet_vegetarian,tag_whole_food"
klassik Küchentücher,Gut Günstig,"€ 1,99",,Kein Mengenpreis,"3-lagig, 4 x 64 Blatt Packung",Nein,Gültig vom 09.03.2026 bis zum 14.03.2026.,2026-03-09,2026-03-14,images_edeka/gut-g-nstig-klassik-k-chent-cher.jpg,cat_drogerie
Allzwecktücher,Gut Günstig,"€ 1,29",,Kein Mengenpreis,"verschiedene Sorten, 80er Packung",Nein,Gültig vom 09.03.2026 bis zum 14.03.2026.,2026-03-09,2026-03-14,images_edeka/gut-g-nstig-allzweckt-cher.jpg,cat_drogerie
All-in-1 Power Complete Geschirr-Reiniger Tabs,Gut Günstig,"€ 3,59",,Kein Mengenpreis,"40er Packung, (1 WL = 0,09 €)",Nein,Gültig vom 09.03.2026 bis zum 14.03.2026.,2026-03-09,2026-03-14,images_edeka/gut-g-nstig-all-in-1-power-complete-geschirr-reiniger-tabs.jpg,cat_drogerie
Garnier Wahre Schätze Shampoo oder Spülung,Keine Marke,"€ 1,99",,Kein Mengenpreis,verschiedene Sorten,Nein,Gültig vom 09.03.2026 bis zum 14.03.2026.,2026-03-09,2026-03-14,images_edeka/garnier-wahre-sch-tze-shampoo-oder-sp-lung.jpg,cat_drogerie
Power Rohr Reiniger-Gel,Gut Günstig,"€ 0,99",,"1 l = 0,99 €","1 Liter Flasche, (1 l = 0,99 €)",Nein,Gültig vom 09.03.2026 bis zum 14.03.2026.,2026-03-09,2026-03-14,images_edeka/gut-g-nstig-power-rohr-reiniger-gel.jpg,"cat_drogerie,tag_ultra_processed"
Weißer Riese oder Spee Vollwaschmittel,Keine Marke,"€ 3,59",,Kein Mengenpreis,verschiedene Sorten,Nein,Gültig vom 09.03.2026 bis zum 14.03.2026.,2026-03-09,2026-03-14,images_edeka/wei-er-riese-oder-spee-vollwaschmittel.jpg,"cat_drogerie,diet_gluten_free,diet_lactose_free,diet_vegan,diet_vegetarian"
Sagrotan Reiniger oder Reinigungstücher,Keine Marke,"€ 2,79",,Kein Mengenpreis,verschiedene Sorten Biozidprodukte vorsichtig verwenden. Vor Gebrauch stets Etikett und Produktinformation lesen.,Nein,Gültig vom 09.03.2026 bis zum 14.03.2026.,2026-03-09,2026-03-14,images_edeka/sagrotan-reiniger-oder-reinigungst-cher.jpg,"cat_drogerie,diet_vegetarian"
Odol-med 3 Zahncreme,Keine Marke,"€ 1,39",,Kein Mengenpreis,"verschiedene Sorten Ausgenommen White & Shine,  Samtweiss, All-in-One, Extreme und Junior.",Nein,Gültig vom 09.03.2026 bis zum 14.03.2026.,2026-03-09,2026-03-14,images_edeka/odol-med-3-zahncreme.jpg,"cat_drogerie,diet_gluten_free,diet_lactose_free,diet_vegan,diet_vegetarian,tag_whole_food"
WC Ente Frische-Siegel,Keine Marke,"€ 2,99",,"1 l = 41,53 €","verschiedene Sorten, 2 x 36 ml Packung, (1 l = 41,53 €)",Nein,Gültig vom 09.03.2026 bis zum 14.03.2026.,2026-03-09,2026-03-14,images_edeka/wc-ente-frische-siegel.jpg,"cat_drogerie,diet_gluten_free,diet_lactose_free,diet_vegetarian,sub_gefluegel,tag_ultra_processed,tag_whole_food"
design Toilettenpapier,Gut Günstig,"€ 5,99",,Kein Mengenpreis,"3-lagig Je nach Verfügbarkeit des Marktes., 20 x 200 Blatt XXL Packung",Nein,Gültig vom 09.03.2026 bis zum 14.03.2026.,2026-03-09,2026-03-14,images_edeka/gut-g-nstig-design-toilettenpapier.jpg,cat_drogerie
Shelma Katzennahrung,Keine Marke,"€ 4,99",,"1 kg = 4,89 €","verschiedene Sorten, 12 x 85 g Multipackung, (1 kg = 4,89 €)",Nein,Gültig vom 09.03.2026 bis zum 14.03.2026.,2026-03-09,2026-03-14,images_edeka/shelma-katzennahrung.jpg,cat_tiernahrung
Premium Knusper Kissen,EDEKA Herzstücke,"€ 0,59",,"1 kg = 9,83 €","verschiedene Sorten oder Denta Snack, 60 g Packung, (1 kg = 9,83 €)",Nein,Gültig vom 09.03.2026 bis zum 14.03.2026.,2026-03-09,2026-03-14,images_edeka/edeka-herzst-cke-premium-knusper-kissen.jpg,"cat_tiernahrung,tag_ultra_processed"
Roggenmischbrot,Keine Marke,"€ 1,49",,Kein Mengenpreis,"Abbildung ähnlich., 1000 g Laib",Nein,Gültig vom 09.03.2026 bis zum 14.03.2026.,2026-03-09,2026-03-14,images_edeka/roggenmischbrot.jpg,"cat_obst_gemuese,diet_gluten_free,diet_lactose_free,diet_vegan,diet_vegetarian,sub_frisches_gemuese,tag_ultra_processed,tag_whole_food"
Weltmeisterbrötchen,Keine Marke,"€ 0,29",,"1 st = 0,29 €","Abbildung ähnlich., Stück",Nein,Gültig vom 09.03.2026 bis zum 14.03.2026.,2026-03-09,2026-03-14,images_edeka/weltmeisterbr-tchen.jpg,"cat_grundnahrung,diet_gluten_free,diet_lactose_free,diet_vegetarian,tag_ultra_processed,tag_whole_food"
Doppelbrötchen,Keine Marke,"€ 0,19",,"1 st = 0,19 €","Abbildung ähnlich., Stück",Nein,Gültig vom 09.03.2026 bis zum 14.03.2026.,2026-03-09,2026-03-14,images_edeka/doppelbr-tchen.jpg,"cat_grundnahrung,diet_gluten_free,diet_lactose_free,diet_vegan,diet_vegetarian,tag_ultra_processed,tag_whole_food"
Käsezwirbel,Keine Marke,"€ 0,99",,"1 st = 0,99 €","mit Salami Abbildung ähnlich., Stück",Nein,Gültig vom 09.03.2026 bis zum 14.03.2026.,2026-03-09,2026-03-14,images_edeka/k-sezwirbel.jpg,"cat_obst_gemuese,diet_gluten_free,diet_lactose_free,diet_vegan,diet_vegetarian,sub_frisches_gemuese,sub_frisches_obst,sub_kaese,tag_ultra_processed,tag_whole_food"
Quarktasche,Keine Marke,"€ 0,69",,"1 st = 0,69 €","Abbildung ähnlich., Stück",Nein,Gültig vom 09.03.2026 bis zum 14.03.2026.,2026-03-09,2026-03-14,images_edeka/quarktasche.jpg,"cat_tiefkuehl,diet_gluten_free,diet_lactose_free,diet_vegan,diet_vegetarian,sub_exoten,tag_whole_food"
