Marke,Produkt,Preis,Vorheriger_Preis,Preis_kg,Hinweis,Einheit,Nur_online,Gueltig_raw,Gueltig_von,Gueltig_bis,Bildpfad
EHRMANN,Grand Dessert,0.49,1.19,1 kg = 2.58,-58%,je 190-g-Becher,Nein,Dieses Angebot findest du vom 13.11. bis 19.11. in deiner Kaufland-Filiale.,2025-11-13,2025-11-19,images_kaufland/kaufland_offer_01.jpg
KERRYGOLD,Extra,2.69,5.99,1 kg = 6.73,-55%,je 400-g-Becher,Nein,Dieses Angebot findest du vom 13.11. bis 19.11. in deiner Kaufland-Filiale.,2025-11-13,2025-11-19,images_kaufland/kaufland_offer_02.jpg
,"Span. Kaki, lose",0.39,0.79,,-50%,je Stück,Nein,Dieses Angebot findest du vom 13.11. bis 19.11. in deiner Kaufland-Filiale.,2025-11-13,2025-11-19,images_kaufland/kaufland_offer_03.jpg
SALZBURGMILCH,Premium Heujuwel,0.99,1.99,,-50%,je 100 g,Nein,Dieses Angebot findest du vom 17.11. bis 19.11. in deiner Kaufland-Filiale.,2025-11-17,2025-11-19,images_kaufland/kaufland_offer_04.jpg
RÜGENWALDER MÜHLE,Teewurst,1.19,2.39,,-50%,je 100 g,Nein,Dieses Angebot findest du vom 17.11. bis 19.11. in deiner Kaufland-Filiale.,2025-11-17,2025-11-19,images_kaufland/kaufland_offer_05.jpg
PATROS,Salzlakenkäse od. Pflanzlich,1.69,3.29,1 kg = 9.39 - 13.00,-48%,je 130 - 180-g-Packg.,Nein,Dieses Angebot findest du vom 13.11. bis 19.11. in deiner Kaufland-Filiale.,2025-11-13,2025-11-19,images_kaufland/kaufland_offer_06.jpg
BÄRENMARKE,"Haltbare Milch, 3,8 % Fett",0.99,1.79,,-44%,je 1-l-Packg.,Nein,Dieses Angebot findest du vom 13.11. bis 19.11. in deiner Kaufland-Filiale.,2025-11-13,2025-11-19,images_kaufland/kaufland_offer_07.jpg
MAGNUM,Premium-Eis Mini,2.49,4.49,1 l = 7.55,-44%,je 330-ml-Packg.,Nein,Dieses Angebot findest du vom 17.11. bis 19.11. in deiner Kaufland-Filiale.,2025-11-17,2025-11-19,images_kaufland/kaufland_offer_08.jpg
LANDLIEBE,Landkäse,1.49,2.69,1 kg = 9.94,-44%,je 150-g-Packg.,Nein,Dieses Angebot findest du vom 17.11. bis 19.11. in deiner Kaufland-Filiale.,2025-11-17,2025-11-19,images_kaufland/kaufland_offer_09.jpg
MAGGI,Ravioli,1.69,2.99,1 kg = 2.12,-43%,je 800-g-Dose,Nein,Dieses Angebot findest du vom 17.11. bis 19.11. in deiner Kaufland-Filiale.,2025-11-17,2025-11-19,images_kaufland/kaufland_offer_10.jpg
LYSELL,Heringsfiletröllchen,1.69,2.99,Abtropfgewicht 75 g - 90 g 1 kg = 18.78 - 22.54,-43%,je 125-g-Dose,Nein,Dieses Angebot findest du vom 17.11. bis 19.11. in deiner Kaufland-Filiale.,2025-11-17,2025-11-19,images_kaufland/kaufland_offer_11.jpg
,"Marokk. Bohnen, breit",1.99,3.49,1 kg = 3.98,-42%,je 500-g-Packg.,Nein,Dieses Angebot findest du vom 17.11. bis 19.11. in deiner Kaufland-Filiale.,2025-11-17,2025-11-19,images_kaufland/kaufland_offer_12.jpg
HERTA,Finesse Aufschnitt,1.49,2.59,1 kg = 14.90 / 1 kg = 12.90**,"-42%; 1.29€, mit Kaufland Card",je 100-g-Packg.,Nein,Dieses Angebot findest du vom 17.11. bis 19.11. in deiner Kaufland-Filiale.,2025-11-17,2025-11-19,images_kaufland/kaufland_offer_13.jpg
K-PURLAND,Schinkenbraten,5.49,8.99,,-38%,je kg,Nein,Dieses Angebot findest du vom 13.11. bis 19.11. in deiner Kaufland-Filiale.,2025-11-13,2025-11-19,images_kaufland/kaufland_offer_15.jpg
MÜLLER,Doppel-Decker oder Wackelpudding,0.99,1.59,1 kg = 1.98,-37%,je 4 x 125-g-Becher,Nein,Dieses Angebot findest du vom 17.11. bis 19.11. in deiner Kaufland-Filiale.,2025-11-17,2025-11-19,images_kaufland/kaufland_offer_16.jpg
LOTUS,Biscoff,1.29,1.99,1 kg = 6.45,-35%,je 200-g-Packg.,Nein,Dieses Angebot findest du vom 17.11. bis 19.11. in deiner Kaufland-Filiale.,2025-11-17,2025-11-19,images_kaufland/kaufland_offer_17.jpg
,Ital./span. Bio-Zitronen,1.29,1.99,1 kg = 2.58,-35%,je 500-g-Netz,Nein,Dieses Angebot findest du vom 13.11. bis 19.11. in deiner Kaufland-Filiale.,2025-11-13,2025-11-19,images_kaufland/kaufland_offer_18.jpg
,Brasil. Bio-Limetten,1.29,1.99,,-35%,je 4-St-Packg.,Nein,Dieses Angebot findest du vom 13.11. bis 19.11. in deiner Kaufland-Filiale.,2025-11-13,2025-11-19,images_kaufland/kaufland_offer_19.jpg
,Dtsch./span. Cherryrispentomaten,2.29,3.49,1 kg = 7.64,-34%,je 300-g-Schale,Nein,Dieses Angebot findest du vom 17.11. bis 19.11. in deiner Kaufland-Filiale.,2025-11-17,2025-11-19,images_kaufland/kaufland_offer_20.jpg
WIESBAUER,Österr. Wurstspezialitäten,1.49,,1 kg = 18.63 / 1 kg = 16.13**,"nur; 1.29€, mit Kaufland Card",je 80-g-Packg.,Nein,Dieses Angebot findest du vom 13.11. bis 19.11. in deiner Kaufland-Filiale.,2025-11-13,2025-11-19,images_kaufland/kaufland_offer_21.jpg
K-CLASSIC,Bacon-Scheiben,1.11,,1 kg = 11.10 / 1 kg = 9.90**,"nur; 0.99€, mit Kaufland Card",je 100-g-Packg.,Nein,Dieses Angebot findest du vom 13.11. bis 19.11. in deiner Kaufland-Filiale.,2025-11-13,2025-11-19,images_kaufland/kaufland_offer_22.jpg
STARBUCKS,Kaffeemischgetränk,1.49,,1 l = 6.78 / 1 l = 5.87**,"nur; 1.29€, mit Kaufland Card",je 220-ml-Becher,Nein,Dieses Angebot findest du vom 13.11. bis 19.11. in deiner Kaufland-Filiale.,2025-11-13,2025-11-19,images_kaufland/kaufland_offer_23.jpg
IGLO,Filegro,2.79,,1 kg = 11.16 - 11.63 / 1 kg = 9.96 - 10.38**,"nur; 2.49€, mit Kaufland Card",je 240 - 250-g-Packg.,Nein,Dieses Angebot findest du vom 13.11. bis 19.11. in deiner Kaufland-Filiale.,2025-11-13,2025-11-19,images_kaufland/kaufland_offer_24.jpg
BARILLA,Collezione Pasta,1.69,,1 kg = 3.38 - 6.76 / 1 kg = 2.78 - 5.56**,"nur; 1.39€, mit Kaufland Card",je 250 - 500-g-Packg.,Nein,Dieses Angebot findest du vom 13.11. bis 19.11. in deiner Kaufland-Filiale.,2025-11-13,2025-11-19,images_kaufland/kaufland_offer_25.jpg
DORFMÜHLE,Oberschwäbische Land-Nudeln,1.99,,1 kg = 3.98 / 1 kg = 3.58**,"nur; 1.79€, mit Kaufland Card",je 500-g-Beutel,Nein,Dieses Angebot findest du vom 13.11. bis 19.11. in deiner Kaufland-Filiale.,2025-11-13,2025-11-19,images_kaufland/kaufland_offer_26.jpg
MÖVENPICK,Gourmet-Frühstück,1.99,2.79,1 kg = 7.96 / 1 kg = 7.16**,"-28%; 1.79€, mit Kaufland Card",je 250-g-Glas,Nein,Dieses Angebot findest du vom 13.11. bis 19.11. in deiner Kaufland-Filiale.,2025-11-13,2025-11-19,images_kaufland/kaufland_offer_27.jpg
DR. OETKER,Backmischung,2.49,,1 kg = 5.39 - 8.90 / 1 kg = 4.31 - 7.11**,"nur; 1.99€, mit Kaufland Card",je 280 - 462-g-Packg.,Nein,Dieses Angebot findest du vom 13.11. bis 19.11. in deiner Kaufland-Filiale.,2025-11-13,2025-11-19,images_kaufland/kaufland_offer_28.jpg
MON CHÉRI,Pralinen mit Alkoholfüllung,2.79,3.99,1 kg = 17.78 / 1 kg = 15.86**,"-30%; 2.49€, mit Kaufland Card",je 15 St. = 157-g-Packg.,Nein,Dieses Angebot findest du vom 13.11. bis 19.11. in deiner Kaufland-Filiale.,2025-11-13,2025-11-19,images_kaufland/kaufland_offer_29.jpg
M&M's,Schokolinsen,1.69,2.89,1 kg = 11.27 - 13.21 / 1 kg = 9.94 - 11.65**,"-41%; 1.49€, mit Kaufland Card",je 128 - 150-g-Packg.,Nein,Dieses Angebot findest du vom 13.11. bis 19.11. in deiner Kaufland-Filiale.,2025-11-13,2025-11-19,images_kaufland/kaufland_offer_30.jpg
TRUE FRUITS,Smoothie,2.29,2.89,1 l = 9.16 / 1 l = 7.96**,"-20%; 1.99€, mit Kaufland Card",je 250-ml-Fl.,Nein,Dieses Angebot findest du vom 13.11. bis 19.11. in deiner Kaufland-Filiale.,2025-11-13,2025-11-19,images_kaufland/kaufland_offer_31.jpg
KATLENBURGER,Fruchtglühwein,3.49,3.99,,"-12%; 2.99€, mit Kaufland Card",je 1-l-Fl.,Nein,Dieses Angebot findest du vom 13.11. bis 19.11. in deiner Kaufland-Filiale.,2025-11-13,2025-11-19,images_kaufland/kaufland_offer_32.jpg
TYSKIE,Premium-Pils,13.99,,1 l = 1.40 / 1 l = 1.30**,"nur; 12.99€, mit Kaufland Card","je Ka. 20 x 0,5-l-Fl.",Nein,Dieses Angebot findest du vom 13.11. bis 19.11. in deiner Kaufland-Filiale.,2025-11-13,2025-11-19,images_kaufland/kaufland_offer_33.jpg
FELIX,Katzennahrung,3.99,,1 kg = 3.92 / 1 kg = 3.43**,"nur; 3.49€, mit Kaufland Card",je 12 x 85-g-Beutel,Nein,Dieses Angebot findest du vom 13.11. bis 19.11. in deiner Kaufland-Filiale.,2025-11-13,2025-11-19,images_kaufland/kaufland_offer_34.jpg
TESA,Powerstrips® DECO,2.49,UVP6.29,,"-60%; 2.11€, mit Kaufland Card",je 16-St.-Packg.,Nein,Dieses Angebot findest du vom 13.11. bis 19.11. in deiner Kaufland-Filiale.,2025-11-13,2025-11-19,images_kaufland/kaufland_offer_35.jpg
TESA,Powerstrips Deko-Haken,2.49,UVP6.79,,"-63%; 2.11€, mit Kaufland Card",je 5-St.-Packg.,Nein,Dieses Angebot findest du vom 13.11. bis 19.11. in deiner Kaufland-Filiale.,2025-11-13,2025-11-19,images_kaufland/kaufland_offer_36.jpg
JBL,Bluetooth-Lautsprecher »Flip Essential 2«,64.99,UVP109.99,,"-40%; 59.99€, mit Kaufland Card",je,Nein,Dieses Angebot findest du vom 13.11. bis 19.11. in deiner Kaufland-Filiale.,2025-11-13,2025-11-19,images_kaufland/kaufland_offer_37.jpg
TESA,Klebefilm,1.99,UVP4.39,1 m = 0.08 / 1 m = 0.07**,"-54%; 1.69€, mit Kaufland Card",je,Nein,Dieses Angebot findest du vom 13.11. bis 19.11. in deiner Kaufland-Filiale.,2025-11-13,2025-11-19,images_kaufland/kaufland_offer_38.jpg
TESA,Mini-Abroller,1.99,UVP4.89,1 m = 0.10 / 1 m = 0.09**,"-59%; 1.69€, mit Kaufland Card",je 3-teilig,Nein,Dieses Angebot findest du vom 13.11. bis 19.11. in deiner Kaufland-Filiale.,2025-11-13,2025-11-19,images_kaufland/kaufland_offer_39.jpg
TESA,Powerstrips »Large«,2.49,UVP6.29,,"-60%; 2.11€, mit Kaufland Card",je 10-St.-Packg.,Nein,Dieses Angebot findest du vom 13.11. bis 19.11. in deiner Kaufland-Filiale.,2025-11-13,2025-11-19,images_kaufland/kaufland_offer_40.jpg
TESA,Klebefilm klar,1.99,UVP4.19,1 m = 0.10 / 1 m = 0.09**,"-52%; 1.69€, mit Kaufland Card",je 2-St.-Packg.,Nein,Dieses Angebot findest du vom 13.11. bis 19.11. in deiner Kaufland-Filiale.,2025-11-13,2025-11-19,images_kaufland/kaufland_offer_41.jpg
NEWCENTIAL®,Herren-Funktionsunterhemd,9.99,,,"nur; 8.49€, mit Kaufland Card",je,Nein,Dieses Angebot findest du vom 13.11. bis 19.11. in deiner Kaufland-Filiale.,2025-11-13,2025-11-19,images_kaufland/kaufland_offer_42.jpg
NEWCENTIAL®,Damen-Skijacke,29.99,,,"nur; 23.99€, mit Kaufland Card",je,Nein,Dieses Angebot findest du vom 13.11. bis 19.11. in deiner Kaufland-Filiale.,2025-11-13,2025-11-19,images_kaufland/kaufland_offer_43.jpg
NEWCENTIAL®,Herren-Skihose,24.99,,,"nur; 19.99€, mit Kaufland Card",je,Nein,Dieses Angebot findest du vom 13.11. bis 19.11. in deiner Kaufland-Filiale.,2025-11-13,2025-11-19,images_kaufland/kaufland_offer_44.jpg
NEWCENTIAL®,Damen-Funktionsunterhemd,9.99,,,"nur; 8.49€, mit Kaufland Card",je,Nein,Dieses Angebot findest du vom 13.11. bis 19.11. in deiner Kaufland-Filiale.,2025-11-13,2025-11-19,images_kaufland/kaufland_offer_45.jpg
NEWCENTIAL®,Herren-Funktionsunterhose,9.99,,,"nur; 8.49€, mit Kaufland Card",je,Nein,Dieses Angebot findest du vom 13.11. bis 19.11. in deiner Kaufland-Filiale.,2025-11-13,2025-11-19,images_kaufland/kaufland_offer_46.jpg
NEWCENTIAL®,Damen-Funktionsunterhose,9.99,,,"nur; 8.49€, mit Kaufland Card",je,Nein,Dieses Angebot findest du vom 13.11. bis 19.11. in deiner Kaufland-Filiale.,2025-11-13,2025-11-19,images_kaufland/kaufland_offer_47.jpg
NEWCENTIAL®,Damen-Skihose,24.99,,,"nur; 19.99€, mit Kaufland Card",je,Nein,Dieses Angebot findest du vom 13.11. bis 19.11. in deiner Kaufland-Filiale.,2025-11-13,2025-11-19,images_kaufland/kaufland_offer_48.jpg
ELLESSE,Damen-Sweathoodie,24.99,UVP60.00,,"-58%; 19.99€, mit Kaufland Card",je,Nein,Dieses Angebot findest du vom 13.11. bis 19.11. in deiner Kaufland-Filiale.,2025-11-13,2025-11-19,images_kaufland/kaufland_offer_49.jpg
ELLESSE,Herren-Sweathoodie,24.99,UVP60.00,,"-58%; 19.99€, mit Kaufland Card",je,Nein,Dieses Angebot findest du vom 13.11. bis 19.11. in deiner Kaufland-Filiale.,2025-11-13,2025-11-19,images_kaufland/kaufland_offer_50.jpg
NEWCENTIAL®,Herren-Skijacke,29.99,,,"nur; 23.99€, mit Kaufland Card",je,Nein,Dieses Angebot findest du vom 13.11. bis 19.11. in deiner Kaufland-Filiale.,2025-11-13,2025-11-19,images_kaufland/kaufland_offer_51.jpg
PRÉSIDENT,Franz. Weichkäse,2.49,3.49,1 kg = 12.45 - 16.60 / 1 kg = 11.45 - 15.27**,"-28%; 2.29€, mit Kaufland Card",je 150 - 200-g-Packg.,Nein,Dieses Angebot findest du vom 17.11. bis 19.11. in deiner Kaufland-Filiale.,2025-11-17,2025-11-19,images_kaufland/kaufland_offer_52.jpg
DICK & DURSTIG,Küchentücher,2.22,2.69,,"-17%; 1.99€, mit Kaufland Card",je 4 x 43 Blatt,Nein,Dieses Angebot findest du vom 17.11. bis 19.11. in deiner Kaufland-Filiale.,2025-11-17,2025-11-19,images_kaufland/kaufland_offer_53.jpg
MÜLLER,Kefir oder Ayran,0.88,1.29,1 kg = 1.76 / 1 kg = 1.58**,"-31%; 0.79€, mit Kaufland Card",je 500-g-Fl.,Nein,Dieses Angebot findest du vom 17.11. bis 19.11. in deiner Kaufland-Filiale.,2025-11-17,2025-11-19,images_kaufland/kaufland_offer_54.jpg
,Span. Riesen-Orangen XXL,4.99,6.99,1 kg = 1.25,-28%,je 4-kg-Netz,Nein,Dieses Angebot findest du vom 13.11. bis 19.11. in deiner Kaufland-Filiale.,2025-11-13,2025-11-19,images_kaufland/kaufland_offer_57.jpg
,Dtsch. Tafeläpfel,"2.79
*",,1 kg = 0.93,nur,je 3-kg-Beutel,Nein,Dieses Angebot findest du vom 13.11. bis 19.11. in deiner Kaufland-Filiale.,2025-11-13,2025-11-19,images_kaufland/kaufland_offer_58.jpg
,"Brasil./domenik. Mango, lose",1.99,2.49,,-20%,je Stück,Nein,Dieses Angebot findest du vom 13.11. bis 19.11. in deiner Kaufland-Filiale.,2025-11-13,2025-11-19,images_kaufland/kaufland_offer_59.jpg
,Ital. Kiwis rot,2.49,2.99,1 kg = 8.30,-16%,je 300-g-Packg.,Nein,Dieses Angebot findest du vom 13.11. bis 19.11. in deiner Kaufland-Filiale.,2025-11-13,2025-11-19,images_kaufland/kaufland_offer_61.jpg
,Ital. Tafeläpfel »Pink Lady«,2.49,2.99,1 kg = 2.77,-16%,je 900-g-Packg.,Nein,Dieses Angebot findest du vom 13.11. bis 19.11. in deiner Kaufland-Filiale.,2025-11-13,2025-11-19,images_kaufland/kaufland_offer_62.jpg
,Brasil./ghan. Papaya,2.49,2.99,,-16%,je Stück,Nein,Dieses Angebot findest du vom 13.11. bis 19.11. in deiner Kaufland-Filiale.,2025-11-13,2025-11-19,images_kaufland/kaufland_offer_63.jpg
,Dtsch. Speisekartoffeln,2.49,2.99,1 kg = 1.00,-16%,"je 2,5-kg-Sack",Nein,Dieses Angebot findest du vom 13.11. bis 19.11. in deiner Kaufland-Filiale.,2025-11-13,2025-11-19,images_kaufland/kaufland_offer_66.jpg
,Dtsch. Multicolor-Salat oder Kopfsalat,1.29,1.59,,-18%,je Stück,Nein,Dieses Angebot findest du vom 13.11. bis 19.11. in deiner Kaufland-Filiale.,2025-11-13,2025-11-19,images_kaufland/kaufland_offer_67.jpg
,Dtsch. Möhren XXL,"1.49
*",,1 kg = 0.50,nur,je 3-kg-Beutel,Nein,Dieses Angebot findest du vom 13.11. bis 19.11. in deiner Kaufland-Filiale.,2025-11-13,2025-11-19,images_kaufland/kaufland_offer_68.jpg
,"Dtsch. Kürbis, lose",0.99,1.49,,-33%,je kg,Nein,Dieses Angebot findest du vom 13.11. bis 19.11. in deiner Kaufland-Filiale.,2025-11-13,2025-11-19,images_kaufland/kaufland_offer_69.jpg
,Dtsch. Cocktailrispentomaten,1.99,2.49,1 kg = 5.69,-20%,je 350-g-Packg.,Nein,Dieses Angebot findest du vom 13.11. bis 19.11. in deiner Kaufland-Filiale.,2025-11-13,2025-11-19,images_kaufland/kaufland_offer_70.jpg
,Span. Bio-Gurke,0.89,1.29,,-31%,je Stück,Nein,Dieses Angebot findest du vom 13.11. bis 19.11. in deiner Kaufland-Filiale.,2025-11-13,2025-11-19,images_kaufland/kaufland_offer_72.jpg
,Herbstpflanzen,"2.49
*",,,nur,je,Nein,Dieses Angebot findest du vom 13.11. bis 19.11. in deiner Kaufland-Filiale.,2025-11-13,2025-11-19,images_kaufland/kaufland_offer_74.jpg
,Amaryllis,"3.99
*",,,nur,je,Nein,Dieses Angebot findest du vom 13.11. bis 19.11. in deiner Kaufland-Filiale.,2025-11-13,2025-11-19,images_kaufland/kaufland_offer_75.jpg
,Weihnachtsstern oder Zauberstern,"2.49
*",,,nur,je,Nein,Dieses Angebot findest du vom 13.11. bis 19.11. in deiner Kaufland-Filiale.,2025-11-13,2025-11-19,images_kaufland/kaufland_offer_76.jpg
,Christrose,"3.99
*",,,nur,je,Nein,Dieses Angebot findest du vom 13.11. bis 19.11. in deiner Kaufland-Filiale.,2025-11-13,2025-11-19,images_kaufland/kaufland_offer_79.jpg
,"Span./ital. Maronen, lose",0.79,0.99,,-20%,je 100 g,Nein,Dieses Angebot findest du vom 13.11. bis 19.11. in deiner Kaufland-Filiale.,2025-11-13,2025-11-19,images_kaufland/kaufland_offer_82.jpg
,VitaSafe Ananas,2.99,3.49,1 kg = 6.23,-14%,je 480-g-Packg.,Nein,Dieses Angebot findest du vom 13.11. bis 19.11. in deiner Kaufland-Filiale.,2025-11-13,2025-11-19,images_kaufland/kaufland_offer_83.jpg
,"Span./ital. Tafeltrauben hell, lose",3.33,4.99,,-33%,je kg,Nein,Dieses Angebot findest du vom 13.11. bis 19.11. in deiner Kaufland-Filiale.,2025-11-13,2025-11-19,images_kaufland/kaufland_offer_84.jpg
,"Span./ital. Tafeltrauben rot, lose",3.33,4.99,,-33%,je kg,Nein,Dieses Angebot findest du vom 13.11. bis 19.11. in deiner Kaufland-Filiale.,2025-11-13,2025-11-19,images_kaufland/kaufland_offer_85.jpg
,"Span./niederl. Gurke, lose",0.69,0.99,,-30%,je Stück,Nein,Dieses Angebot findest du vom 13.11. bis 19.11. in deiner Kaufland-Filiale.,2025-11-13,2025-11-19,images_kaufland/kaufland_offer_86.jpg
,"Kolumb./chil. Avocado, lose",0.99,1.49,,-33%,je Stück,Nein,Dieses Angebot findest du vom 13.11. bis 19.11. in deiner Kaufland-Filiale.,2025-11-13,2025-11-19,images_kaufland/kaufland_offer_87.jpg
,Peruan. Kulturheidelbeeren,2.79,3.99,1 kg = 9.30,-30%,je 300-g-Packg.,Nein,Dieses Angebot findest du vom 13.11. bis 19.11. in deiner Kaufland-Filiale.,2025-11-13,2025-11-19,images_kaufland/kaufland_offer_88.jpg
K-PURLAND,Halbes Schwein grob zerlegt,"3.99
*",,,nur,je kg,Nein,Dieses Angebot findest du vom 13.11. bis 19.11. in deiner Kaufland-Filiale.,2025-11-13,2025-11-19,images_kaufland/kaufland_offer_89.jpg
K-PURLAND,Schnelle Küche Geschnetzeltes Mango-Curry,"3.99
*",,1 kg = 7.98,nur,je 500-g-Packg.,Nein,Dieses Angebot findest du vom 13.11. bis 19.11. in deiner Kaufland-Filiale.,2025-11-13,2025-11-19,images_kaufland/kaufland_offer_90.jpg
K-PURLAND,Bruschetta-Braten,"5.99
*",,,nur,je kg,Nein,Dieses Angebot findest du vom 13.11. bis 19.11. in deiner Kaufland-Filiale.,2025-11-13,2025-11-19,images_kaufland/kaufland_offer_91.jpg
K-PURLAND,Steak Mexico Style,4.99,,1 kg = 6.66,nur,je 750-g-Packg.,Nein,Dieses Angebot findest du vom 13.11. bis 19.11. in deiner Kaufland-Filiale.,2025-11-13,2025-11-19,images_kaufland/kaufland_offer_92.jpg
K-PURLAND,Kasseler Frühstücksbauch,5.99,7.99,,-25%,je kg,Nein,Dieses Angebot findest du vom 13.11. bis 19.11. in deiner Kaufland-Filiale.,2025-11-13,2025-11-19,images_kaufland/kaufland_offer_93.jpg
K-PURLAND,Eisbein XXL,2.99,4.99,"entspr. z. B. für eine 2,2-kg-Packg. 6.58",-40%,je kg,Nein,Dieses Angebot findest du vom 13.11. bis 19.11. in deiner Kaufland-Filiale.,2025-11-13,2025-11-19,images_kaufland/kaufland_offer_94.jpg
K-PURLAND,Rinderbraten Falsches Filet Rinderbraten a.d. Schulter,14.89,,,nur,je kg,Nein,Dieses Angebot findest du vom 13.11. bis 19.11. in deiner Kaufland-Filiale.,2025-11-13,2025-11-19,images_kaufland/kaufland_offer_96.jpg
K-PURLAND,Hamburger,2.89,3.69,1 kg = 11.56,-21%,je 2 St. = 250-g-Packg.,Nein,Dieses Angebot findest du vom 13.11. bis 19.11. in deiner Kaufland-Filiale.,2025-11-13,2025-11-19,images_kaufland/kaufland_offer_97.jpg
K-PURLAND,Rinderbraten Hals/Hohe Rippe vom Jungbullen,13.99,17.79,,-21%,je kg,Nein,Dieses Angebot findest du vom 13.11. bis 19.11. in deiner Kaufland-Filiale.,2025-11-13,2025-11-19,images_kaufland/kaufland_offer_98.jpg
K-PURLAND,"Pfeffer-Hüftsteak vom Jungbullen, mariniert",18.95,,entspr. z. B. für eine 200-g-Packg. 3.79,nur,je kg,Nein,Dieses Angebot findest du vom 13.11. bis 19.11. in deiner Kaufland-Filiale.,2025-11-13,2025-11-19,images_kaufland/kaufland_offer_99.jpg
K-FAVOURITES,Amerik. Chuck Eye Steak,18.97,21.99,entspr. z. B. für eine 400-g-Packg. 7.59,-13%,je kg,Nein,Dieses Angebot findest du vom 13.11. bis 19.11. in deiner Kaufland-Filiale.,2025-11-13,2025-11-19,images_kaufland/kaufland_offer_100.jpg
K-FAVOURITES,US-Beef-Burger vom amerikan. Angusrind,"3.49
*",,1 kg = 13.96,nur,je 2 St. = 250-g-Packg.,Nein,Dieses Angebot findest du vom 13.11. bis 19.11. in deiner Kaufland-Filiale.,2025-11-13,2025-11-19,images_kaufland/kaufland_offer_101.jpg
K-PURLAND,Hähnchen-Schenkel,3.99,5.29,1 kg = 3.63,-24%,"je 1,1-kg-Packg.",Nein,Dieses Angebot findest du vom 13.11. bis 19.11. in deiner Kaufland-Filiale.,2025-11-13,2025-11-19,images_kaufland/kaufland_offer_102.jpg
,Junge poln. Ente,"4.49
*",,"entspr. z. B. für ein 2,5-kg-Stück 11.23",nur,je kg,Nein,Dieses Angebot findest du vom 13.11. bis 19.11. in deiner Kaufland-Filiale.,2025-11-13,2025-11-19,images_kaufland/kaufland_offer_103.jpg
K-PURLAND,Hähnchen-Minutenschnitzel,3.79,,1 kg = 9.48,nur,je 400-g-Packg.,Nein,Dieses Angebot findest du vom 13.11. bis 19.11. in deiner Kaufland-Filiale.,2025-11-13,2025-11-19,images_kaufland/kaufland_offer_104.jpg
NATURE & RESPECT,Franz. Maishähnchen aus Freilandhaltung,5.99,7.49,"entspr. z. B. für ein 1,3-kg-Stück 7.79",-20%,je kg,Nein,Dieses Angebot findest du vom 13.11. bis 19.11. in deiner Kaufland-Filiale.,2025-11-13,2025-11-19,images_kaufland/kaufland_offer_105.jpg
,Crispy Chicken Wings XXL,"5.99
*",,1 kg = 6.66,nur,je 900-g-Großpackg.,Nein,Dieses Angebot findest du vom 13.11. bis 19.11. in deiner Kaufland-Filiale.,2025-11-13,2025-11-19,images_kaufland/kaufland_offer_106.jpg
,Chicken-Nuggets XXL,"4.99
*",,,nur,je 1-kg-Großpackg.,Nein,Dieses Angebot findest du vom 13.11. bis 19.11. in deiner Kaufland-Filiale.,2025-11-13,2025-11-19,images_kaufland/kaufland_offer_107.jpg
,Hähnchen-Taschen XXL,"6.49
*",,1 kg = 9.02,nur,je 720-g-Großpackg.,Nein,Dieses Angebot findest du vom 13.11. bis 19.11. in deiner Kaufland-Filiale.,2025-11-13,2025-11-19,images_kaufland/kaufland_offer_108.jpg
K-FAVOURITES,Dtsch. Kalbsrückensteak in Trüffel-Ölmarinade,"23.95
*",,entspr. z. B. für eine 200-g-Packg. 4.79,nur,je kg,Nein,Dieses Angebot findest du vom 13.11. bis 19.11. in deiner Kaufland-Filiale.,2025-11-13,2025-11-19,images_kaufland/kaufland_offer_109.jpg
K-FAVOURITES,Lammschulter,"16.99
*",,entspr. z. B. für eine 2-kg-Packg. 33.98,nur,je kg,Nein,Dieses Angebot findest du vom 13.11. bis 19.11. in deiner Kaufland-Filiale.,2025-11-13,2025-11-19,images_kaufland/kaufland_offer_110.jpg
K-PURLAND,Hackfleisch gemischt,3.49,,1 kg = 6.98,nur,je 500-g-Packg.,Nein,Dieses Angebot findest du vom 13.11. bis 19.11. in deiner Kaufland-Filiale.,2025-11-13,2025-11-19,images_kaufland/kaufland_offer_111.jpg
K-CLASSIC,Rostbratwurst,3.33,3.79,1 kg = 6.17,-12%,je 6 St. = 540-g-Packg.,Nein,Dieses Angebot findest du vom 13.11. bis 19.11. in deiner Kaufland-Filiale.,2025-11-13,2025-11-19,images_kaufland/kaufland_offer_112.jpg
K-CLASSIC,Gelb- oder Schinkenwurst,2.22,2.85,1 kg = 6.35,-22%,je 350-g-Stück,Nein,Dieses Angebot findest du vom 13.11. bis 19.11. in deiner Kaufland-Filiale.,2025-11-13,2025-11-19,images_kaufland/kaufland_offer_113.jpg
ZIMMERMANN,Münchner Weißwürste,2.69,3.39,1 kg = 8.97,-20%,je 5 St. = 300-g-Packg.,Nein,Dieses Angebot findest du vom 13.11. bis 19.11. in deiner Kaufland-Filiale.,2025-11-13,2025-11-19,images_kaufland/kaufland_offer_114.jpg
GUTFRIED,Hähnchen-Lyoner oder Geflügel-Bierschinken,1.29,1.79,1 kg = 16.13,-27%,je 80-g-Packg.,Nein,Dieses Angebot findest du vom 13.11. bis 19.11. in deiner Kaufland-Filiale.,2025-11-13,2025-11-19,images_kaufland/kaufland_offer_115.jpg
DU DARFST,Leberwurst,1.19,1.69,1 kg = 11.90,-29%,je 100-g-Stück,Nein,Dieses Angebot findest du vom 13.11. bis 19.11. in deiner Kaufland-Filiale.,2025-11-13,2025-11-19,images_kaufland/kaufland_offer_117.jpg
REINERT,Chambelle,1.79,2.29,1 kg = 22.38,-21%,je 80-g-Packg.,Nein,Dieses Angebot findest du vom 13.11. bis 19.11. in deiner Kaufland-Filiale.,2025-11-13,2025-11-19,images_kaufland/kaufland_offer_119.jpg
MEHLIG & HELLER,Hausmacher Spezialitäten,1.99,2.69,1 kg = 7.96,-26%,je 250-g-Glas,Nein,Dieses Angebot findest du vom 13.11. bis 19.11. in deiner Kaufland-Filiale.,2025-11-13,2025-11-19,images_kaufland/kaufland_offer_121.jpg
K-WERTSCHÄTZE,Kasseler Lachs,8.90,11.90,,-25%,je kg,Nein,Dieses Angebot findest du vom 13.11. bis 19.11. in deiner Kaufland-Filiale.,2025-11-13,2025-11-19,images_kaufland/kaufland_offer_122.jpg
K-WERTSCHÄTZE,Rinder-Entrecôte,26.90,32.90,,-18%,je kg,Nein,Dieses Angebot findest du vom 13.11. bis 19.11. in deiner Kaufland-Filiale.,2025-11-13,2025-11-19,images_kaufland/kaufland_offer_123.jpg
K-WERTSCHÄTZE,Rindertafelspitz vom Jungbullen,15.90,18.90,,-15%,je kg,Nein,Dieses Angebot findest du vom 13.11. bis 19.11. in deiner Kaufland-Filiale.,2025-11-13,2025-11-19,images_kaufland/kaufland_offer_124.jpg
K-WERTSCHÄTZE,Rinderhackfleisch vom Jungbullen,11.90,,,nur,je kg,Nein,Dieses Angebot findest du vom 13.11. bis 19.11. in deiner Kaufland-Filiale.,2025-11-13,2025-11-19,images_kaufland/kaufland_offer_125.jpg
MONTORSI,Mortadella Bologna IGP mit Pistazien,1.29,1.99,,-35%,je 100 g,Nein,Dieses Angebot findest du vom 13.11. bis 19.11. in deiner Kaufland-Filiale.,2025-11-13,2025-11-19,images_kaufland/kaufland_offer_126.jpg
MÜNNICH,Jambon de Paris,"1.59
*",,,nur,je 100 g,Nein,Dieses Angebot findest du vom 13.11. bis 19.11. in deiner Kaufland-Filiale.,2025-11-13,2025-11-19,images_kaufland/kaufland_offer_127.jpg
Aus eigener Herstellung,Kaiserfleisch,1.29,1.89,,-31%,je 100 g,Nein,Dieses Angebot findest du vom 13.11. bis 19.11. in deiner Kaufland-Filiale.,2025-11-13,2025-11-19,images_kaufland/kaufland_offer_128.jpg
Aus eigener Herstellung,Kalbsleberwurst,0.99,1.49,,-33%,je 100 g,Nein,Dieses Angebot findest du vom 13.11. bis 19.11. in deiner Kaufland-Filiale.,2025-11-13,2025-11-19,images_kaufland/kaufland_offer_129.jpg
KLÜMPER,Schwarzwälder Schinken,1.89,,,nur,je 100 g,Nein,Dieses Angebot findest du vom 13.11. bis 19.11. in deiner Kaufland-Filiale.,2025-11-13,2025-11-19,images_kaufland/kaufland_offer_130.jpg
Aus eigener Herstellung,Schinkenknacker,0.89,1.79,,-50%,je 100 g,Nein,Dieses Angebot findest du vom 13.11. bis 19.11. in deiner Kaufland-Filiale.,2025-11-13,2025-11-19,images_kaufland/kaufland_offer_131.jpg
Lammkeule,mit Knochen,17.90,21.90,,-18%,je kg,Nein,Dieses Angebot findest du vom 13.11. bis 19.11. in deiner Kaufland-Filiale.,2025-11-13,2025-11-19,images_kaufland/kaufland_offer_132.jpg
K-BLUE BAY,Miesmuscheln,2.29,2.99,,-23%,je 1-kg-Packg.,Nein,Dieses Angebot findest du vom 13.11. bis 19.11. in deiner Kaufland-Filiale.,2025-11-13,2025-11-19,images_kaufland/kaufland_offer_133.jpg
K-BLUE BAY,Makrelenfilets,13.95,15.99,entspr. z. B. für eine 200-g-Packg. 2.79,-12%,je kg,Nein,Dieses Angebot findest du vom 13.11. bis 19.11. in deiner Kaufland-Filiale.,2025-11-13,2025-11-19,images_kaufland/kaufland_offer_134.jpg
FRANKENLAND,frische Vollmilch,1.11,1.49,,-25%,je 1-l-Packg.,Nein,Dieses Angebot findest du vom 13.11. bis 19.11. in deiner Kaufland-Filiale.,2025-11-13,2025-11-19,images_kaufland/kaufland_offer_135.jpg
K-CLASSIC,Skry,0.99,1.49,1 kg = 1.98,-33%,je 500-g-Becher,Nein,Dieses Angebot findest du vom 13.11. bis 19.11. in deiner Kaufland-Filiale.,2025-11-13,2025-11-19,images_kaufland/kaufland_offer_136.jpg
MÖVENPICK,Fruchtjoghurt,0.59,,1 kg = 3.94,nur,je 150-g-Becher,Nein,Dieses Angebot findest du vom 13.11. bis 19.11. in deiner Kaufland-Filiale.,2025-11-13,2025-11-19,images_kaufland/kaufland_offer_137.jpg
EXQUISA,Käsekuchen-Snack,1.11,,1 kg = 15.86,nur,je 70-g-Packg.,Nein,Dieses Angebot findest du vom 13.11. bis 19.11. in deiner Kaufland-Filiale.,2025-11-13,2025-11-19,images_kaufland/kaufland_offer_138.jpg
ZUM DORFKRUG,Dessert,1.99,2.69,1 kg = 5.31 - 5.53,-26%,je 360 - 375-g-Glas,Nein,Dieses Angebot findest du vom 13.11. bis 19.11. in deiner Kaufland-Filiale.,2025-11-13,2025-11-19,images_kaufland/kaufland_offer_140.jpg
FRANKENLAND,Schmand,1.11,1.29,1 kg = 5.55,-13%,je 200-g-Becher,Nein,Dieses Angebot findest du vom 13.11. bis 19.11. in deiner Kaufland-Filiale.,2025-11-13,2025-11-19,images_kaufland/kaufland_offer_142.jpg
EHRMANN,Robby Quetschi,0.69,0.85,1 kg = 7.67,-18%,je 90-g-Beutel,Nein,Dieses Angebot findest du vom 13.11. bis 19.11. in deiner Kaufland-Filiale.,2025-11-13,2025-11-19,images_kaufland/kaufland_offer_144.jpg
ALPRO,Mandel- oder Kokosnussdrink,1.99,2.99,,-33%,je 1-l-Packg.,Nein,Dieses Angebot findest du vom 13.11. bis 19.11. in deiner Kaufland-Filiale.,2025-11-13,2025-11-19,images_kaufland/kaufland_offer_145.jpg
COBURGER,Bayr. Landkäse,2.99,3.59,1 kg = 8.55,-16%,je 350-g-Packg.,Nein,Dieses Angebot findest du vom 13.11. bis 19.11. in deiner Kaufland-Filiale.,2025-11-13,2025-11-19,images_kaufland/kaufland_offer_147.jpg
LE RUSTIQUE,Raclette Käsescheiben,4.44,5.99,1 kg = 11.10 - 12.34,-25%,je 360 - 400-g-Packg.,Nein,Dieses Angebot findest du vom 13.11. bis 19.11. in deiner Kaufland-Filiale.,2025-11-13,2025-11-19,images_kaufland/kaufland_offer_149.jpg
GAZI,Grill- und Pfannenkäse,1.49,,1 kg = 7.45,nur,je 2 x 100-g-Packg.,Nein,Dieses Angebot findest du vom 13.11. bis 19.11. in deiner Kaufland-Filiale.,2025-11-13,2025-11-19,images_kaufland/kaufland_offer_150.jpg
K-CLASSIC,Sandwichscheiben,2.22,2.69,1 kg = 11.10,-17%,je 200-g-Packg.,Nein,Dieses Angebot findest du vom 13.11. bis 19.11. in deiner Kaufland-Filiale.,2025-11-13,2025-11-19,images_kaufland/kaufland_offer_151.jpg
CHEESTRINGS,Käsestangen,1.79,2.29,1 kg = 22.38,-21%,je 4 x 20-g-Packg.,Nein,Dieses Angebot findest du vom 13.11. bis 19.11. in deiner Kaufland-Filiale.,2025-11-13,2025-11-19,images_kaufland/kaufland_offer_152.jpg
KERRYGOLD,Frischkäsezubereitung »Frisch & Cremig«,1.49,1.99,1 kg = 9.94,-25%,je 150-g-Becher,Nein,Dieses Angebot findest du vom 13.11. bis 19.11. in deiner Kaufland-Filiale.,2025-11-13,2025-11-19,images_kaufland/kaufland_offer_153.jpg
SANELLA,Streichfett,1.29,,1 kg = 3.23,nur,je 400-g-Becher,Nein,Dieses Angebot findest du vom 13.11. bis 19.11. in deiner Kaufland-Filiale.,2025-11-13,2025-11-19,images_kaufland/kaufland_offer_154.jpg
MEGGLE,Butterschmalz,3.49,4.59,1 kg = 13.96,-23%,je 250-g-Packg.,Nein,Dieses Angebot findest du vom 13.11. bis 19.11. in deiner Kaufland-Filiale.,2025-11-13,2025-11-19,images_kaufland/kaufland_offer_155.jpg
PUSTERIA,Pustertaler,1.79,2.49,,-28%,je 100 g,Nein,Dieses Angebot findest du vom 13.11. bis 19.11. in deiner Kaufland-Filiale.,2025-11-13,2025-11-19,images_kaufland/kaufland_offer_156.jpg
MILRAM,Müritzer oder Leuchtfeuer,0.99,1.99,,-50%,je 100 g,Nein,Dieses Angebot findest du vom 13.11. bis 19.11. in deiner Kaufland-Filiale.,2025-11-13,2025-11-19,images_kaufland/kaufland_offer_157.jpg
SCHÄRDINGER,Bergfex oder Moosbacher,0.99,1.29,,-23%,je 100 g,Nein,Dieses Angebot findest du vom 13.11. bis 19.11. in deiner Kaufland-Filiale.,2025-11-13,2025-11-19,images_kaufland/kaufland_offer_158.jpg
BERGADER,Bavaria blu oder Bonifaz,1.79,2.69,,-33%,je 100 g,Nein,Dieses Angebot findest du vom 13.11. bis 19.11. in deiner Kaufland-Filiale.,2025-11-13,2025-11-19,images_kaufland/kaufland_offer_159.jpg
BEYOND MEAT,Beyond Burger Original,2.99,4.29,1 kg = 13.23,-30%,je 226-g-Packg.,Nein,Dieses Angebot findest du vom 13.11. bis 19.11. in deiner Kaufland-Filiale.,2025-11-13,2025-11-19,images_kaufland/kaufland_offer_160.jpg
HÄAGEN-DAZS,Eiscreme,3.99,6.99,1 l = 8.68 - 9.50,-42%,je 420 - 460-ml-Becher,Nein,Dieses Angebot findest du vom 13.11. bis 19.11. in deiner Kaufland-Filiale.,2025-11-13,2025-11-19,images_kaufland/kaufland_offer_161.jpg
IGLO,Gemüse,1.99,2.79,1 kg = 4.98,-28%,je 400-g-Packg.,Nein,Dieses Angebot findest du vom 13.11. bis 19.11. in deiner Kaufland-Filiale.,2025-11-13,2025-11-19,images_kaufland/kaufland_offer_162.jpg
K-CLASSIC,Backofen-Snacks,1.79,,1 kg = 7.16,nur,je 250-g-Packg.,Nein,Dieses Angebot findest du vom 13.11. bis 19.11. in deiner Kaufland-Filiale.,2025-11-13,2025-11-19,images_kaufland/kaufland_offer_163.jpg
,Poln. Hafermastgans,6.99,,"entspr. z. B. für ein 3,6-kg-Stück 25.17",nur,je kg,Nein,Dieses Angebot findest du vom 13.11. bis 19.11. in deiner Kaufland-Filiale.,2025-11-13,2025-11-19,images_kaufland/kaufland_offer_164.jpg
,Knusper-Ente,3.99,5.99,1 kg = 12.47,-33%,je 320-g-Packg.,Nein,Dieses Angebot findest du vom 13.11. bis 19.11. in deiner Kaufland-Filiale.,2025-11-13,2025-11-19,images_kaufland/kaufland_offer_165.jpg
Junge Pute,*Abbildungsbeispiel,4.49,5.99,"entspr. z. B. für ein 2,8-kg-Stück 12.58",-25%,je kg,Nein,Dieses Angebot findest du vom 13.11. bis 19.11. in deiner Kaufland-Filiale.,2025-11-13,2025-11-19,images_kaufland/kaufland_offer_166.jpg
ORIGINAL WAGNER,Steinofen-Pizza oder -Flammkuchen,1.49,,1 kg = 4.14 - 4.97,nur,je 300 - 360-g-Packg.,Nein,Dieses Angebot findest du vom 13.11. bis 19.11. in deiner Kaufland-Filiale.,2025-11-13,2025-11-19,images_kaufland/kaufland_offer_167.jpg
COPPENRATH & WIESE,Kleinkuchen oder Brownie,"3.99
*",,1 kg = 7.53 - 12.67,nur,je 315 - 530-g-Packg.,Nein,Dieses Angebot findest du vom 13.11. bis 19.11. in deiner Kaufland-Filiale.,2025-11-13,2025-11-19,images_kaufland/kaufland_offer_168.jpg
MCCAIN,Country Wedges,1.99,3.49,1 kg = 3.32,-42%,je 600-g-Beutel,Nein,Dieses Angebot findest du vom 13.11. bis 19.11. in deiner Kaufland-Filiale.,2025-11-13,2025-11-19,images_kaufland/kaufland_offer_169.jpg
BLOCK HOUSE,American Burger,7.99,10.99,1 kg = 15.98,-27%,je 4 St. = 500-g-Packg.,Nein,Dieses Angebot findest du vom 13.11. bis 19.11. in deiner Kaufland-Filiale.,2025-11-13,2025-11-19,images_kaufland/kaufland_offer_170.jpg
JOSEF MAIER,Wildschweingulasch,7.99,11.99,1 kg = 15.98,-33%,je 500-g-Packg.,Nein,Dieses Angebot findest du vom 13.11. bis 19.11. in deiner Kaufland-Filiale.,2025-11-13,2025-11-19,images_kaufland/kaufland_offer_172.jpg
SETTELE,Eier-Spätzle,2.99,3.79,,-21%,je 1-kg-Packg.,Nein,Dieses Angebot findest du vom 13.11. bis 19.11. in deiner Kaufland-Filiale.,2025-11-13,2025-11-19,images_kaufland/kaufland_offer_173.jpg
K-TO GO,Sandwich,1.59,1.99,1 kg = 8.60,-20%,je 185-g-Packg.,Nein,Dieses Angebot findest du vom 13.11. bis 19.11. in deiner Kaufland-Filiale.,2025-11-13,2025-11-19,images_kaufland/kaufland_offer_174.jpg
HENGLEIN,Kloßteig,1.49,2.29,1 kg = 1.99,-34%,je 750-g-Beutel,Nein,Dieses Angebot findest du vom 13.11. bis 19.11. in deiner Kaufland-Filiale.,2025-11-13,2025-11-19,images_kaufland/kaufland_offer_175.jpg
SETTELE,Dampfnudeln,1.49,2.49,1 kg = 2.98,-40%,je 5 St. = 500-g-Packg.,Nein,Dieses Angebot findest du vom 13.11. bis 19.11. in deiner Kaufland-Filiale.,2025-11-13,2025-11-19,images_kaufland/kaufland_offer_176.jpg
EHRMANN,High Protein Pancakes,2.22,2.99,1 kg = 13.88,-25%,je 4 St. = 160-g-Packg.,Nein,Dieses Angebot findest du vom 13.11. bis 19.11. in deiner Kaufland-Filiale.,2025-11-13,2025-11-19,images_kaufland/kaufland_offer_177.jpg
TANTE FANNY,Frischer Dinkel-Pizzateig,1.79,2.79,1 kg = 4.48,-35%,je 400-g-Rolle,Nein,Dieses Angebot findest du vom 13.11. bis 19.11. in deiner Kaufland-Filiale.,2025-11-13,2025-11-19,images_kaufland/kaufland_offer_178.jpg
LAWA,Plätzchenteig,1.99,2.79,1 kg = 6.64,-28%,je 300-g-Packg.,Nein,Dieses Angebot findest du vom 13.11. bis 19.11. in deiner Kaufland-Filiale.,2025-11-13,2025-11-19,images_kaufland/kaufland_offer_179.jpg
K-CLASSIC,Pulled Pork oder Turkey,3.79,4.79,1 kg = 7.58,-20%,je 500-g-Packg.,Nein,Dieses Angebot findest du vom 13.11. bis 19.11. in deiner Kaufland-Filiale.,2025-11-13,2025-11-19,images_kaufland/kaufland_offer_180.jpg
K-CLASSIC,Cheese- oder Chickenburger,1.99,,1 kg = 6.64,nur,je 2 St. = 300-g-Packg.,Nein,Dieses Angebot findest du vom 13.11. bis 19.11. in deiner Kaufland-Filiale.,2025-11-13,2025-11-19,images_kaufland/kaufland_offer_181.jpg
MEICA,Curry King,1.69,,1 kg = 7.69,nur,je 220-g-Schale,Nein,Dieses Angebot findest du vom 13.11. bis 19.11. in deiner Kaufland-Filiale.,2025-11-13,2025-11-19,images_kaufland/kaufland_offer_182.jpg
POPP,Feinkostsalat,1.89,,1 kg = 4.73,nur,je 400-g-Becher,Nein,Dieses Angebot findest du vom 13.11. bis 19.11. in deiner Kaufland-Filiale.,2025-11-13,2025-11-19,images_kaufland/kaufland_offer_183.jpg
KRONE,Mein Lieblings-Lachs,3.33,4.29,1 kg = 33.30,-22%,je 100-g-Packg.,Nein,Dieses Angebot findest du vom 13.11. bis 19.11. in deiner Kaufland-Filiale.,2025-11-13,2025-11-19,images_kaufland/kaufland_offer_185.jpg
K-CLASSIC,Grüner Spargel,1.99,2.79,Abtropfgewicht 185 g 1 kg = 10.76,-28%,je 330-g-Glas,Nein,Dieses Angebot findest du vom 13.11. bis 19.11. in deiner Kaufland-Filiale.,2025-11-13,2025-11-19,images_kaufland/kaufland_offer_187.jpg
HEINZ,Tomato,0.88,1.59,1 kg = 2.52,-44%,je 350-g-Packg.,Nein,Dieses Angebot findest du vom 13.11. bis 19.11. in deiner Kaufland-Filiale.,2025-11-13,2025-11-19,images_kaufland/kaufland_offer_188.jpg
HEINZ,Tomato Frito,0.88,1.99,1 kg = 2.52,-55%,je 350-g-Packg.,Nein,Dieses Angebot findest du vom 13.11. bis 19.11. in deiner Kaufland-Filiale.,2025-11-13,2025-11-19,images_kaufland/kaufland_offer_190.jpg
K-CLASSIC,Gartenerbsen,1.19,1.49,Abtropfgewicht 530 g 1 kg = 2.25,-20%,je 800-g-Dose,Nein,Dieses Angebot findest du vom 13.11. bis 19.11. in deiner Kaufland-Filiale.,2025-11-13,2025-11-19,images_kaufland/kaufland_offer_191.jpg
HEINZ,Beanz,1.79,,1 kg = 4.32,nur,je 415-g-Dose,Nein,Dieses Angebot findest du vom 13.11. bis 19.11. in deiner Kaufland-Filiale.,2025-11-13,2025-11-19,images_kaufland/kaufland_offer_192.jpg
HEINZ,Tomaten-Ketchup,1.79,,1 l = 4.48,nur,je 400-ml-Fl.,Nein,Dieses Angebot findest du vom 13.11. bis 19.11. in deiner Kaufland-Filiale.,2025-11-13,2025-11-19,images_kaufland/kaufland_offer_194.jpg
HÄNDLMAIER,Bayerischer Senf,1.49,1.79,1 l = 4.45,-16%,je 335-ml-Glas,Nein,Dieses Angebot findest du vom 13.11. bis 19.11. in deiner Kaufland-Filiale.,2025-11-13,2025-11-19,images_kaufland/kaufland_offer_195.jpg
BULL'S-EYE,BBQ-Sauce,1.99,,1 l = 6.64,nur,je 300-ml-Fl.,Nein,Dieses Angebot findest du vom 13.11. bis 19.11. in deiner Kaufland-Filiale.,2025-11-13,2025-11-19,images_kaufland/kaufland_offer_196.jpg
HERSHEY'S,Cookies'n'Creme,0.99,1.29,1 kg = 24.75,-23%,je 40-g-Tafel,Nein,Dieses Angebot findest du vom 13.11. bis 19.11. in deiner Kaufland-Filiale.,2025-11-13,2025-11-19,images_kaufland/kaufland_offer_197.jpg
ROCKY MOUNTAIN,Marshmallows,2.49,4.29,1 kg = 8.30,-41%,je 300-g-Beutel,Nein,Dieses Angebot findest du vom 13.11. bis 19.11. in deiner Kaufland-Filiale.,2025-11-13,2025-11-19,images_kaufland/kaufland_offer_198.jpg
REESE'S,Peanut Butter Cups,0.89,1.19,1 kg = 22.54,-25%,"je 2 St. = 39,5-g-Packg.",Nein,Dieses Angebot findest du vom 13.11. bis 19.11. in deiner Kaufland-Filiale.,2025-11-13,2025-11-19,images_kaufland/kaufland_offer_199.jpg
OSTMANN,Gewürze,1.29,2.29,1 kg = 86.00 - 172.00,-43%,"je 7,5 - 15-g-Packg.",Nein,Dieses Angebot findest du vom 13.11. bis 19.11. in deiner Kaufland-Filiale.,2025-11-13,2025-11-19,images_kaufland/kaufland_offer_200.jpg
HENGSTENBERG,Altmeister Essig,0.99,1.49,1 l = 1.32,-33%,je 750-ml-Fl.,Nein,Dieses Angebot findest du vom 13.11. bis 19.11. in deiner Kaufland-Filiale.,2025-11-13,2025-11-19,images_kaufland/kaufland_offer_201.jpg
K-BIO,Bio-Olivenöl,5.99,6.95,1 l = 7.99,-13%,je 750-ml-Fl.,Nein,Dieses Angebot findest du vom 13.11. bis 19.11. in deiner Kaufland-Filiale.,2025-11-13,2025-11-19,images_kaufland/kaufland_offer_202.jpg
,Oliven-Mix,0.99,,,nur,je 100 g,Nein,Dieses Angebot findest du vom 13.11. bis 19.11. in deiner Kaufland-Filiale.,2025-11-13,2025-11-19,images_kaufland/kaufland_offer_203.jpg
,Apricot Peppers,1.59,,,nur,je 100 g,Nein,Dieses Angebot findest du vom 13.11. bis 19.11. in deiner Kaufland-Filiale.,2025-11-13,2025-11-19,images_kaufland/kaufland_offer_204.jpg
,Brotstick,"0.59
*",,,nur,je Stück,Nein,Dieses Angebot findest du vom 13.11. bis 19.11. in deiner Kaufland-Filiale.,2025-11-13,2025-11-19,images_kaufland/kaufland_offer_205.jpg
,Haselnuss-Cube,0.99,1.29,,-23%,je Stück,Nein,Dieses Angebot findest du vom 13.11. bis 19.11. in deiner Kaufland-Filiale.,2025-11-13,2025-11-19,images_kaufland/kaufland_offer_206.jpg
,»PAW Patrol«-Milchbrötchen,"2.49
*",,1 kg = 13.84,nur,je 4 St. = 180-g-Packg.,Nein,Dieses Angebot findest du vom 13.11. bis 19.11. in deiner Kaufland-Filiale.,2025-11-13,2025-11-19,images_kaufland/kaufland_offer_207.jpg
,Cookie,"0.75
*",,,nur,je Stück,Nein,Dieses Angebot findest du vom 13.11. bis 19.11. in deiner Kaufland-Filiale.,2025-11-13,2025-11-19,images_kaufland/kaufland_offer_208.jpg
,Laugenstange,0.25,0.39,,-35%,je Stück,Nein,Dieses Angebot findest du vom 13.11. bis 19.11. in deiner Kaufland-Filiale.,2025-11-13,2025-11-19,images_kaufland/kaufland_offer_209.jpg
,Bauernbrötchen mit Saaten,0.39,,,nur,je Stück,Nein,Dieses Angebot findest du vom 13.11. bis 19.11. in deiner Kaufland-Filiale.,2025-11-13,2025-11-19,images_kaufland/kaufland_offer_210.jpg
HARRY,Brioche-Burger-Brötchen Lauge,1.59,2.49,1 kg = 5.30,-36%,je 4 St. = 300-g-Packg.,Nein,Dieses Angebot findest du vom 13.11. bis 19.11. in deiner Kaufland-Filiale.,2025-11-13,2025-11-19,images_kaufland/kaufland_offer_211.jpg
HARRY,Brioche-Burger-Brötchen,1.59,,1 kg = 6.36,nur,je 4 St. = 250-g-Packg.,Nein,Dieses Angebot findest du vom 13.11. bis 19.11. in deiner Kaufland-Filiale.,2025-11-13,2025-11-19,images_kaufland/kaufland_offer_212.jpg
K-CLASSIC,Unsere Feinen Weizenbrötchen,0.79,0.99,1 kg = 2.20,-20%,je 6 St. = 360-g-Packg.,Nein,Dieses Angebot findest du vom 13.11. bis 19.11. in deiner Kaufland-Filiale.,2025-11-13,2025-11-19,images_kaufland/kaufland_offer_213.jpg
SMASHED,Bagels,1.49,1.99,1 kg = 4.97,-25%,je 4 St. = 300-g-Packg.,Nein,Dieses Angebot findest du vom 13.11. bis 19.11. in deiner Kaufland-Filiale.,2025-11-13,2025-11-19,images_kaufland/kaufland_offer_214.jpg
BRANDT,Zwieback Minis,1.29,1.99,1 kg = 11.22,-35%,je 115-g-Packg.,Nein,Dieses Angebot findest du vom 13.11. bis 19.11. in deiner Kaufland-Filiale.,2025-11-13,2025-11-19,images_kaufland/kaufland_offer_215.jpg
HARRY,Sammy's Super-Sandwich,1.59,,1 kg = 2.12,nur,je 750-g-Packg.,Nein,Dieses Angebot findest du vom 13.11. bis 19.11. in deiner Kaufland-Filiale.,2025-11-13,2025-11-19,images_kaufland/kaufland_offer_216.jpg
LAMBERTZ,Baumkuchen,3.99,4.99,1 kg = 13.30,-20%,je 300-g-Packg.,Nein,Dieses Angebot findest du vom 13.11. bis 19.11. in deiner Kaufland-Filiale.,2025-11-13,2025-11-19,images_kaufland/kaufland_offer_217.jpg
MR. BROWNIE,Galactic Brownies,2.22,3.29,1 kg = 11.10,-32%,je 8 St. = 200-g-Packg.,Nein,Dieses Angebot findest du vom 13.11. bis 19.11. in deiner Kaufland-Filiale.,2025-11-13,2025-11-19,images_kaufland/kaufland_offer_218.jpg
KNORR,Snack-Becher,2.97,3.96,1 kg = 9.15 - 15.63,,je 48 - 82-g-Becher,Nein,Dieses Angebot findest du vom 13.11. bis 19.11. in deiner Kaufland-Filiale.,2025-11-13,2025-11-19,images_kaufland/kaufland_offer_219.jpg
MAGGI,Asia-Nudel-Snack,0.49,,1 kg = 7.91,nur,je 62-g-Beutel,Nein,Dieses Angebot findest du vom 13.11. bis 19.11. in deiner Kaufland-Filiale.,2025-11-13,2025-11-19,images_kaufland/kaufland_offer_220.jpg
MAGGI,Guten Appetit! Suppe,0.59,0.99,1 l = 0.59 - 0.79,-40%,je Beutel,Nein,Dieses Angebot findest du vom 13.11. bis 19.11. in deiner Kaufland-Filiale.,2025-11-13,2025-11-19,images_kaufland/kaufland_offer_221.jpg
MAGGI,Brühe,1.59,1.99,1 kg = 11.12 - 14.33,-20%,je 111 - 143-g-Glas,Nein,Dieses Angebot findest du vom 13.11. bis 19.11. in deiner Kaufland-Filiale.,2025-11-13,2025-11-19,images_kaufland/kaufland_offer_222.jpg
MAGGI,Soße,0.79,,1 l = 1.58,nur,je Doppelpack,Nein,Dieses Angebot findest du vom 13.11. bis 19.11. in deiner Kaufland-Filiale.,2025-11-13,2025-11-19,images_kaufland/kaufland_offer_223.jpg
MAGGI,"Fix, Airfryer oder Würzpaste",0.49,,1 kg = 5.77 - 18.85,nur,je 26 - 85-g-Beutel,Nein,Dieses Angebot findest du vom 13.11. bis 19.11. in deiner Kaufland-Filiale.,2025-11-13,2025-11-19,images_kaufland/kaufland_offer_224.jpg
BARILLA,Pasta-Sauce,1.69,,1 kg = 4.23,nur,je 400-g-Glas,Nein,Dieses Angebot findest du vom 13.11. bis 19.11. in deiner Kaufland-Filiale.,2025-11-13,2025-11-19,images_kaufland/kaufland_offer_225.jpg
K-BIO,Bio-Blütenhonig,2.99,3.85,1 kg = 5.98,-22%,je 500-g-Glas,Nein,Dieses Angebot findest du vom 13.11. bis 19.11. in deiner Kaufland-Filiale.,2025-11-13,2025-11-19,images_kaufland/kaufland_offer_230.jpg
NUTELLA,Nuss-Nugat-Creme,"4.88
*",,,nur,je 1-kg-Glas,Nein,Dieses Angebot findest du vom 13.11. bis 19.11. in deiner Kaufland-Filiale.,2025-11-13,2025-11-19,images_kaufland/kaufland_offer_231.jpg
K-CLASSIC,Erdnusscreme American Style,1.59,1.89,1 kg = 4.55,-15%,je 350-g-Glas,Nein,Dieses Angebot findest du vom 13.11. bis 19.11. in deiner Kaufland-Filiale.,2025-11-13,2025-11-19,images_kaufland/kaufland_offer_232.jpg
MILKY WAY/MARS/SNICKERS/,TWIX/BOUNTY Brotaufstrich,3.49,4.99,1 kg = 9.98,-30%,je 350-g-Glas,Nein,Dieses Angebot findest du vom 13.11. bis 19.11. in deiner Kaufland-Filiale.,2025-11-13,2025-11-19,images_kaufland/kaufland_offer_233.jpg
KELLOGG'S,Cerealien,2.49,,1 kg = 4.98 - 6.23,nur,je 400 - 500-g-Packg.,Nein,Dieses Angebot findest du vom 13.11. bis 19.11. in deiner Kaufland-Filiale.,2025-11-13,2025-11-19,images_kaufland/kaufland_offer_234.jpg
KÖLLN,Müsli,2.49,,1 kg = 4.15 - 6.23,nur,je 400 - 600-g-Packg.,Nein,Dieses Angebot findest du vom 13.11. bis 19.11. in deiner Kaufland-Filiale.,2025-11-13,2025-11-19,images_kaufland/kaufland_offer_235.jpg
SÜDZUCKER,Puder-Rübenzucker,0.39,0.49,1 kg = 1.56,-20%,je 250-g-Packg.,Nein,Dieses Angebot findest du vom 13.11. bis 19.11. in deiner Kaufland-Filiale.,2025-11-13,2025-11-19,images_kaufland/kaufland_offer_236.jpg
SÜDZUCKER,Feiner Rübenzucker,0.79,,,nur,je 1-kg-Packg.,Nein,Dieses Angebot findest du vom 13.11. bis 19.11. in deiner Kaufland-Filiale.,2025-11-13,2025-11-19,images_kaufland/kaufland_offer_237.jpg
MINUTO,Pfannkuchen- oder Pancake- Shaker,1.59,2.69,1 kg = 6.80 - 7.76,-40%,je 205 - 234-g-Fl.,Nein,Dieses Angebot findest du vom 13.11. bis 19.11. in deiner Kaufland-Filiale.,2025-11-13,2025-11-19,images_kaufland/kaufland_offer_238.jpg
DR. OETKER,"Bourbon-Vanillezucker, Vanillinzucker, Backin",0.99,,1 kg = 6.19 - 41.25,nur,je 24 - 160-g-Packg.,Nein,Dieses Angebot findest du vom 13.11. bis 19.11. in deiner Kaufland-Filiale.,2025-11-13,2025-11-19,images_kaufland/kaufland_offer_240.jpg
DR. OETKER,Zitronen- oder Orangenschale oder Bourbon-Vanille-Aroma,0.69,0.99,1 kg = 38.34 - 69.00,-30%,je 2 - 3 St. = 10 - 18-g-Packg.,Nein,Dieses Angebot findest du vom 13.11. bis 19.11. in deiner Kaufland-Filiale.,2025-11-13,2025-11-19,images_kaufland/kaufland_offer_241.jpg
DR. OETKER,Aromen,0.69,0.99,1 l = 86.25,-30%,je 4 St. = 8-ml-Packg.,Nein,Dieses Angebot findest du vom 13.11. bis 19.11. in deiner Kaufland-Filiale.,2025-11-13,2025-11-19,images_kaufland/kaufland_offer_242.jpg
DR. OETKER,Sahnesteif,0.69,0.99,1 kg = 17.25,-30%,je Packg.= 5 x 8-g-Btl.,Nein,Dieses Angebot findest du vom 13.11. bis 19.11. in deiner Kaufland-Filiale.,2025-11-13,2025-11-19,images_kaufland/kaufland_offer_243.jpg
RUF,Vanilleextrakt-Paste,3.99,5.49,1 kg = 51.82,-27%,je 77-g-Packg.,Nein,Dieses Angebot findest du vom 13.11. bis 19.11. in deiner Kaufland-Filiale.,2025-11-13,2025-11-19,images_kaufland/kaufland_offer_244.jpg
HOCH,Back-Oblaten,0.69,0.89,1 kg = 30.00,-22%,je 23-g-Packg.,Nein,Dieses Angebot findest du vom 13.11. bis 19.11. in deiner Kaufland-Filiale.,2025-11-13,2025-11-19,images_kaufland/kaufland_offer_245.jpg
OSTMANN,Backaromen,1.49,2.29,1 l = 74.50,-34%,je 20-ml-Fl.,Nein,Dieses Angebot findest du vom 13.11. bis 19.11. in deiner Kaufland-Filiale.,2025-11-13,2025-11-19,images_kaufland/kaufland_offer_246.jpg
K-CLASSIC,Haselnusskerne,2.22,3.79,1 kg = 11.10,-41%,je 200-g-Packg.,Nein,Dieses Angebot findest du vom 13.11. bis 19.11. in deiner Kaufland-Filiale.,2025-11-13,2025-11-19,images_kaufland/kaufland_offer_247.jpg
K-CLASSIC,Kokos geraspelt,1.11,1.45,1 kg = 5.55,-23%,je 200-g-Packg.,Nein,Dieses Angebot findest du vom 13.11. bis 19.11. in deiner Kaufland-Filiale.,2025-11-13,2025-11-19,images_kaufland/kaufland_offer_248.jpg
K-CLASSIC,Mandeln,1.89,2.29,1 kg = 9.45,-17%,je 200-g-Packg.,Nein,Dieses Angebot findest du vom 13.11. bis 19.11. in deiner Kaufland-Filiale.,2025-11-13,2025-11-19,images_kaufland/kaufland_offer_249.jpg
K-CLASSIC,Schoko-Chunks,1.49,1.89,1 kg = 14.90,-21%,je 100-g-Packg.,Nein,Dieses Angebot findest du vom 13.11. bis 19.11. in deiner Kaufland-Filiale.,2025-11-13,2025-11-19,images_kaufland/kaufland_offer_250.jpg
RUF,Haselnuss-Krokant,1.11,1.79,1 kg = 7.40,-37%,je 150-g-Packg.,Nein,Dieses Angebot findest du vom 13.11. bis 19.11. in deiner Kaufland-Filiale.,2025-11-13,2025-11-19,images_kaufland/kaufland_offer_251.jpg
DR. OETKER,Kuvertüre,2.49,4.99,1 kg = 16.60,-50%,je 150-g-Packg.,Nein,Dieses Angebot findest du vom 13.11. bis 19.11. in deiner Kaufland-Filiale.,2025-11-13,2025-11-19,images_kaufland/kaufland_offer_252.jpg
ZENTIS,Marzipanrohmasse,1.39,2.29,1 kg = 6.95,-39%,je 200-g-Packg.,Nein,Dieses Angebot findest du vom 13.11. bis 19.11. in deiner Kaufland-Filiale.,2025-11-13,2025-11-19,images_kaufland/kaufland_offer_253.jpg
DR. OETKER,Dekor Konfetti,1.99,2.99,1 kg = 15.31 - 19.90,-33%,je 100 - 130-g-Fl.,Nein,Dieses Angebot findest du vom 13.11. bis 19.11. in deiner Kaufland-Filiale.,2025-11-13,2025-11-19,images_kaufland/kaufland_offer_254.jpg
K-CLASSIC,Cranberries,1.39,,1 kg = 6.95,nur,je 200-g-Packg.,Nein,Dieses Angebot findest du vom 13.11. bis 19.11. in deiner Kaufland-Filiale.,2025-11-13,2025-11-19,images_kaufland/kaufland_offer_255.jpg
SEEBERGER,Walnusskerne,3.49,4.35,1 kg = 23.27,-19%,je 150-g-Beutel,Nein,Dieses Angebot findest du vom 13.11. bis 19.11. in deiner Kaufland-Filiale.,2025-11-13,2025-11-19,images_kaufland/kaufland_offer_256.jpg
MANNER,Waffel-Schnitten,2.49,,1 kg = 6.23 - 8.30,nur,je 300 - 400-g-Beutel,Nein,Dieses Angebot findest du vom 13.11. bis 19.11. in deiner Kaufland-Filiale.,2025-11-13,2025-11-19,images_kaufland/kaufland_offer_257.jpg
FRUITFUNK,Fruchtsnack »Paw Patrol« oder »Peppa Pig«,2.49,2.99,1 kg = 24.90,-16%,je 10 x 10-g-Beutel,Nein,Dieses Angebot findest du vom 13.11. bis 19.11. in deiner Kaufland-Filiale.,2025-11-13,2025-11-19,images_kaufland/kaufland_offer_258.jpg
JACOBS Krönung oder CAFÉ HAG,Kaffee,6.49,9.29,1 kg = 12.98,-30%,je 500-g-Packg.,Nein,Dieses Angebot findest du vom 13.11. bis 19.11. in deiner Kaufland-Filiale.,2025-11-13,2025-11-19,images_kaufland/kaufland_offer_267.jpg
BAD HEILBRUNNER,Bio-Arzneitee,1.99,,1 kg = 66.34 - 82.92,nur,je 12 Btl. = 24 - 30-g-Packg.,Nein,Dieses Angebot findest du vom 13.11. bis 19.11. in deiner Kaufland-Filiale.,2025-11-13,2025-11-19,images_kaufland/kaufland_offer_268.jpg
LAY'S,Chips,0.99,1.99,1 kg = 6.60 - 9.00,-50%,je 110 - 150-g-Packg.,Nein,Dieses Angebot findest du vom 13.11. bis 19.11. in deiner Kaufland-Filiale.,2025-11-13,2025-11-19,images_kaufland/kaufland_offer_269.jpg
CHIO,Popcorn,0.99,1.99,1 kg = 8.25,-50%,je 120-g-Beutel,Nein,Dieses Angebot findest du vom 13.11. bis 19.11. in deiner Kaufland-Filiale.,2025-11-13,2025-11-19,images_kaufland/kaufland_offer_270.jpg
ELEPHANT,Knabbergebäck,1.59,,1 kg = 8.84 - 12.72,nur,je 125 - 180-g-Beutel,Nein,Dieses Angebot findest du vom 13.11. bis 19.11. in deiner Kaufland-Filiale.,2025-11-13,2025-11-19,images_kaufland/kaufland_offer_271.jpg
RITZ,Crackers,1.11,1.79,1 kg = 5.55,-37%,je 200-g-Packg.,Nein,Dieses Angebot findest du vom 13.11. bis 19.11. in deiner Kaufland-Filiale.,2025-11-13,2025-11-19,images_kaufland/kaufland_offer_272.jpg
LINDT,Lindor Kugeln,6.99,,1 kg = 51.03 - 51.40,nur,je 136 - 137-g-Packg.,Nein,Dieses Angebot findest du vom 13.11. bis 19.11. in deiner Kaufland-Filiale.,2025-11-13,2025-11-19,images_kaufland/kaufland_offer_274.jpg
TRUMPF,Edle Tropfen in Nuss,2.99,,1 kg = 11.96,nur,je 250-g-Packg.,Nein,Dieses Angebot findest du vom 13.11. bis 19.11. in deiner Kaufland-Filiale.,2025-11-13,2025-11-19,images_kaufland/kaufland_offer_276.jpg
KINDER,Riegel,3.79,,1 kg = 10.03,nur,je 18 St. = 378-g-Packg.,Nein,Dieses Angebot findest du vom 13.11. bis 19.11. in deiner Kaufland-Filiale.,2025-11-13,2025-11-19,images_kaufland/kaufland_offer_277.jpg
K-WINTER EDITION,Gewürz-Spekulatius,1.39,,1 kg = 2.32,nur,je 600-g-Packg.,Nein,Dieses Angebot findest du vom 13.11. bis 19.11. in deiner Kaufland-Filiale.,2025-11-13,2025-11-19,images_kaufland/kaufland_offer_279.jpg
PECHKEKS,Grausige Weihnachten Anti-Adventskalender,14.99,22.99,1 kg = 104.10,-34%,je 144-g-Packg.,Nein,Dieses Angebot findest du vom 13.11. bis 19.11. in deiner Kaufland-Filiale.,2025-11-13,2025-11-19,images_kaufland/kaufland_offer_280.jpg
K-WINTER EDIION,Fondant-Baumbehang,1.29,1.69,1 kg = 5.74,-23%,je 225-g-Packg.,Nein,Dieses Angebot findest du vom 13.11. bis 19.11. in deiner Kaufland-Filiale.,2025-11-13,2025-11-19,images_kaufland/kaufland_offer_281.jpg
K-WINTER EDIION,Fondant-Baumbehang mit Schokolade,1.29,1.69,1 kg = 5.74,-23%,je 225-g-Packg.,Nein,Dieses Angebot findest du vom 13.11. bis 19.11. in deiner Kaufland-Filiale.,2025-11-13,2025-11-19,images_kaufland/kaufland_offer_282.jpg
LINDT,Vollmilchschokoladen-Figur,1.99,2.69,1 kg = 49.75,-26%,je 40-g-Stück,Nein,Dieses Angebot findest du vom 13.11. bis 19.11. in deiner Kaufland-Filiale.,2025-11-13,2025-11-19,images_kaufland/kaufland_offer_283.jpg
LINDT,Weihnachts-Schokolade,2.99,4.49,1 kg = 29.90,-33%,je 100-g-Tafel,Nein,Dieses Angebot findest du vom 13.11. bis 19.11. in deiner Kaufland-Filiale.,2025-11-13,2025-11-19,images_kaufland/kaufland_offer_284.jpg
KINKARTZ,Schokoladen-Printen,2.49,3.49,1 kg = 12.45,-28%,je 200-g-Packg.,Nein,Dieses Angebot findest du vom 13.11. bis 19.11. in deiner Kaufland-Filiale.,2025-11-13,2025-11-19,images_kaufland/kaufland_offer_285.jpg
LAMBERTZ,Gefüllte Lebkuchenherzen,2.49,,1 kg = 16.60,nur,je 150-g-Packg.,Nein,Dieses Angebot findest du vom 13.11. bis 19.11. in deiner Kaufland-Filiale.,2025-11-13,2025-11-19,images_kaufland/kaufland_offer_286.jpg
WICKLEIN,Gefüllte Bio-Lebkuchenherzen,4.44,5.99,1 kg = 18.50,-25%,je 240-g-Packg.,Nein,Dieses Angebot findest du vom 13.11. bis 19.11. in deiner Kaufland-Filiale.,2025-11-13,2025-11-19,images_kaufland/kaufland_offer_287.jpg
WICKLEIN,Nürnberger Bio-Oblaten- Lebkuchen,4.44,5.99,1 kg = 22.20,-25%,je 200-g-Packg.,Nein,Dieses Angebot findest du vom 13.11. bis 19.11. in deiner Kaufland-Filiale.,2025-11-13,2025-11-19,images_kaufland/kaufland_offer_288.jpg
DUPLO,Weihnachtsmann,2.29,2.99,1 kg = 30.54,-23%,je 75-g-Stück,Nein,Dieses Angebot findest du vom 13.11. bis 19.11. in deiner Kaufland-Filiale.,2025-11-13,2025-11-19,images_kaufland/kaufland_offer_289.jpg
YOGURETTE,Eisbär,2.29,2.99,1 kg = 30.54,-23%,je 75-g-Stück,Nein,Dieses Angebot findest du vom 13.11. bis 19.11. in deiner Kaufland-Filiale.,2025-11-13,2025-11-19,images_kaufland/kaufland_offer_290.jpg
LINDT,Weihnachtsnüsse,3.99,,1 kg = 39.90,nur,je 100-g-Packg.,Nein,Dieses Angebot findest du vom 13.11. bis 19.11. in deiner Kaufland-Filiale.,2025-11-13,2025-11-19,images_kaufland/kaufland_offer_291.jpg
DUPLO,Knusperlen,2.49,2.79,1 kg = 25.54,-10%,"je 97,5-g-Packg.",Nein,Dieses Angebot findest du vom 13.11. bis 19.11. in deiner Kaufland-Filiale.,2025-11-13,2025-11-19,images_kaufland/kaufland_offer_292.jpg
WEISS,Weiche Lebkuchen,2.79,,1 kg = 5.58,nur,je 500-g-Packg.,Nein,Dieses Angebot findest du vom 13.11. bis 19.11. in deiner Kaufland-Filiale.,2025-11-13,2025-11-19,images_kaufland/kaufland_offer_293.jpg
K-WINTER EDIION,Aachener Dominosteine,2.79,,1 kg = 11.16,nur,je 250-g-Packg.,Nein,Dieses Angebot findest du vom 13.11. bis 19.11. in deiner Kaufland-Filiale.,2025-11-13,2025-11-19,images_kaufland/kaufland_offer_294.jpg
HARIBO,Fruchtgummis oder Lakritze,0.77,,1 kg = 4.40 - 5.14,nur,je 150 - 175-g-Packg.,Nein,Dieses Angebot findest du vom 13.11. bis 19.11. in deiner Kaufland-Filiale.,2025-11-13,2025-11-19,images_kaufland/kaufland_offer_295.jpg
JELLY BELLY,Jelly Beans,"1.49
*",,1 kg = 21.29,nur,,Nein,Dieses Angebot findest du vom 13.11. bis 19.11. in deiner Kaufland-Filiale.,2025-11-13,2025-11-19,images_kaufland/kaufland_offer_296.jpg
LEIBNIZ,Kekse,1.49,,1 kg = 6.48 - 7.85,nur,je 190 - 230-g-Packg.,Nein,Dieses Angebot findest du vom 13.11. bis 19.11. in deiner Kaufland-Filiale.,2025-11-13,2025-11-19,images_kaufland/kaufland_offer_297.jpg
OREO,Doppelkekse,1.39,1.99,1 kg = 7.90 - 8.18,-30%,je 170 - 176-g-Packg.,Nein,Dieses Angebot findest du vom 13.11. bis 19.11. in deiner Kaufland-Filiale.,2025-11-13,2025-11-19,images_kaufland/kaufland_offer_298.jpg
NUTELLA,Biscuits,2.49,,1 kg = 8.20,nur,je 304-g-Packg.,Nein,Dieses Angebot findest du vom 13.11. bis 19.11. in deiner Kaufland-Filiale.,2025-11-13,2025-11-19,images_kaufland/kaufland_offer_299.jpg
,,2.49,2.99,1 kg = 15.57 - 16.60,-16%,,Nein,Dieses Angebot findest du vom 13.11. bis 19.11. in deiner Kaufland-Filiale.,2025-11-13,2025-11-19,images_kaufland/kaufland_offer_301.jpg
LIVEFRESH,Wellness-Shot,1.49,2.29,1 l = 24.84,-34%,je 60-ml-Fl.,Nein,Dieses Angebot findest du vom 13.11. bis 19.11. in deiner Kaufland-Filiale.,2025-11-13,2025-11-19,images_kaufland/kaufland_offer_303.jpg
DR. PEPPER,Erfrischungsgetränk,0.79,,1 l = 2.40,nur,"je 0,33-l-Dose",Nein,Dieses Angebot findest du vom 13.11. bis 19.11. in deiner Kaufland-Filiale.,2025-11-13,2025-11-19,images_kaufland/kaufland_offer_304.jpg
FRANKEN BRUNNEN,Mineralwasser,4.99,7.49,1 l = 0.42,-33%,je Ka. 12 x 1-l-PET-Fl.,Nein,Dieses Angebot findest du vom 13.11. bis 19.11. in deiner Kaufland-Filiale.,2025-11-13,2025-11-19,images_kaufland/kaufland_offer_306.jpg
FRANKEN BRUNNEN,Apfelschorle,6.99,9.99,1 l = 0.78,-30%,"je Ka. 12 x 0,75-l-PET-Fl.",Nein,Dieses Angebot findest du vom 13.11. bis 19.11. in deiner Kaufland-Filiale.,2025-11-13,2025-11-19,images_kaufland/kaufland_offer_307.jpg
DIETZ,Immun Plus oder Konzentration Plus,"2.49
*",,1 l = 3.32,nur,"je 0,75-l-Fl.",Nein,Dieses Angebot findest du vom 13.11. bis 19.11. in deiner Kaufland-Filiale.,2025-11-13,2025-11-19,images_kaufland/kaufland_offer_308.jpg
AMECKE,Plus,1.99,,,nur,je 1-l-Packg.,Nein,Dieses Angebot findest du vom 13.11. bis 19.11. in deiner Kaufland-Filiale.,2025-11-13,2025-11-19,images_kaufland/kaufland_offer_309.jpg
DOHRN & TIMM,Pikanter Gemüsesaft,0.99,1.39,1 l = 1.98,-28%,"je 0,5-l-Packg.",Nein,Dieses Angebot findest du vom 13.11. bis 19.11. in deiner Kaufland-Filiale.,2025-11-13,2025-11-19,images_kaufland/kaufland_offer_310.jpg
JUIZY WOW,Getränkesirup,2.99,3.99,1 l = 46.00,-25%,je 65-ml-Fl.,Nein,Dieses Angebot findest du vom 13.11. bis 19.11. in deiner Kaufland-Filiale.,2025-11-13,2025-11-19,images_kaufland/kaufland_offer_311.jpg
TANQUERAY,London Dry Gin,14.99,,1 l = 21.42,nur,"je 0,7-l-Fl.",Nein,Dieses Angebot findest du vom 13.11. bis 19.11. in deiner Kaufland-Filiale.,2025-11-13,2025-11-19,images_kaufland/kaufland_offer_312.jpg
LILLET,Aperitif-Drink,6.99,8.79,1 l = 11.65,-20%,"je 3 x 0,2-l-Fl.",Nein,Dieses Angebot findest du vom 13.11. bis 19.11. in deiner Kaufland-Filiale.,2025-11-13,2025-11-19,images_kaufland/kaufland_offer_313.jpg
TRES PAÍSES,Premium-Rum,19.99,,1 l = 28.56,nur,"je 0,7-l-Fl.",Nein,Dieses Angebot findest du vom 13.11. bis 19.11. in deiner Kaufland-Filiale.,2025-11-13,2025-11-19,images_kaufland/kaufland_offer_314.jpg
JACK DANIEL'S,Gentleman Jack Whiskey Double Mellowed Tennessee,19.99,26.99,1 l = 28.56,-25%,"je 0,7-l-Fl.",Nein,Dieses Angebot findest du vom 13.11. bis 19.11. in deiner Kaufland-Filiale.,2025-11-13,2025-11-19,images_kaufland/kaufland_offer_316.jpg
FIREBALL,Liqueur,"9.99
*",,1 l = 14.28,nur,"je 0,7-l-Fl.",Nein,Dieses Angebot findest du vom 13.11. bis 19.11. in deiner Kaufland-Filiale.,2025-11-13,2025-11-19,images_kaufland/kaufland_offer_317.jpg
MEDOFF,Vodka Classic,6.49,7.99,1 l = 12.98,-18%,"je 0,5-l-Fl.",Nein,Dieses Angebot findest du vom 13.11. bis 19.11. in deiner Kaufland-Filiale.,2025-11-13,2025-11-19,images_kaufland/kaufland_offer_318.jpg
DOPPIO PASSO,"Primitivo IGT, Grillo DOC oder Alkoholfrei",4.99,,1 l = 6.66,nur,"je 0,75-l-Fl.",Nein,Dieses Angebot findest du vom 13.11. bis 19.11. in deiner Kaufland-Filiale.,2025-11-13,2025-11-19,images_kaufland/kaufland_offer_319.jpg
LAUFFENER WEINGÄRTNER,Katzenbeißer Schwarzriesling,4.49,5.49,,-18%,je 1-l-Fl.,Nein,Dieses Angebot findest du vom 13.11. bis 19.11. in deiner Kaufland-Filiale.,2025-11-13,2025-11-19,images_kaufland/kaufland_offer_320.jpg
GALLO FAMILY,"Cabernet Sauvignon, Rosé, Zinfandel oder Chardonnay",3.99,5.99,1 l = 5.32,-33%,"je 0,75-l-Fl.",Nein,Dieses Angebot findest du vom 13.11. bis 19.11. in deiner Kaufland-Filiale.,2025-11-13,2025-11-19,images_kaufland/kaufland_offer_321.jpg
LAMBERTI,"Pinot Grigio, Bardolino oder Chiaretto di Bardolino",3.99,4.99,1 l = 5.32,-20%,"je 0,75-l-Fl.",Nein,Dieses Angebot findest du vom 13.11. bis 19.11. in deiner Kaufland-Filiale.,2025-11-13,2025-11-19,images_kaufland/kaufland_offer_322.jpg
WINZER SOMMERACH,Qualitätswein,5.99,7.49,,-20%,je 1-l-Fl.,Nein,Dieses Angebot findest du vom 13.11. bis 19.11. in deiner Kaufland-Filiale.,2025-11-13,2025-11-19,images_kaufland/kaufland_offer_323.jpg
GWF,Die jungen Frank'n Qualitätswein,3.99,,1 l = 5.32,nur,"je 0,75-l-Fl.",Nein,Dieses Angebot findest du vom 13.11. bis 19.11. in deiner Kaufland-Filiale.,2025-11-13,2025-11-19,images_kaufland/kaufland_offer_325.jpg
MM EXTRA,MMchen Piccolo-Sekt trocken,0.99,,1 l = 4.95,nur,"je 0,2-l-Fl.",Nein,Dieses Angebot findest du vom 13.11. bis 19.11. in deiner Kaufland-Filiale.,2025-11-13,2025-11-19,images_kaufland/kaufland_offer_326.jpg
JULES MUMM,Sekt,3.69,5.49,1 l = 4.92,-32%,"je 0,75-l-Fl.",Nein,Dieses Angebot findest du vom 13.11. bis 19.11. in deiner Kaufland-Filiale.,2025-11-13,2025-11-19,images_kaufland/kaufland_offer_327.jpg
GERSTACKER,Christkindles-Markt-Glühwein,2.99,,,nur,je 1-l-Fl.,Nein,Dieses Angebot findest du vom 13.11. bis 19.11. in deiner Kaufland-Filiale.,2025-11-13,2025-11-19,images_kaufland/kaufland_offer_329.jpg
REBENBLICK,Glühwein,1.59,,,nur,je 1-l-Fl.,Nein,Dieses Angebot findest du vom 13.11. bis 19.11. in deiner Kaufland-Filiale.,2025-11-13,2025-11-19,images_kaufland/kaufland_offer_331.jpg
KATLENBURGER,Glüh-Apéro,2.79,3.49,1 l = 3.72,-20%,"je 0,75-l-Fl.",Nein,Dieses Angebot findest du vom 13.11. bis 19.11. in deiner Kaufland-Filiale.,2025-11-13,2025-11-19,images_kaufland/kaufland_offer_332.jpg
GERSTACKER,Christkindles Kinder-Punsch,1.99,2.79,,-28%,je 1-l-Fl.,Nein,Dieses Angebot findest du vom 13.11. bis 19.11. in deiner Kaufland-Filiale.,2025-11-13,2025-11-19,images_kaufland/kaufland_offer_333.jpg
GERSTACKER,Heidelbeer-Glühwein,3.49,4.49,,-22%,je 1-l-Fl.,Nein,Dieses Angebot findest du vom 13.11. bis 19.11. in deiner Kaufland-Filiale.,2025-11-13,2025-11-19,images_kaufland/kaufland_offer_334.jpg
WEICO,Kinderpunsch,1.69,1.99,,-15%,je 1-l-Fl.,Nein,Dieses Angebot findest du vom 13.11. bis 19.11. in deiner Kaufland-Filiale.,2025-11-13,2025-11-19,images_kaufland/kaufland_offer_335.jpg
KATLENBURGER,Wichtelpunsch,2.99,3.99,,-25%,je 1-l-Fl.,Nein,Dieses Angebot findest du vom 13.11. bis 19.11. in deiner Kaufland-Filiale.,2025-11-13,2025-11-19,images_kaufland/kaufland_offer_336.jpg
GERSTACKER,Bratapfelpunsch,2.99,3.79,,-21%,je 1-l-Fl.,Nein,Dieses Angebot findest du vom 13.11. bis 19.11. in deiner Kaufland-Filiale.,2025-11-13,2025-11-19,images_kaufland/kaufland_offer_338.jpg
RADEBERGER,Pilsner oder Alkoholfrei,9.99,,1 l = 1.00,nur,"je Ka. 20 x 0,5-l-Fl.",Nein,Dieses Angebot findest du vom 13.11. bis 19.11. in deiner Kaufland-Filiale.,2025-11-13,2025-11-19,images_kaufland/kaufland_offer_339.jpg
BENEDIKTINER,Hell,14.99,19.99,1 l = 1.50,-25%,"je Ka. 20 x 0,5-l-Fl.",Nein,Dieses Angebot findest du vom 13.11. bis 19.11. in deiner Kaufland-Filiale.,2025-11-13,2025-11-19,images_kaufland/kaufland_offer_340.jpg
ESTRELLA GALICIA,Especial,"6.49
*",,1 l = 3.28,nur,"je Packg. 6 x 0,33-l-Fl.",Nein,Dieses Angebot findest du vom 13.11. bis 19.11. in deiner Kaufland-Filiale.,2025-11-13,2025-11-19,images_kaufland/kaufland_offer_341.jpg
HOLSTEN,Pilsener,9.99,,1 l = 1.00,nur,"je Ka. 20 x 0,5-l-Fl.",Nein,Dieses Angebot findest du vom 13.11. bis 19.11. in deiner Kaufland-Filiale.,2025-11-13,2025-11-19,images_kaufland/kaufland_offer_343.jpg
KULMBACHER,Edelherb,10.99,14.79,1 l = 1.10,-25%,"je Ka. 20 x 0,5-l-Fl.",Nein,Dieses Angebot findest du vom 13.11. bis 19.11. in deiner Kaufland-Filiale.,2025-11-13,2025-11-19,images_kaufland/kaufland_offer_344.jpg
MONSTER,Energy Drink,0.88,1.49,1 l = 1.76,-40%,"je 0,5-l-Dose",Nein,Dieses Angebot findest du vom 13.11. bis 19.11. in deiner Kaufland-Filiale.,2025-11-13,2025-11-19,images_kaufland/kaufland_offer_348.jpg
POWERADE,"Erfrischungsgetränk, isotonisch",0.99,1.49,1 l = 1.98,-33%,"je 0,5-l-PET-Fl.",Nein,Dieses Angebot findest du vom 13.11. bis 19.11. in deiner Kaufland-Filiale.,2025-11-13,2025-11-19,images_kaufland/kaufland_offer_349.jpg
ARIZONA,Teegetränk,1.39,,1 l = 0.93,nur,"je 1,5-l-PET-Fl.",Nein,Dieses Angebot findest du vom 13.11. bis 19.11. in deiner Kaufland-Filiale.,2025-11-13,2025-11-19,images_kaufland/kaufland_offer_350.jpg
LENOR,Voll- oder Colorwaschmittel,"17.99
*",,pro Anwendung = 0.18 - 0.24,nur,je,Nein,Dieses Angebot findest du vom 13.11. bis 19.11. in deiner Kaufland-Filiale.,2025-11-13,2025-11-19,images_kaufland/kaufland_offer_351.jpg
DASH,2in1 Voll- oder Colorwaschmittel,"6.99
*",,pro Anwendung = 0.14,nur,je,Nein,Dieses Angebot findest du vom 13.11. bis 19.11. in deiner Kaufland-Filiale.,2025-11-13,2025-11-19,images_kaufland/kaufland_offer_352.jpg
LENOR,Unstoppables Wäscheparfüm,7.99,9.99,1 kg = 16.15,-20%,je 495-g-Packg.,Nein,Dieses Angebot findest du vom 13.11. bis 19.11. in deiner Kaufland-Filiale.,2025-11-13,2025-11-19,images_kaufland/kaufland_offer_353.jpg
KUSCHELWEICH,Weichspüler Luxury Moments oder Oriental,"1.79
*",,pro Anwendung = 0.05,nur,je 1-l-Fl.,Nein,Dieses Angebot findest du vom 13.11. bis 19.11. in deiner Kaufland-Filiale.,2025-11-13,2025-11-19,images_kaufland/kaufland_offer_354.jpg
HAKLE,Toilettenpapier,2.99,3.75,,-20%,je Packg. = 8 x 150 Blatt,Nein,Dieses Angebot findest du vom 13.11. bis 19.11. in deiner Kaufland-Filiale.,2025-11-13,2025-11-19,images_kaufland/kaufland_offer_355.jpg
K-CLASSIC,Taschentücher Super-Soft,"3.29
*",,,nur,je 42 x 10-St.-Packg.,Nein,Dieses Angebot findest du vom 13.11. bis 19.11. in deiner Kaufland-Filiale.,2025-11-13,2025-11-19,images_kaufland/kaufland_offer_356.jpg
K-CLASSIC,Backpapier-Zuschnitte,0.79,0.95,,-16%,je 30-Blatt-Packg.,Nein,Dieses Angebot findest du vom 13.11. bis 19.11. in deiner Kaufland-Filiale.,2025-11-13,2025-11-19,images_kaufland/kaufland_offer_357.jpg
ALWAYS,Damenbinden,6.49,7.99,,-18%,je 32 - 64-St.-Packg.,Nein,Dieses Angebot findest du vom 13.11. bis 19.11. in deiner Kaufland-Filiale.,2025-11-13,2025-11-19,images_kaufland/kaufland_offer_358.jpg
BIFF,Badreiniger,1.99,,1 l = 2.66,nur,je 750-ml-Fl.,Nein,Dieses Angebot findest du vom 13.11. bis 19.11. in deiner Kaufland-Filiale.,2025-11-13,2025-11-19,images_kaufland/kaufland_offer_359.jpg
WC-FRISCH,Duftspüler,1.89,,1 kg = 37.80 - 45.00,nur,je 42 - 50-g-Packg.,Nein,Dieses Angebot findest du vom 13.11. bis 19.11. in deiner Kaufland-Filiale.,2025-11-13,2025-11-19,images_kaufland/kaufland_offer_360.jpg
NESTLÉ,Beba Junior 1+ oder 2+,11.99,15.95,1 kg = 14.99,-24%,je 800-g-Dose,Nein,Dieses Angebot findest du vom 13.11. bis 19.11. in deiner Kaufland-Filiale.,2025-11-13,2025-11-19,images_kaufland/kaufland_offer_361.jpg
KUNIBOO®,Windeln,4.44,,pro Stück = 0.10 - 0.14,nur,je 32 - 46-St.-Packg.,Nein,Dieses Angebot findest du vom 13.11. bis 19.11. in deiner Kaufland-Filiale.,2025-11-13,2025-11-19,images_kaufland/kaufland_offer_362.jpg
SCHWARZKOPF,Gliss Express-Repair-Spülung,3.99,4.95,1 l = 19.95,-19%,je 200-ml-Fl.,Nein,Dieses Angebot findest du vom 13.11. bis 19.11. in deiner Kaufland-Filiale.,2025-11-13,2025-11-19,images_kaufland/kaufland_offer_363.jpg
SYOSS,Permanente Coloration oder Aufheller,4.99,5.75,,-13%,je Packg.,Nein,Dieses Angebot findest du vom 13.11. bis 19.11. in deiner Kaufland-Filiale.,2025-11-13,2025-11-19,images_kaufland/kaufland_offer_364.jpg
NIVEA,Nachtpflege Q10-Plus,11.95,23.90,1 l = 119.60,,je 50-ml-Tiegel,Nein,Dieses Angebot findest du vom 13.11. bis 19.11. in deiner Kaufland-Filiale.,2025-11-13,2025-11-19,images_kaufland/kaufland_offer_365.jpg
NIVEA,Tagespflege-Creme Q10,11.95,23.90,1 l = 119.60,,je 50-ml-Tiegel,Nein,Dieses Angebot findest du vom 13.11. bis 19.11. in deiner Kaufland-Filiale.,2025-11-13,2025-11-19,images_kaufland/kaufland_offer_366.jpg
BEBE,Reinigungstücher,1.79,2.25,pro Stück = 0.08,-20%,je 25-St.-Packg.,Nein,Dieses Angebot findest du vom 13.11. bis 19.11. in deiner Kaufland-Filiale.,2025-11-13,2025-11-19,images_kaufland/kaufland_offer_367.jpg
ODOL-MED3,Zahncreme XXL,1.39,,1 l = 11.12,nur,je 125-ml-Tube,Nein,Dieses Angebot findest du vom 13.11. bis 19.11. in deiner Kaufland-Filiale.,2025-11-13,2025-11-19,images_kaufland/kaufland_offer_368.jpg
ADIDAS,Men Duschgel,1.99,2.35,1 l = 7.96,-15%,je 250-ml-Fl.,Nein,Dieses Angebot findest du vom 13.11. bis 19.11. in deiner Kaufland-Filiale.,2025-11-13,2025-11-19,images_kaufland/kaufland_offer_369.jpg
NIVEA,"Body Milk, Soft Milk oder Body Lotion",3.49,4.25,1 l = 8.73,-17%,je 400-ml-Fl.,Nein,Dieses Angebot findest du vom 13.11. bis 19.11. in deiner Kaufland-Filiale.,2025-11-13,2025-11-19,images_kaufland/kaufland_offer_370.jpg
REXONA,Deo-Spray oder -Roll-On,1.99,2.55,1 l = 13.27 - 39.80,-21%,je 50-ml-Stück oder 150-ml-Dose,Nein,Dieses Angebot findest du vom 13.11. bis 19.11. in deiner Kaufland-Filiale.,2025-11-13,2025-11-19,images_kaufland/kaufland_offer_371.jpg
FA,Duschgel,0.99,1.75,1 l = 3.96,-43%,je 250-ml-Fl.,Nein,Dieses Angebot findest du vom 13.11. bis 19.11. in deiner Kaufland-Filiale.,2025-11-13,2025-11-19,images_kaufland/kaufland_offer_372.jpg
DREAMIES oder WHISKAS,Katzensnack,2.79,3.65,1 kg = 15.50 - 23.25,-23%,je 120 - 180-g-Packg.,Nein,Dieses Angebot findest du vom 13.11. bis 19.11. in deiner Kaufland-Filiale.,2025-11-13,2025-11-19,images_kaufland/kaufland_offer_374.jpg
JAKKS,Disney-Puppe Princess» oder «Frozen»,14.99,UVP19.99,,-25%,je,Nein,Dieses Angebot findest du vom 13.11. bis 19.11. in deiner Kaufland-Filiale.,2025-11-13,2025-11-19,images_kaufland/kaufland_offer_375.jpg
TORNADO,LED-Smart-TV »32ES4301X«,99.99,UVP179.00,,-44%,je,Nein,Dieses Angebot findest du vom 13.11. bis 19.11. in deiner Kaufland-Filiale.,2025-11-13,2025-11-19,images_kaufland/kaufland_offer_376.jpg
KOSMOS,»Flummi-Planeten« Mitbringexperiment,6.99,UVP11.99,,-41%,je,Nein,Dieses Angebot findest du vom 13.11. bis 19.11. in deiner Kaufland-Filiale.,2025-11-13,2025-11-19,images_kaufland/kaufland_offer_377.jpg
EDDING,Permanentspray »Moosgrün«,5.99,UVP10.39,1 l = 29.95,-42%,je 200-ml-Dose,Nein,Dieses Angebot findest du vom 13.11. bis 19.11. in deiner Kaufland-Filiale.,2025-11-13,2025-11-19,images_kaufland/kaufland_offer_378.jpg
KOSMOS,»Elektro-Alarm« Mitbringexperiment,6.99,UVP10.99,,-36%,je,Nein,Dieses Angebot findest du vom 13.11. bis 19.11. in deiner Kaufland-Filiale.,2025-11-13,2025-11-19,images_kaufland/kaufland_offer_379.jpg
LEGO CREATOR,»Exotischer Papagei« 3-in-1-Spielset 31136,19.99,UVP24.99,,-20%,je 253-teilig,Nein,Dieses Angebot findest du vom 13.11. bis 19.11. in deiner Kaufland-Filiale.,2025-11-13,2025-11-19,images_kaufland/kaufland_offer_380.jpg
BAYER,Puppen-Wagen,19.99,UVP39.95,,-49%,je,Nein,Dieses Angebot findest du vom 13.11. bis 19.11. in deiner Kaufland-Filiale.,2025-11-13,2025-11-19,images_kaufland/kaufland_offer_381.jpg
BOSCH,2-in-1-Akkustaubsauger »BCHF2BST«,89.99,UVP194.99,,-53%,je,Nein,Dieses Angebot findest du vom 13.11. bis 19.11. in deiner Kaufland-Filiale.,2025-11-13,2025-11-19,images_kaufland/kaufland_offer_382.jpg
MATTEL,Barbie-Puppe »80th Anniversairy«,3.99,UVP14.99,,-73%,je,Nein,Dieses Angebot findest du vom 13.11. bis 19.11. in deiner Kaufland-Filiale.,2025-11-13,2025-11-19,images_kaufland/kaufland_offer_384.jpg
EDDING,Lackmarker silber,2.49,UVP5.19,,-52%,je,Nein,Dieses Angebot findest du vom 13.11. bis 19.11. in deiner Kaufland-Filiale.,2025-11-13,2025-11-19,images_kaufland/kaufland_offer_385.jpg
ZURU,Rainbocorns »Kittycorn«,9.99,UVP14.99,,-33%,je,Nein,Dieses Angebot findest du vom 13.11. bis 19.11. in deiner Kaufland-Filiale.,2025-11-13,2025-11-19,images_kaufland/kaufland_offer_386.jpg
LEGO CREATOR,»Tieflader mit Hubschrauber« 3-in-1-Spielset 31146,12.99,UVP19.99,,-35%,je 270-teilig,Nein,Dieses Angebot findest du vom 13.11. bis 19.11. in deiner Kaufland-Filiale.,2025-11-13,2025-11-19,images_kaufland/kaufland_offer_387.jpg
ELLESSE,Beanie,9.99,UVP18.00,,-44%,je,Nein,Dieses Angebot findest du vom 13.11. bis 19.11. in deiner Kaufland-Filiale.,2025-11-13,2025-11-19,images_kaufland/kaufland_offer_388.jpg
PHILIPS,Dampfbügelstation »HI5920/20«,49.99,UVP249.99,,-80%,je,Nein,Dieses Angebot findest du vom 13.11. bis 19.11. in deiner Kaufland-Filiale.,2025-11-13,2025-11-19,images_kaufland/kaufland_offer_389.jpg
MATTEL,Haustier-Schlüsselanhänger »Monster High«,3.99,UVP8.99,,-55%,je,Nein,Dieses Angebot findest du vom 13.11. bis 19.11. in deiner Kaufland-Filiale.,2025-11-13,2025-11-19,images_kaufland/kaufland_offer_390.jpg
DICKIE,Einsatzfahrzeug,4.99,UVP9.99,,-50%,je,Nein,Dieses Angebot findest du vom 13.11. bis 19.11. in deiner Kaufland-Filiale.,2025-11-13,2025-11-19,images_kaufland/kaufland_offer_391.jpg
EDDING,Pinselstifte-Set »XMAS«,4.99,,,nur,je 4-teilig,Nein,Dieses Angebot findest du vom 13.11. bis 19.11. in deiner Kaufland-Filiale.,2025-11-13,2025-11-19,images_kaufland/kaufland_offer_392.jpg
EDDING,Lackmarker weiß,2.49,UVP5.19,,-52%,je,Nein,Dieses Angebot findest du vom 13.11. bis 19.11. in deiner Kaufland-Filiale.,2025-11-13,2025-11-19,images_kaufland/kaufland_offer_395.jpg
EDDING,Permanentspray »Verkehrsrot«,5.99,UVP10.39,1 l = 29.95,-42%,je 200-ml-Dose,Nein,Dieses Angebot findest du vom 13.11. bis 19.11. in deiner Kaufland-Filiale.,2025-11-13,2025-11-19,images_kaufland/kaufland_offer_398.jpg
SMART GAMES,Knobelspiel »IQ Puzzler PRO«,8.99,UVP12.99,,-30%,je,Nein,Dieses Angebot findest du vom 13.11. bis 19.11. in deiner Kaufland-Filiale.,2025-11-13,2025-11-19,images_kaufland/kaufland_offer_399.jpg
KIDLAND®,Plüschtier-Hase mit Baby,5.99,,,nur,je,Nein,Dieses Angebot findest du vom 13.11. bis 19.11. in deiner Kaufland-Filiale.,2025-11-13,2025-11-19,images_kaufland/kaufland_offer_400.jpg
EDDING,Lackmarker gold,2.49,UVP5.19,,-52%,je,Nein,Dieses Angebot findest du vom 13.11. bis 19.11. in deiner Kaufland-Filiale.,2025-11-13,2025-11-19,images_kaufland/kaufland_offer_401.jpg
EDDING,Permanentspray »Metallic«,5.99,UVP10.39,1 l = 29.95,-42%,je 200-ml-Dose,Nein,Dieses Angebot findest du vom 13.11. bis 19.11. in deiner Kaufland-Filiale.,2025-11-13,2025-11-19,images_kaufland/kaufland_offer_403.jpg
LEGO CREATOR,»Retro Kamera« 3-in-1-Bauset 31147,14.99,UVP19.99,,-25%,je 261-teilig,Nein,Dieses Angebot findest du vom 13.11. bis 19.11. in deiner Kaufland-Filiale.,2025-11-13,2025-11-19,images_kaufland/kaufland_offer_404.jpg
SMART GAMES,Knobelspiel »IQ Link«,8.99,UVP12.99,,-30%,je,Nein,Dieses Angebot findest du vom 13.11. bis 19.11. in deiner Kaufland-Filiale.,2025-11-13,2025-11-19,images_kaufland/kaufland_offer_405.jpg
MUSIC HERO,Kabelloser Lautsprecher »MHSPXMASBALLA«,7.99,UVP19.99,,-60%,je,Nein,Dieses Angebot findest du vom 13.11. bis 19.11. in deiner Kaufland-Filiale.,2025-11-13,2025-11-19,images_kaufland/kaufland_offer_406.jpg
KIDLAND®,Plüschtier-Hund mit Baby,5.99,,,nur,je,Nein,Dieses Angebot findest du vom 13.11. bis 19.11. in deiner Kaufland-Filiale.,2025-11-13,2025-11-19,images_kaufland/kaufland_offer_408.jpg
KOSMOS,»Meeres-Abenteuer« Mitbringexperiment,6.99,UVP11.99,,-41%,je,Nein,Dieses Angebot findest du vom 13.11. bis 19.11. in deiner Kaufland-Filiale.,2025-11-13,2025-11-19,images_kaufland/kaufland_offer_409.jpg
LEGO,»Das Lava-Duell im Nether« Bau- und Spielset 21266,6.99,UVP9.99,,-30%,je 99-teilig,Nein,Dieses Angebot findest du vom 13.11. bis 19.11. in deiner Kaufland-Filiale.,2025-11-13,2025-11-19,images_kaufland/kaufland_offer_410.jpg
KIDLAND®,Plüschtier-Katze mit Baby,5.99,,,nur,je,Nein,Dieses Angebot findest du vom 13.11. bis 19.11. in deiner Kaufland-Filiale.,2025-11-13,2025-11-19,images_kaufland/kaufland_offer_411.jpg
KIDLAND®,»Corvette Stingray Z51« RC-Fahrzeug,9.99,,,nur,je,Nein,Dieses Angebot findest du vom 13.11. bis 19.11. in deiner Kaufland-Filiale.,2025-11-13,2025-11-19,images_kaufland/kaufland_offer_412.jpg
LEGO TECHNIC,»Baggerlader« Bau- und Spielset 42197,6.99,UVP9.99,,-30%,je 104-teilig,Nein,Dieses Angebot findest du vom 13.11. bis 19.11. in deiner Kaufland-Filiale.,2025-11-13,2025-11-19,images_kaufland/kaufland_offer_413.jpg
HASBRO,Play-Doh Megameter,9.99,UVP20.99,1 kg = 5.58,-52%,"je 1,792-kg-Packg.",Nein,Dieses Angebot findest du vom 13.11. bis 19.11. in deiner Kaufland-Filiale.,2025-11-13,2025-11-19,images_kaufland/kaufland_offer_414.jpg
MATTEL,Kartenspiel UNO »80th Anniversairy«,3.99,UVP12.99,,-69%,je 5-teilig,Nein,Dieses Angebot findest du vom 13.11. bis 19.11. in deiner Kaufland-Filiale.,2025-11-13,2025-11-19,images_kaufland/kaufland_offer_415.jpg
KENWOOD,Küchenmaschine »Prospero+« (KHC29A.HOWH),149.00,UVP235.00,,-36%,je,Nein,Dieses Angebot findest du vom 13.11. bis 19.11. in deiner Kaufland-Filiale.,2025-11-13,2025-11-19,images_kaufland/kaufland_offer_416.jpg
LEGO CREATOR,»Weltraum-Roboter« 3-in-1-Spielset 31164,14.99,UVP24.99,,-40%,je 281-teilig,Nein,Dieses Angebot findest du vom 13.11. bis 19.11. in deiner Kaufland-Filiale.,2025-11-13,2025-11-19,images_kaufland/kaufland_offer_417.jpg
LEGO CITY,»Verfolgungsjagd« Spielset 60455,6.99,UVP9.99,,-30%,je 65-teilig,Nein,Dieses Angebot findest du vom 13.11. bis 19.11. in deiner Kaufland-Filiale.,2025-11-13,2025-11-19,images_kaufland/kaufland_offer_418.jpg
EDDING,Permanentspray »Verkehrsweiß«,5.99,UVP10.39,1 l = 29.95,-42%,je 200-ml-Dose,Nein,Dieses Angebot findest du vom 13.11. bis 19.11. in deiner Kaufland-Filiale.,2025-11-13,2025-11-19,images_kaufland/kaufland_offer_419.jpg
SMART GAMES,Knobelspiel »IQ Fit«,8.99,UVP12.99,,-30%,je,Nein,Dieses Angebot findest du vom 13.11. bis 19.11. in deiner Kaufland-Filiale.,2025-11-13,2025-11-19,images_kaufland/kaufland_offer_421.jpg
MATTEL,Enchantimals Variety,3.99,UVP11.49,,-65%,je,Nein,Dieses Angebot findest du vom 13.11. bis 19.11. in deiner Kaufland-Filiale.,2025-11-13,2025-11-19,images_kaufland/kaufland_offer_422.jpg
KIDLAND®,»Lamborghini Veneno« RC-Fahrzeug,9.99,12.99,,-23%,je,Nein,Dieses Angebot findest du vom 13.11. bis 19.11. in deiner Kaufland-Filiale.,2025-11-13,2025-11-19,images_kaufland/kaufland_offer_423.jpg
KIDLAND®,Squashi-Plüschtier,5.99,,,nur,je,Nein,Dieses Angebot findest du vom 13.11. bis 19.11. in deiner Kaufland-Filiale.,2025-11-13,2025-11-19,images_kaufland/kaufland_offer_424.jpg
,Einsteiger-Keyboard,24.99,,,nur,je,Nein,Dieses Angebot findest du vom 13.11. bis 19.11. in deiner Kaufland-Filiale.,2025-11-13,2025-11-19,images_kaufland/kaufland_offer_425.jpg
EDDING,Handlettering-Starter-Set »XMAS«,9.99,,,nur,je,Nein,Dieses Angebot findest du vom 13.11. bis 19.11. in deiner Kaufland-Filiale.,2025-11-13,2025-11-19,images_kaufland/kaufland_offer_426.jpg
EDDING,Textilstift-Nikolausset,5.99,,,nur,je,Nein,Dieses Angebot findest du vom 13.11. bis 19.11. in deiner Kaufland-Filiale.,2025-11-13,2025-11-19,images_kaufland/kaufland_offer_427.jpg
LEGO DUPLO,»Pinguine und Löwen« Bau- und Spielset 10442,6.99,UVP9.99,,-30%,je 10-teilig,Nein,Dieses Angebot findest du vom 13.11. bis 19.11. in deiner Kaufland-Filiale.,2025-11-13,2025-11-19,images_kaufland/kaufland_offer_428.jpg
DICKIE,Rally-Monster-Auto,4.99,UVP9.99,,-50%,je,Nein,Dieses Angebot findest du vom 13.11. bis 19.11. in deiner Kaufland-Filiale.,2025-11-13,2025-11-19,images_kaufland/kaufland_offer_429.jpg
KENWOOD,Waage für »Prospero+« (KAP00.000GY),19.99,UVP50.00,,-60%,kenwood,Nein,Dieses Angebot findest du vom 13.11. bis 19.11. in deiner Kaufland-Filiale.,2025-11-13,2025-11-19,images_kaufland/kaufland_offer_430.jpg
TEFAL,Heißluftfritteuse »EY1458« Easy Fry Compact,59.99,UVP119.99,,-50%,je,Nein,Dieses Angebot findest du vom 13.11. bis 19.11. in deiner Kaufland-Filiale.,2025-11-13,2025-11-19,images_kaufland/kaufland_offer_431.jpg
BIRKMANN,Ausstech-Set »Eule«,4.99,UVP7.95,,-37%,je 2-teilig,Nein,Dieses Angebot findest du vom 13.11. bis 19.11. in deiner Kaufland-Filiale.,2025-11-13,2025-11-19,images_kaufland/kaufland_offer_432.jpg
LIV&BO®,LED-Weihnachtsfigur selbstaufblasend,34.99,,,nur,je,Nein,Dieses Angebot findest du vom 13.11. bis 19.11. in deiner Kaufland-Filiale.,2025-11-13,2025-11-19,images_kaufland/kaufland_offer_433.jpg
KAISER,Königskuchenform »Gourmet«,4.99,UVP10.99,,-54%,je,Nein,Dieses Angebot findest du vom 13.11. bis 19.11. in deiner Kaufland-Filiale.,2025-11-13,2025-11-19,images_kaufland/kaufland_offer_434.jpg
LIV&BO®,LED-Deko-Figuren »Rentiere«,14.99,,,nur,je,Nein,Dieses Angebot findest du vom 13.11. bis 19.11. in deiner Kaufland-Filiale.,2025-11-13,2025-11-19,images_kaufland/kaufland_offer_435.jpg
EMSA,Thermobecher »Travel Mug Essential«,12.99,UVP33.99,,-61%,je,Nein,Dieses Angebot findest du vom 13.11. bis 19.11. in deiner Kaufland-Filiale.,2025-11-13,2025-11-19,images_kaufland/kaufland_offer_436.jpg
BIRKMANN,Ausstech-Set »Tanne«,4.99,UVP7.95,,-37%,je 2-teilig,Nein,Dieses Angebot findest du vom 13.11. bis 19.11. in deiner Kaufland-Filiale.,2025-11-13,2025-11-19,images_kaufland/kaufland_offer_437.jpg
LIV&BO®,LED-Lichtervorhang mit 440 farbigen LEDs,14.99,,,nur,je,Nein,Dieses Angebot findest du vom 13.11. bis 19.11. in deiner Kaufland-Filiale.,2025-11-13,2025-11-19,images_kaufland/kaufland_offer_438.jpg
,mit 440 kaltweißen LEDs,14.99,,,nur,je,Nein,Dieses Angebot findest du vom 13.11. bis 19.11. in deiner Kaufland-Filiale.,2025-11-13,2025-11-19,images_kaufland/kaufland_offer_439.jpg
LIV&BO®,LED-Lichterschlauch mit 200 LEDs,8.99,12.99,,-30%,je,Nein,Dieses Angebot findest du vom 13.11. bis 19.11. in deiner Kaufland-Filiale.,2025-11-13,2025-11-19,images_kaufland/kaufland_offer_440.jpg
LIV&BO®,LED-Lichterbaum,19.99,,,nur,je,Nein,Dieses Angebot findest du vom 13.11. bis 19.11. in deiner Kaufland-Filiale.,2025-11-13,2025-11-19,images_kaufland/kaufland_offer_441.jpg
KAISER,Springform »Gourmet«,4.99,UVP18.99,,-73%,je,Nein,Dieses Angebot findest du vom 13.11. bis 19.11. in deiner Kaufland-Filiale.,2025-11-13,2025-11-19,images_kaufland/kaufland_offer_442.jpg
LIV&BO®,LED-Lichtervorhang mit 440 warmweißen LEDs,14.99,,,nur,je,Nein,Dieses Angebot findest du vom 13.11. bis 19.11. in deiner Kaufland-Filiale.,2025-11-13,2025-11-19,images_kaufland/kaufland_offer_443.jpg
LIV&BO®,LED-Deko-Figur »Pinguin«,14.99,,,nur,je,Nein,Dieses Angebot findest du vom 13.11. bis 19.11. in deiner Kaufland-Filiale.,2025-11-13,2025-11-19,images_kaufland/kaufland_offer_444.jpg
BIRKMANN,Ausstech-Set »Merry Christmas«,4.99,UVP7.95,,-37%,je 2-teilig,Nein,Dieses Angebot findest du vom 13.11. bis 19.11. in deiner Kaufland-Filiale.,2025-11-13,2025-11-19,images_kaufland/kaufland_offer_445.jpg
LIV&BO®,LED-Deko-Figur »Weihnachtsmann«,14.99,,,nur,je,Nein,Dieses Angebot findest du vom 13.11. bis 19.11. in deiner Kaufland-Filiale.,2025-11-13,2025-11-19,images_kaufland/kaufland_offer_446.jpg
LIV&BO®,Geschenkpapier,0.99,,1 m² = 0.29,nur,je 5-m-Rolle,Nein,Dieses Angebot findest du vom 13.11. bis 19.11. in deiner Kaufland-Filiale.,2025-11-13,2025-11-19,images_kaufland/kaufland_offer_448.jpg
KAISER,12er-Muffinform »Gourmet«,4.99,UVP14.99,,-66%,je,Nein,Dieses Angebot findest du vom 13.11. bis 19.11. in deiner Kaufland-Filiale.,2025-11-13,2025-11-19,images_kaufland/kaufland_offer_449.jpg
SPICE&SOUL®,Keksdosen-Set »Schneemann«,3.99,,,nur,je 3-teilig,Nein,Dieses Angebot findest du vom 13.11. bis 19.11. in deiner Kaufland-Filiale.,2025-11-13,2025-11-19,images_kaufland/kaufland_offer_450.jpg
LIV&BO®,Maxi-Duftkerze im Glas,1.99,,,nur,je,Nein,Dieses Angebot findest du vom 13.11. bis 19.11. in deiner Kaufland-Filiale.,2025-11-13,2025-11-19,images_kaufland/kaufland_offer_451.jpg
LIV&BO®,LED-Lichterbaum »Kirschbaum«,19.99,,,nur,je,Nein,Dieses Angebot findest du vom 13.11. bis 19.11. in deiner Kaufland-Filiale.,2025-11-13,2025-11-19,images_kaufland/kaufland_offer_452.jpg
BIRKMANN,Ausstech-Set »Winter-Wonderland«,4.99,UVP7.95,,-37%,je 2-teilig,Nein,Dieses Angebot findest du vom 13.11. bis 19.11. in deiner Kaufland-Filiale.,2025-11-13,2025-11-19,images_kaufland/kaufland_offer_453.jpg
LIV&BO®,LED-Lichtervorhang mit 96 LEDs,7.99,9.99,,-20%,je,Nein,Dieses Angebot findest du vom 13.11. bis 19.11. in deiner Kaufland-Filiale.,2025-11-13,2025-11-19,images_kaufland/kaufland_offer_454.jpg
LIV&BO®,LED-Lichtervorhang mit 40 LEDs,5.99,,,nur,je,Nein,Dieses Angebot findest du vom 13.11. bis 19.11. in deiner Kaufland-Filiale.,2025-11-13,2025-11-19,images_kaufland/kaufland_offer_455.jpg
BIRKMANN,Ausstech-Set »Schaukelpferd«,4.99,UVP7.95,,-37%,je 2-teilig,Nein,Dieses Angebot findest du vom 13.11. bis 19.11. in deiner Kaufland-Filiale.,2025-11-13,2025-11-19,images_kaufland/kaufland_offer_456.jpg
LIV&BO®,LED-Leuchtstern,9.99,,,nur,je,Nein,Dieses Angebot findest du vom 13.11. bis 19.11. in deiner Kaufland-Filiale.,2025-11-13,2025-11-19,images_kaufland/kaufland_offer_457.jpg
LIV&BO®,LED-Eiszapfen-Lichterkette mit 148 warmweißen LEDs,12.99,19.99,,-35%,je,Nein,Dieses Angebot findest du vom 13.11. bis 19.11. in deiner Kaufland-Filiale.,2025-11-13,2025-11-19,images_kaufland/kaufland_offer_458.jpg
SPICE&SOUL®,Keksdosen-Set rechteckig,3.99,,,nur,je 3-teilig,Nein,Dieses Angebot findest du vom 13.11. bis 19.11. in deiner Kaufland-Filiale.,2025-11-13,2025-11-19,images_kaufland/kaufland_offer_459.jpg
LIV&BO®,Geschenkpapier »Disney«,0.99,,1 m² = 0.29,nur,je 5-m-Rolle,Nein,Dieses Angebot findest du vom 13.11. bis 19.11. in deiner Kaufland-Filiale.,2025-11-13,2025-11-19,images_kaufland/kaufland_offer_461.jpg
SPICE&SOUL®,Keksdosen-Set quadratisch,3.99,,,nur,je 3-teilig,Nein,Dieses Angebot findest du vom 13.11. bis 19.11. in deiner Kaufland-Filiale.,2025-11-13,2025-11-19,images_kaufland/kaufland_offer_462.jpg
LIV&BO®,LED-Lichterbaum »Trauerweide«,19.99,,,nur,je,Nein,Dieses Angebot findest du vom 13.11. bis 19.11. in deiner Kaufland-Filiale.,2025-11-13,2025-11-19,images_kaufland/kaufland_offer_463.jpg
LIV&BO®,LED-Deko-Figur »Reh«,14.99,,,nur,je,Nein,Dieses Angebot findest du vom 13.11. bis 19.11. in deiner Kaufland-Filiale.,2025-11-13,2025-11-19,images_kaufland/kaufland_offer_464.jpg
KAISER,Bundform »Gourmet«,4.99,UVP19.99,,-75%,je,Nein,Dieses Angebot findest du vom 13.11. bis 19.11. in deiner Kaufland-Filiale.,2025-11-13,2025-11-19,images_kaufland/kaufland_offer_465.jpg
LIV&BO®,LED-Lichternetz mit 160 LEDs,7.99,9.99,,-20%,je,Nein,Dieses Angebot findest du vom 13.11. bis 19.11. in deiner Kaufland-Filiale.,2025-11-13,2025-11-19,images_kaufland/kaufland_offer_466.jpg
LIV&BO®,LED-Weihnachtsstern selbstaufblasend,34.99,,,nur,je,Nein,Dieses Angebot findest du vom 13.11. bis 19.11. in deiner Kaufland-Filiale.,2025-11-13,2025-11-19,images_kaufland/kaufland_offer_467.jpg
OYANDA®,Damen-Winterstiefel,14.99,,,nur,je Paar,Nein,Dieses Angebot findest du vom 13.11. bis 19.11. in deiner Kaufland-Filiale.,2025-11-13,2025-11-19,images_kaufland/kaufland_offer_468.jpg
KUNIBOO®,Kinder-Schneejacke,12.99,,,nur,je,Nein,Dieses Angebot findest du vom 13.11. bis 19.11. in deiner Kaufland-Filiale.,2025-11-13,2025-11-19,images_kaufland/kaufland_offer_469.jpg
NEWCENTIAL®,Kinder-Skihose,12.99,,,nur,je,Nein,Dieses Angebot findest du vom 13.11. bis 19.11. in deiner Kaufland-Filiale.,2025-11-13,2025-11-19,images_kaufland/kaufland_offer_471.jpg
ELLESSE,Umhängetasche (Crossbody Bag),9.99,UVP25.00,,-60%,je,Nein,Dieses Angebot findest du vom 13.11. bis 19.11. in deiner Kaufland-Filiale.,2025-11-13,2025-11-19,images_kaufland/kaufland_offer_473.jpg
NEWCENTIAL®,Kinder-Skijacke,17.99,,,nur,je,Nein,Dieses Angebot findest du vom 13.11. bis 19.11. in deiner Kaufland-Filiale.,2025-11-13,2025-11-19,images_kaufland/kaufland_offer_475.jpg
NEWCENTIAL®,Kinder-Funktionsunterwäsche,9.99,,,nur,je 2-teilig,Nein,Dieses Angebot findest du vom 13.11. bis 19.11. in deiner Kaufland-Filiale.,2025-11-13,2025-11-19,images_kaufland/kaufland_offer_476.jpg
NEWCENTIAL®,Damen-Funktionsstrümpfe,4.99,,,nur,je Paar,Nein,Dieses Angebot findest du vom 13.11. bis 19.11. in deiner Kaufland-Filiale.,2025-11-13,2025-11-19,images_kaufland/kaufland_offer_477.jpg
MATTEL,Kartenspiel »Phase 10«,3.99,UVP15.99,,-75%,je,Nein,Dieses Angebot findest du vom 13.11. bis 19.11. in deiner Kaufland-Filiale.,2025-11-13,2025-11-19,images_kaufland/kaufland_offer_478.jpg
KUNIBOO®,Kinder-LED-Winterstiefel,12.99,,,nur,je Paar,Nein,Dieses Angebot findest du vom 13.11. bis 19.11. in deiner Kaufland-Filiale.,2025-11-13,2025-11-19,images_kaufland/kaufland_offer_480.jpg
KUNIBOO®,Kinder-Schneehose,9.99,,,nur,je,Nein,Dieses Angebot findest du vom 13.11. bis 19.11. in deiner Kaufland-Filiale.,2025-11-13,2025-11-19,images_kaufland/kaufland_offer_483.jpg
NEWCENTIAL®,Damen-Funktionsshirt,9.99,,,nur,je,Nein,Dieses Angebot findest du vom 13.11. bis 19.11. in deiner Kaufland-Filiale.,2025-11-13,2025-11-19,images_kaufland/kaufland_offer_486.jpg
KUNIBOO®,Baby-Schneeoverall,14.99,,,nur,je,Nein,Dieses Angebot findest du vom 13.11. bis 19.11. in deiner Kaufland-Filiale.,2025-11-13,2025-11-19,images_kaufland/kaufland_offer_491.jpg
TOWNLAND®,Herren-Schnürstiefel,17.99,,,nur,je Paar,Nein,Dieses Angebot findest du vom 13.11. bis 19.11. in deiner Kaufland-Filiale.,2025-11-13,2025-11-19,images_kaufland/kaufland_offer_493.jpg
OYANDA®,Damen-Thermo-Leggings,5.99,,,nur,je,Nein,Dieses Angebot findest du vom 13.11. bis 19.11. in deiner Kaufland-Filiale.,2025-11-13,2025-11-19,images_kaufland/kaufland_offer_496.jpg
ELLESSE,Herren-Retroboxer,12.99,UVP28.00,,-53%,je 3-St.-Packg.,Nein,Dieses Angebot findest du vom 13.11. bis 19.11. in deiner Kaufland-Filiale.,2025-11-13,2025-11-19,images_kaufland/kaufland_offer_501.jpg
ELLESSE,Rucksack,9.99,UVP28.00,,-64%,je,Nein,Dieses Angebot findest du vom 13.11. bis 19.11. in deiner Kaufland-Filiale.,2025-11-13,2025-11-19,images_kaufland/kaufland_offer_506.jpg
KUNIBOO®,Baby-Wagenoverall,14.99,,,nur,je,Nein,Dieses Angebot findest du vom 13.11. bis 19.11. in deiner Kaufland-Filiale.,2025-11-13,2025-11-19,images_kaufland/kaufland_offer_509.jpg
KUNIBOO®,Kinder-Schneestiefel,12.99,,,nur,je Paar,Nein,Dieses Angebot findest du vom 13.11. bis 19.11. in deiner Kaufland-Filiale.,2025-11-13,2025-11-19,images_kaufland/kaufland_offer_512.jpg
NEWCENTIAL®,Kinder-Funktionsstrümpfe,4.99,,,nur,je Paar,Nein,Dieses Angebot findest du vom 13.11. bis 19.11. in deiner Kaufland-Filiale.,2025-11-13,2025-11-19,images_kaufland/kaufland_offer_518.jpg
MOBIL,Motorenöl 10W-40 »2000X1«,22.22,UVP59.95,1 l = 3.71,-62%,je 6-l-Gebinde,Nein,Dieses Angebot findest du vom 13.11. bis 19.11. in deiner Kaufland-Filiale.,2025-11-13,2025-11-19,images_kaufland/kaufland_offer_521.jpg
ELLESSE,Damen-Leggings,12.99,UVP28.00,,-53%,je,Nein,Dieses Angebot findest du vom 13.11. bis 19.11. in deiner Kaufland-Filiale.,2025-11-13,2025-11-19,images_kaufland/kaufland_offer_523.jpg
ZURU,Rainbocorns »Puppycorn«,9.99,UVP14.99,,-33%,je,Nein,Dieses Angebot findest du vom 13.11. bis 19.11. in deiner Kaufland-Filiale.,2025-11-13,2025-11-19,images_kaufland/kaufland_offer_524.jpg
ELLESSE,Herren-Winterjacke,39.99,UVP115.00,,-65%,je,Nein,Dieses Angebot findest du vom 13.11. bis 19.11. in deiner Kaufland-Filiale.,2025-11-13,2025-11-19,images_kaufland/kaufland_offer_526.jpg
NEWCENTIAL®,Herren-Funktionsstrümpfe,4.99,,,nur,je Paar,Nein,Dieses Angebot findest du vom 13.11. bis 19.11. in deiner Kaufland-Filiale.,2025-11-13,2025-11-19,images_kaufland/kaufland_offer_528.jpg
ELLESSE,Quartersocken,4.99,UVP12.00,,-58%,je 3 Paar,Nein,Dieses Angebot findest du vom 13.11. bis 19.11. in deiner Kaufland-Filiale.,2025-11-13,2025-11-19,images_kaufland/kaufland_offer_529.jpg
ELLESSE,Herren-Freizeitschuhe,19.99,UVP69.85,,-71%,je Paar,Nein,Dieses Angebot findest du vom 13.11. bis 19.11. in deiner Kaufland-Filiale.,2025-11-13,2025-11-19,images_kaufland/kaufland_offer_531.jpg
NEWCENTIAL®,Kinder-Strickmütze,3.99,,,nur,je,Nein,Dieses Angebot findest du vom 13.11. bis 19.11. in deiner Kaufland-Filiale.,2025-11-13,2025-11-19,images_kaufland/kaufland_offer_538.jpg
NEWCENTIAL®,Damen-Thermo-Fleecejacke,6.99,,,nur,je,Nein,Dieses Angebot findest du vom 13.11. bis 19.11. in deiner Kaufland-Filiale.,2025-11-13,2025-11-19,images_kaufland/kaufland_offer_539.jpg
TOWNLAND®,Herren-Strickfleece-Jacke,9.99,,,nur,je,Nein,Dieses Angebot findest du vom 13.11. bis 19.11. in deiner Kaufland-Filiale.,2025-11-13,2025-11-19,images_kaufland/kaufland_offer_541.jpg
TOWNLAND®,Herren-Winterstiefel,14.99,,,nur,je Paar,Nein,Dieses Angebot findest du vom 13.11. bis 19.11. in deiner Kaufland-Filiale.,2025-11-13,2025-11-19,images_kaufland/kaufland_offer_551.jpg
ELLESSE,Herren-T-Shirt,9.99,UVP25.00,,-60%,je,Nein,Dieses Angebot findest du vom 13.11. bis 19.11. in deiner Kaufland-Filiale.,2025-11-13,2025-11-19,images_kaufland/kaufland_offer_555.jpg
ELLESSE,Damen-Sweathose,19.99,UVP50.00,,-60%,je,Nein,Dieses Angebot findest du vom 13.11. bis 19.11. in deiner Kaufland-Filiale.,2025-11-13,2025-11-19,images_kaufland/kaufland_offer_559.jpg
MOBIL,Motorenöl 5W-30 »3000XE«,33.33,UVP92.95,1 l = 5.56,-64%,je 6-l-Gebinde,Nein,Dieses Angebot findest du vom 13.11. bis 19.11. in deiner Kaufland-Filiale.,2025-11-13,2025-11-19,images_kaufland/kaufland_offer_563.jpg
ELLESSE,Damen-T-Shirt,9.99,UVP25.00,,-60%,je,Nein,Dieses Angebot findest du vom 13.11. bis 19.11. in deiner Kaufland-Filiale.,2025-11-13,2025-11-19,images_kaufland/kaufland_offer_567.jpg
ELLESSE,Damen-Freizeitschuhe,19.99,UVP69.85,,-71%,je Paar,Nein,Dieses Angebot findest du vom 13.11. bis 19.11. in deiner Kaufland-Filiale.,2025-11-13,2025-11-19,images_kaufland/kaufland_offer_571.jpg
ELLESSE,Tennissocken,4.99,UVP12.00,,-58%,je 3 Paar,Nein,Dieses Angebot findest du vom 13.11. bis 19.11. in deiner Kaufland-Filiale.,2025-11-13,2025-11-19,images_kaufland/kaufland_offer_572.jpg
SARTI,Rosa,13.99,,1 l = 19.99,nur,"je 0,7-l-Fl.",Nein,Dieses Angebot findest du vom 17.11. bis 19.11. in deiner Kaufland-Filiale.,2025-11-17,2025-11-19,images_kaufland/kaufland_offer_652.jpg
NESCAFÉ,Sticks,1.99,2.49,1 kg = 12.07 - 24.88,-20%,je 80 - 165-g-Packg.,Nein,Dieses Angebot findest du vom 17.11. bis 19.11. in deiner Kaufland-Filiale.,2025-11-17,2025-11-19,images_kaufland/kaufland_offer_654.jpg
D'ARBO,Konfitüre,2.79,3.79,1 kg = 6.20 - 10.74,-26%,je 260 - 450-g-Glas,Nein,Dieses Angebot findest du vom 17.11. bis 19.11. in deiner Kaufland-Filiale.,2025-11-17,2025-11-19,images_kaufland/kaufland_offer_655.jpg
RAMAZZOTTI,Ital. Liköre oder Arancia Alkohlfrei,8.99,,1 l = 12.85,nur,"je 0,7-l-Fl.",Nein,Dieses Angebot findest du vom 17.11. bis 19.11. in deiner Kaufland-Filiale.,2025-11-17,2025-11-19,images_kaufland/kaufland_offer_657.jpg
GLICO,Mikado-Sticks,1.11,,1 kg = 14.80,nur,je 75-g-Packg.,Nein,Dieses Angebot findest du vom 17.11. bis 19.11. in deiner Kaufland-Filiale.,2025-11-17,2025-11-19,images_kaufland/kaufland_offer_658.jpg
HEIDEGRUND,Mettwurst,1.49,1.99,1 kg = 7.45,-25%,je 2 St. = 200-g-Packg.,Nein,Dieses Angebot findest du vom 17.11. bis 19.11. in deiner Kaufland-Filiale.,2025-11-17,2025-11-19,images_kaufland/kaufland_offer_659.jpg
,Dtsch. Speisekartoffeln XXL,"2.99
*",,1 kg = 0.30,nur,je 10-kg-Sack,Nein,Dieses Angebot findest du vom 17.11. bis 19.11. in deiner Kaufland-Filiale.,2025-11-17,2025-11-19,images_kaufland/kaufland_offer_662.jpg
,"Chin. Pomelo gelb oder rot, lose",1.99,2.99,,-33%,je Stück,Nein,Dieses Angebot findest du vom 17.11. bis 19.11. in deiner Kaufland-Filiale.,2025-11-17,2025-11-19,images_kaufland/kaufland_offer_663.jpg
,Weltmeisterbrot,1.49,,1 kg = 1.99,nur,je 750-g-Stück,Nein,Dieses Angebot findest du vom 17.11. bis 19.11. in deiner Kaufland-Filiale.,2025-11-17,2025-11-19,images_kaufland/kaufland_offer_664.jpg
MILKA,Küchlein,1.99,2.89,1 kg = 11.38 - 14.22,-31%,je 5 - 9 St. = 140 - 175-g-Packg.,Nein,Dieses Angebot findest du vom 17.11. bis 19.11. in deiner Kaufland-Filiale.,2025-11-17,2025-11-19,images_kaufland/kaufland_offer_665.jpg
CATSAN,Hygiene Plus Katzenstreu,4.99,6.95,1 l = 0.56,-28%,je 9-l-Packg.,Nein,Dieses Angebot findest du vom 17.11. bis 19.11. in deiner Kaufland-Filiale.,2025-11-17,2025-11-19,images_kaufland/kaufland_offer_666.jpg
LE FILOU,Sweet,2.99,3.99,1 l = 3.99,-25%,"je 0,75-l-Fl.",Nein,Dieses Angebot findest du vom 17.11. bis 19.11. in deiner Kaufland-Filiale.,2025-11-17,2025-11-19,images_kaufland/kaufland_offer_667.jpg
CHANTRÉ,Weinbrand,5.79,,1 l = 8.28,nur,"je 0,7-l-Fl.",Nein,Dieses Angebot findest du vom 17.11. bis 19.11. in deiner Kaufland-Filiale.,2025-11-17,2025-11-19,images_kaufland/kaufland_offer_669.jpg
,Herbstkaktus,"4.44
*",,,nur,je,Nein,Dieses Angebot findest du vom 17.11. bis 19.11. in deiner Kaufland-Filiale.,2025-11-17,2025-11-19,images_kaufland/kaufland_offer_671.jpg
,Ital. Tafelbirnen Abate,2.29,2.99,1 kg = 3.28,-23%,je 700-g-Packg.,Nein,Dieses Angebot findest du vom 17.11. bis 19.11. in deiner Kaufland-Filiale.,2025-11-17,2025-11-19,images_kaufland/kaufland_offer_672.jpg
MILKANA,Tolle Rolle oder Schmelzkäse-Zubereitung,1.79,,1 kg = 9.43 - 17.90,nur,je 100 - 190-g-Packg.,Nein,Dieses Angebot findest du vom 17.11. bis 19.11. in deiner Kaufland-Filiale.,2025-11-17,2025-11-19,images_kaufland/kaufland_offer_673.jpg
,"Niederl./belg. Rispentomaten, lose",1.49,2.29,,-34%,je kg,Nein,Dieses Angebot findest du vom 17.11. bis 19.11. in deiner Kaufland-Filiale.,2025-11-17,2025-11-19,images_kaufland/kaufland_offer_674.jpg
GIOVANNI RANA,Gnocchi,1.99,2.99,1 kg = 4.98 - 7.11,-33%,je 280 - 400-g-Packg.,Nein,Dieses Angebot findest du vom 17.11. bis 19.11. in deiner Kaufland-Filiale.,2025-11-17,2025-11-19,images_kaufland/kaufland_offer_675.jpg
DOMESTOS,WC-Gel Kraft & Frische,1.59,1.95,1 l = 2.12,-18%,je 750-ml-Fl.,Nein,Dieses Angebot findest du vom 17.11. bis 19.11. in deiner Kaufland-Filiale.,2025-11-17,2025-11-19,images_kaufland/kaufland_offer_676.jpg
K-CLASSIC,Studentenfutter,1.79,,1 kg = 8.95,nur,je 200-g-Packg.,Nein,Dieses Angebot findest du vom 17.11. bis 19.11. in deiner Kaufland-Filiale.,2025-11-17,2025-11-19,images_kaufland/kaufland_offer_677.jpg
MERCI,Petits,1.69,2.29,1 kg = 13.52,-26%,je 125-g-Beutel,Nein,Dieses Angebot findest du vom 17.11. bis 19.11. in deiner Kaufland-Filiale.,2025-11-17,2025-11-19,images_kaufland/kaufland_offer_679.jpg
MILCH-SCHNITTE,Snack,2.22,,1 kg = 7.93,nur,je 10 St. = 280-g-Packg.,Nein,Dieses Angebot findest du vom 17.11. bis 19.11. in deiner Kaufland-Filiale.,2025-11-17,2025-11-19,images_kaufland/kaufland_offer_681.jpg
K-PURLAND,Kasseler Kotelett,5.49,7.89,,-30%,je kg,Nein,Dieses Angebot findest du vom 17.11. bis 19.11. in deiner Kaufland-Filiale.,2025-11-17,2025-11-19,images_kaufland/kaufland_offer_684.jpg
VOLVIC,Juicy,1.29,1.89,,-31%,je 1-l-PET-Fl.,Nein,Dieses Angebot findest du vom 17.11. bis 19.11. in deiner Kaufland-Filiale.,2025-11-17,2025-11-19,images_kaufland/kaufland_offer_687.jpg
,Kalanchoe,"2.22
*",,,nur,je,Nein,Dieses Angebot findest du vom 17.11. bis 19.11. in deiner Kaufland-Filiale.,2025-11-17,2025-11-19,images_kaufland/kaufland_offer_688.jpg
KINDER,Country,1.99,,1 kg = 9.41,nur,"je 9 St. = 211,5-g-Packg.",Nein,Dieses Angebot findest du vom 17.11. bis 19.11. in deiner Kaufland-Filiale.,2025-11-17,2025-11-19,images_kaufland/kaufland_offer_689.jpg
BREFOOD,Kaninchenkeulen,8.99,,,nur,je 1-kg-Packg.,Nein,Dieses Angebot findest du vom 17.11. bis 19.11. in deiner Kaufland-Filiale.,2025-11-17,2025-11-19,images_kaufland/kaufland_offer_690.jpg
K-CLASSIC,Studentenfutter mit Erdnüssen,1.79,,1 kg = 8.95,nur,je 200-g-Beutel,Nein,Dieses Angebot findest du vom 17.11. bis 19.11. in deiner Kaufland-Filiale.,2025-11-17,2025-11-19,images_kaufland/kaufland_offer_691.jpg
