Produkt,Marke,Preis,Vorheriger Preis,Preis_kg,Hinweis,Nur_online,Bildpfad_temp,Preis_num,Quelle_Markt
Polnische Gänsebrust,Keine Marke,"13,99 €",Kein vorheriger Preis,,"Hkl. A, tiefgefroren, je 1 kg",Nein,data\images_temp\bamberg_offer_001.jpg,13.99,bamberg
Mon Chéri,Keine Marke,"4,99 €",Kein vorheriger Preis,"1 kg = 15,84",je 315-g-Pckg,Nein,data\images_temp\bamberg_offer_002.jpg,4.99,bamberg
Henglein Nürnberger Kloßteig oder Klöße halb und halb,Keine Marke,"1,99 €",Kein vorheriger Preis,"1 kg = 2,65",je 750-g-Btl,Nein,data\images_temp\bamberg_offer_003.jpg,1.99,bamberg
Hennessy Very Special Cognac,Keine Marke,"26,99 €",Kein vorheriger Preis,"1 l = 38,56","40% Vol., je 0,7-l-Fl",Nein,data\images_temp\bamberg_offer_004.jpg,26.99,bamberg
Lindt Pralinés Classic,Keine Marke,"8,99 €",Kein vorheriger Preis,"1 kg = 44,95",je 200-g-Pckg,Nein,data\images_temp\bamberg_offer_005.jpg,8.99,bamberg
Galbani Mascarpone,Keine Marke,"4,44 €",Kein vorheriger Preis,"1 kg = 8,88","80% Fett i.Tr., je 500-g-Becher",Nein,data\images_temp\bamberg_offer_006.jpg,4.44,bamberg
Maggi Guten Appetit Suppe,Keine Marke,"0,59 €",Kein vorheriger Preis,,"versch. Sorten, ausreichend für 1 Liter, je Btl",Nein,data\images_temp\bamberg_offer_007.jpg,0.59,bamberg
Valensina Saft,Keine Marke,"1,59 €",Kein vorheriger Preis,,"versch. Sorten, aus Fruchtsaft- konzentrat, je 1-l-Fl, zzgl. 0,25 Pfand",Nein,data\images_temp\bamberg_offer_008.jpg,1.59,bamberg
La Gioiosa Prosecco Frizzante Treviso DOC,Keine Marke,"5,99 €",Kein vorheriger Preis,"1 l = 7,99","je 0,75-l-Fl",Nein,data\images_temp\bamberg_offer_009.jpg,5.99,bamberg
Chantré Weinbrand,Keine Marke,"5,99 €",Kein vorheriger Preis,"1 l = 8,56","36% Vol., je 0,7-l-Fl",Nein,data\images_temp\bamberg_offer_010.jpg,5.99,bamberg
Oro di Parma Tomaten,Keine Marke,"1,99 €",Kein vorheriger Preis,"1 kg = 2,84","passiert, je 700-g-Fl",Nein,data\images_temp\bamberg_offer_011.jpg,1.99,bamberg
Ritter Sport Rum,Keine Marke,"2,99 €",Kein vorheriger Preis,"1 kg = 14,95",je 200-g-Btl,Nein,data\images_temp\bamberg_offer_013.jpg,2.99,bamberg
Freixenet Mia Tinto oder Blanco,Keine Marke,"2,69 €",Kein vorheriger Preis,"1 l = 3,59","halbtrocken, lieblich, je 0,75-l-Fl",Nein,data\images_temp\bamberg_offer_014.jpg,2.69,bamberg
Havana Club Añejo 3 Años oder Especial,Keine Marke,"10,99 €",Kein vorheriger Preis,"1 l = 15,70","37,5% Vol., je 0,7-l-Fl",Nein,data\images_temp\bamberg_offer_015.jpg,10.99,bamberg
Langnese Viennetta,Keine Marke,"1,69 €",Kein vorheriger Preis,"1 l = 2,60","Vanille, je 650-ml-Pckg",Nein,data\images_temp\bamberg_offer_016.jpg,1.69,bamberg
McCain Kroketten,Keine Marke,"1,59 €",Kein vorheriger Preis,"1 kg = 3,18","tiefgefroren, je 500-g-Btl",Nein,data\images_temp\bamberg_offer_017.jpg,1.59,bamberg
Dr. Oetker Crème fraîche oder Creme Vega,Keine Marke,"0,99 €",Kein vorheriger Preis,"1 kg = 6,60",je 150-g-Becher,Nein,data\images_temp\bamberg_offer_018.jpg,0.99,bamberg
Staatl. Fachingen Heilwasser still oder Mineralwasser medium,Keine Marke,"6,99 €",Kein vorheriger Preis,"1 l = 0,78","je 12 x 0,75-l-Fl, zzgl. 3,30 Pfand",Nein,data\images_temp\bamberg_offer_019.jpg,6.99,bamberg
Popp Kartoffel- oder Coleslaw-Salat,Keine Marke,"1,89 €",Kein vorheriger Preis,"1 kg = 4,73",je 400-g-Pckg,Nein,data\images_temp\bamberg_offer_020.jpg,1.89,bamberg
Tulip Bacon XXL,Keine Marke,"4,44 €",Kein vorheriger Preis,"1 kg = 11,84",je 3 x 125-g-Pckg,Nein,data\images_temp\bamberg_offer_021.jpg,4.44,bamberg
Wolfram Berge Tessiner Senfsauce,Keine Marke,"4,99 €",Kein vorheriger Preis,"1 l = 24,95","Grüne Feige, je 200-ml-Glas",Nein,data\images_temp\bamberg_offer_022.jpg,4.99,bamberg
Knorr Schlemmersauce,Keine Marke,"0,99 €",Kein vorheriger Preis,"1 l = 3,96","versch. Sorten, je 250-ml-Fl",Nein,data\images_temp\bamberg_offer_023.jpg,0.99,bamberg
Pfanni Kartoffel Püree,Keine Marke,"1,49 €",Kein vorheriger Preis,"1 kg = 5,26","das Komplette, je 283,5-g-Pckg",Nein,data\images_temp\bamberg_offer_024.jpg,1.49,bamberg
Thomy Delikatess Senf,Keine Marke,"0,99 €",Kein vorheriger Preis,"1 l = 4,95","mittelscharf, je 200-ml-Tube",Nein,data\images_temp\bamberg_offer_025.jpg,0.99,bamberg
Dr. Oetker Mousse au Chocolat,Keine Marke,"1,49 €",Kein vorheriger Preis,"1 kg = 16,20",je 92-g-Pckg,Nein,data\images_temp\bamberg_offer_026.jpg,1.49,bamberg
Pfanni Semmel Knödel,Keine Marke,"1,49 €",Kein vorheriger Preis,"1 kg = 7,45",je 200-g-Pckg,Nein,data\images_temp\bamberg_offer_027.jpg,1.49,bamberg
Metten Roastbeef,Keine Marke,"4,29 €",Kein vorheriger Preis,,"gebraten, je 100 g",Nein,data\images_temp\bamberg_offer_028.jpg,4.29,bamberg
Bosch Kapselmaschine »Tassimo Happy friendly TAS109E«,Keine Marke,"34,99 €",Kein vorheriger Preis,,"ca. 1400 W, je St",Nein,data\images_temp\bamberg_offer_029.jpg,34.99,bamberg
Roastbeef,Keine Marke,"2,99 €",Kein vorheriger Preis,,"vom Rind, je 100 g",Nein,data\images_temp\bamberg_offer_030.jpg,2.99,bamberg
Knoblauch,Keine Marke,"0,89 €",Kein vorheriger Preis,"1 kg = 4,45","Kl. I, je 200-g-Netz",Nein,data\images_temp\bamberg_offer_031.jpg,0.89,bamberg
Frische Kräuter Schnittlauch,Keine Marke,"0,69 €",Kein vorheriger Preis,"1 kg = 27,60","Ursprung: siehe Etikett, je 25-g-Pckg",Nein,data\images_temp\bamberg_offer_032.jpg,0.69,bamberg
Frische Kräuter Petersilie glatt,Keine Marke,"0,69 €",Kein vorheriger Preis,"1 kg = 17,25","Ursprung: siehe Etikett, je 40-g-Pckg",Nein,data\images_temp\bamberg_offer_033.jpg,0.69,bamberg
McCain Kroketten Trio,Keine Marke,"1,59 €",Kein vorheriger Preis,"1 kg = 2,65","tiefgefroren, je 600-g-Btl",Nein,data\images_temp\bamberg_offer_034.jpg,1.59,bamberg
Jacobs Tassimokapseln Caffè Crema XL,Keine Marke,"4,44 €",Kein vorheriger Preis,"1 kg = 33,43","je 132,8-g-Pckg",Nein,data\images_temp\bamberg_offer_035.jpg,4.44,bamberg
Ferrero Die Besten,Keine Marke,"4,99 €",Kein vorheriger Preis,"1 kg = 18,55","Classic, je 269-g-Pckg",Nein,data\images_temp\bamberg_offer_036.jpg,4.99,bamberg
REWE Beste Wahl Knusperente,Keine Marke,"4,99 €",Kein vorheriger Preis,"1 kg = 15,59","tiefgefroren, je 320-g-Pckg",Nein,data\images_temp\bamberg_offer_037.jpg,4.99,bamberg
Dr. Oetker Oh My Choc Triple Choc Mousse,Keine Marke,"1,49 €",Kein vorheriger Preis,"1 kg = 21,29",je 70-g-Btl,Nein,data\images_temp\bamberg_offer_038.jpg,1.49,bamberg
REWE Beste Wahl Edel-Marzipan-Stollen,Keine Marke,"1,29 €",Kein vorheriger Preis,"1 kg = 6,45",je 200-g-Pckg,Nein,data\images_temp\bamberg_offer_039.jpg,1.29,bamberg
Fromi Comté,Keine Marke,"2,79 €",Kein vorheriger Preis,,"frz. Hartkäse, 8 Monate gereift, mind. 50% Fett i.Tr., je 100 g",Nein,data\images_temp\bamberg_offer_040.jpg,2.79,bamberg
REWE Beste Wahl Criststollen,Keine Marke,"3,19 €",Kein vorheriger Preis,"1 kg = 4,25",je 750-g-Pckg,Nein,data\images_temp\bamberg_offer_041.jpg,3.19,bamberg
Zitrone,Keine Marke,"0,66 €",Kein vorheriger Preis,,"Sorte: siehe Etikett, Kl. I, je St",Nein,data\images_temp\bamberg_offer_042.jpg,0.66,bamberg
Gelbe Speisezwiebeln,Keine Marke,"1,11 €",Kein vorheriger Preis,"1 kg = 0,56","Kl. II, je 2-kg-Netz",Nein,data\images_temp\bamberg_offer_043.jpg,1.11,bamberg
Jacobs Lungo Kaffeekapseln Intenso,Keine Marke,"4,44 €",Kein vorheriger Preis,"1 kg = 42,69",je 104-g-Pckg,Nein,data\images_temp\bamberg_offer_044.jpg,4.44,bamberg
ja! Antipasti-Teller,Keine Marke,"2,79 €",Kein vorheriger Preis,"1 kg = 13,29",je 210-g-Schale,Nein,data\images_temp\bamberg_offer_045.jpg,2.79,bamberg
Speisekartoffeln »Die Feinen«,Keine Marke,"1,79 €",Kein vorheriger Preis,,"Sorte: siehe Etikett, Kocheigenschaft: festkochend, Qualität I, je 1-kg-Schale",Nein,data\images_temp\bamberg_offer_046.jpg,1.79,bamberg
Bio Romana Salatherzen,Keine Marke,"1,49 €",Kein vorheriger Preis,,"Kl. II, je 2-St.-Pckg",Nein,data\images_temp\bamberg_offer_047.jpg,1.49,bamberg
Cherry Romatomaten,Keine Marke,"1,79 €",Kein vorheriger Preis,"1 kg = 3,58","Kl. I, je 500-g-Eimer",Nein,data\images_temp\bamberg_offer_048.jpg,1.79,bamberg
Erdbeeren,Keine Marke,"1,99 €",Kein vorheriger Preis,"1 kg = 7,96","Kl. I, je 250-g-Schale",Nein,data\images_temp\bamberg_offer_049.jpg,1.99,bamberg
Himbeeren,Keine Marke,"1,99 €",Kein vorheriger Preis,"1 kg = 15,92","Kl. I, je 125-g-Schale",Nein,data\images_temp\bamberg_offer_050.jpg,1.99,bamberg
Bio Marmande Tomaten,Keine Marke,"1,79 €",Kein vorheriger Preis,"1 kg = 5,97","Kl. II, je 300-g-Schale",Nein,data\images_temp\bamberg_offer_051.jpg,1.79,bamberg
Bio Mini Rispentomaten,Keine Marke,"1,69 €",Kein vorheriger Preis,"1 kg = 4,83","Kl. II, je 350-g-Schale",Nein,data\images_temp\bamberg_offer_052.jpg,1.69,bamberg
Snackäpfel,Keine Marke,"1,99 €",Kein vorheriger Preis,,"»Gala«, Kl. I, je 1-kg-Schale",Nein,data\images_temp\bamberg_offer_053.jpg,1.99,bamberg
Bio Avocado,Keine Marke,"1,49 €",Kein vorheriger Preis,,"»Hass«, Kl. II, je St",Nein,data\images_temp\bamberg_offer_054.jpg,1.49,bamberg
Clementinen,Keine Marke,"2,49 €",Kein vorheriger Preis,,"Sorte: siehe Etikett, Kl. I, je 1 kg",Nein,data\images_temp\bamberg_offer_060.jpg,2.49,bamberg
Eisbergsalat,Keine Marke,"0,88 €",Kein vorheriger Preis,,"Kl. I, je St",Nein,data\images_temp\bamberg_offer_061.jpg,0.88,bamberg
Riesenorangen,Keine Marke,"4,44 €",Kein vorheriger Preis,"1 kg = 1,78","Sorte: siehe Etikett, Kl. I, je 2,5-kg-Netz",Nein,data\images_temp\bamberg_offer_062.jpg,4.44,bamberg
Rotkohl,Keine Marke,"0,79 €",Kein vorheriger Preis,,"Kl. I, je 1 kg",Nein,data\images_temp\bamberg_offer_063.jpg,0.79,bamberg
Rote Spitzpaprika,Keine Marke,"1,59 €",Kein vorheriger Preis,"1 kg = 3,18","Kl. I, je 500-g-Pckg",Nein,data\images_temp\bamberg_offer_064.jpg,1.59,bamberg
Heidelbeeren,Keine Marke,"2,59 €",Kein vorheriger Preis,"1 kg = 12,95","Kl. I, je 200-g-Schale",Nein,data\images_temp\bamberg_offer_065.jpg,2.59,bamberg
Putenschnitzel,Keine Marke,"1,59 €",Kein vorheriger Preis,,"natur oder paniert, aus dem Putenbrustfilet von der Freiraumpute, je 100 g",Nein,data\images_temp\bamberg_offer_066.jpg,1.59,bamberg
Bedford Rindersaftschinken,Keine Marke,"2,99 €",Kein vorheriger Preis,,je 100 g,Nein,data\images_temp\bamberg_offer_067.jpg,2.99,bamberg
Bille Geflügelsalami,Keine Marke,"1,79 €",Kein vorheriger Preis,,"versch. Sorten, je 100 g",Nein,data\images_temp\bamberg_offer_068.jpg,1.79,bamberg
"Rinder-Rouladen, -Braten oder -Gulasch",Keine Marke,"1,99 €",Kein vorheriger Preis,,"aus der Keule, je 100 g",Nein,data\images_temp\bamberg_offer_069.jpg,1.99,bamberg
Rinder-Suppenfleisch,Keine Marke,"1,29 €",Kein vorheriger Preis,,"mit Knochen, je 100 g",Nein,data\images_temp\bamberg_offer_070.jpg,1.29,bamberg
Strohschwein-Bauch,Keine Marke,"0,99 €",Kein vorheriger Preis,,"ohne Knochen, je 100 g",Nein,data\images_temp\bamberg_offer_071.jpg,0.99,bamberg
Bayerisches Bauernhähnchen Frische Hähnchen-Schenkel,Keine Marke,"0,79 €",Kein vorheriger Preis,,je 100 g,Nein,data\images_temp\bamberg_offer_072.jpg,0.79,bamberg
Schweine-Schäufele,Keine Marke,"0,88 €",Kein vorheriger Preis,,je 100 g,Nein,data\images_temp\bamberg_offer_073.jpg,0.88,bamberg
Casa Modena Prosciutto Tartufo,Keine Marke,"2,69 €",Kein vorheriger Preis,,je 100 g,Nein,data\images_temp\bamberg_offer_074.jpg,2.69,bamberg
Casa Modena Salame al Tartufo,Keine Marke,"2,99 €",Kein vorheriger Preis,,je 100 g,Nein,data\images_temp\bamberg_offer_075.jpg,2.99,bamberg
Weihenstephan Butter oder Die Streichzarte,Keine Marke,"1,29 €",Kein vorheriger Preis,"1 kg = 5,16","versch. Sorten, je 250-g-Becher/Pckg",Nein,data\images_temp\bamberg_offer_077.jpg,1.29,bamberg
Kinder Maxi King,Keine Marke,"1,19 €",Kein vorheriger Preis,"1 kg = 11,33",je 3 x 35-g-Pckg,Nein,data\images_temp\bamberg_offer_078.jpg,1.19,bamberg
Rügenwalder Vegane Mühlen Salami oder Veganer Schinken Spicker Mortadella,Keine Marke,"1,11 €",Kein vorheriger Preis,"1 kg = 13,88",je 80-g-Pckg,Nein,data\images_temp\bamberg_offer_079.jpg,1.11,bamberg
Rügenwalder Teewurst oder Leberwurst,Keine Marke,"1,49 €",Kein vorheriger Preis,"1 kg = 11,92","versch. Sorten, je 125-g-Becher",Nein,data\images_temp\bamberg_offer_080.jpg,1.49,bamberg
Rougette Ofenkäse fein-würzig,Keine Marke,"3,99 €",Kein vorheriger Preis,"1 kg = 12,47","Weichkäse, 60% Fett i.Tr., je 320-g-Pckg",Nein,data\images_temp\bamberg_offer_081.jpg,3.99,bamberg
Like vegane Fleischalternative,Keine Marke,"2,49 €",Kein vorheriger Preis,"1 kg = 13,83","versch. Sorten, je 180-g-Pckg",Nein,data\images_temp\bamberg_offer_082.jpg,2.49,bamberg
Rana Pasta,Keine Marke,"2,79 €",Kein vorheriger Preis,"1 kg = 11,16","versch. Sorten, je 250-g-Btl",Nein,data\images_temp\bamberg_offer_083.jpg,2.79,bamberg
Arla Buko Frischkäse,Keine Marke,"0,99 €",Kein vorheriger Preis,"1 kg = 4,95","versch. Sorten, je 200-g-Becher",Nein,data\images_temp\bamberg_offer_084.jpg,0.99,bamberg
Ehrmann High Protein Pudding mit Topping oder High Protein Joghurt,Keine Marke,"0,99 €",Kein vorheriger Preis,"1 kg = 4,95","versch. Sorten, je 200-g-Becher",Nein,data\images_temp\bamberg_offer_085.jpg,0.99,bamberg
Kerrygold Cheddar gerieben,Keine Marke,"1,49 €",Kein vorheriger Preis,"1 kg = 9,93",je 150-g-Btl,Nein,data\images_temp\bamberg_offer_086.jpg,1.49,bamberg
Rama Cremefine zum Kochen,Keine Marke,"0,99 €",Kein vorheriger Preis,"1 l = 3,96",je 250-ml-Fl,Nein,data\images_temp\bamberg_offer_087.jpg,0.99,bamberg
Bresso Kräuter der Provence,Keine Marke,"1,11 €",Kein vorheriger Preis,"1 kg = 7,40","60% Fett i.Tr., je 150-g-Pckg",Nein,data\images_temp\bamberg_offer_088.jpg,1.11,bamberg
Müller Müllermilch,Keine Marke,"0,69 €",Kein vorheriger Preis,"1 l = 1,73","versch. Sorten, je 400-ml-Fl, zzgl. 0,25 Pfand",Nein,data\images_temp\bamberg_offer_090.jpg,0.69,bamberg
Krone Räucher-Lachs,Keine Marke,"3,99 €",Kein vorheriger Preis,"1 kg = 26,60",je 150-g-Pckg,Nein,data\images_temp\bamberg_offer_091.jpg,3.99,bamberg
Weihenstephan Naturjoghurt mild,Keine Marke,"0,99 €",Kein vorheriger Preis,"1 kg = 1,98","versch. Sorten, je 500-g-Becher",Nein,data\images_temp\bamberg_offer_092.jpg,0.99,bamberg
Danone YoPro Drink,Keine Marke,"1,11 €",Kein vorheriger Preis,"1 kg = 4,11","Erdbeer-Himbeer, je 270-g-Fl, zzgl. 0,25 Pfand",Nein,data\images_temp\bamberg_offer_093.jpg,1.11,bamberg
Aoste Edel-Salami,Keine Marke,"3,49 €",Kein vorheriger Preis,"1 kg = 23,27","luftgetrocknet, je 150-g-Pckg",Nein,data\images_temp\bamberg_offer_094.jpg,3.49,bamberg
Valess Gouda Schnitzel,Keine Marke,"2,49 €",Kein vorheriger Preis,"1 kg = 13,83",je 180-g-Pckg,Nein,data\images_temp\bamberg_offer_095.jpg,2.49,bamberg
ArcticFish Räucherlachs,Keine Marke,"7,99 €",Kein vorheriger Preis,"1 kg = 26,63",je 300-g-Pckg,Nein,data\images_temp\bamberg_offer_096.jpg,7.99,bamberg
Alpro Barista Kokosdrink oder Mandeldrink ungesüßt,Keine Marke,"1,99 €",Kein vorheriger Preis,,je 1-l-Pckg,Nein,data\images_temp\bamberg_offer_097.jpg,1.99,bamberg
Steinhaus Bergische Salami,Keine Marke,"3,59 €",Kein vorheriger Preis,"1 kg = 8,98",je 400-g-Pckg,Nein,data\images_temp\bamberg_offer_098.jpg,3.59,bamberg
Ehrmann Almighurt,Keine Marke,"0,39 €",Kein vorheriger Preis,"1 kg = 2,60","versch. Sorten, je 150-g-Becher",Nein,data\images_temp\bamberg_offer_101.jpg,0.39,bamberg
Nadler Sahne Heringsfilets,Keine Marke,"2,29 €",Kein vorheriger Preis,"1 kg = 5,20","versch. Sorten, je 440-g-Becher",Nein,data\images_temp\bamberg_offer_102.jpg,2.29,bamberg
Leerdammer Knusper Minis,Keine Marke,"2,39 €",Kein vorheriger Preis,"1 kg = 15,93","Natur, je 150-g-Pckg",Nein,data\images_temp\bamberg_offer_103.jpg,2.39,bamberg
Appenzeller Fondue,Keine Marke,"4,99 €",Kein vorheriger Preis,"1 kg = 12,48",je 400-g-Pckg,Nein,data\images_temp\bamberg_offer_104.jpg,4.99,bamberg
Milram Buttermilch Drink,Keine Marke,"1,29 €",Kein vorheriger Preis,"1 kg = 1,72","versch. Sorten, je 750-g-Pckg",Nein,data\images_temp\bamberg_offer_105.jpg,1.29,bamberg
Houdek Kabanos,Keine Marke,"1,99 €",Kein vorheriger Preis,"1 kg = 13,27","versch. Sorten, je 150-g-Pckg",Nein,data\images_temp\bamberg_offer_106.jpg,1.99,bamberg
Minus L H-Milch,Keine Marke,"1,19 €",Kein vorheriger Preis,,"1,5/3,5% Fett, laktosefrei, je 1-l-Pckg",Nein,data\images_temp\bamberg_offer_107.jpg,1.19,bamberg
Galbani Mozzarella Fior di Latte,Keine Marke,"1,99 €",Kein vorheriger Preis,"1 kg = 13,27","versch. Sorten, je 150-g-Btl",Nein,data\images_temp\bamberg_offer_108.jpg,1.99,bamberg
Bresso Pflanzlich,Keine Marke,"1,99 €",Kein vorheriger Preis,"1 kg = 14,21","Kräuter aus der Provence, je 140-g-Becher",Nein,data\images_temp\bamberg_offer_109.jpg,1.99,bamberg
Lysell Feinmarinaden,Keine Marke,"1,69 €",Kein vorheriger Preis,"1 kg = 13,52","versch. Sorten, je 125-g-Dose",Nein,data\images_temp\bamberg_offer_110.jpg,1.69,bamberg
Citterio Prosciutto di Parma,Keine Marke,"2,69 €",Kein vorheriger Preis,"1 kg = 38,43",je 70-g-Pckg,Nein,data\images_temp\bamberg_offer_111.jpg,2.69,bamberg
Andechser Natur Bio Kefir,Keine Marke,"1,09 €",Kein vorheriger Preis,"1 kg = 2,18","1,5% Fett, je 500-g-Fl, zzgl. 0,25 Pfand",Nein,data\images_temp\bamberg_offer_112.jpg,1.09,bamberg
Wiltmann Leber-Pastete,Keine Marke,"1,49 €",Kein vorheriger Preis,"1 kg = 14,90","versch. Sorten, je 100-g-Pckg",Nein,data\images_temp\bamberg_offer_113.jpg,1.49,bamberg
Meine Lieblinge White Tiger Garnele,Keine Marke,"2,39 €",Kein vorheriger Preis,"1 kg = 29,88",je 80-g-Pckg,Nein,data\images_temp\bamberg_offer_114.jpg,2.39,bamberg
Laru Griebenschmalz,Keine Marke,"1,59 €",Kein vorheriger Preis,"1 kg = 10,60",je 150-g-Becher,Nein,data\images_temp\bamberg_offer_115.jpg,1.59,bamberg
Lamm-Keule,Keine Marke,"1,29 €",Kein vorheriger Preis,,"mit Knochen, je 100 g",Nein,data\images_temp\bamberg_offer_116.jpg,1.29,bamberg
Schiller GQB Strohschwein Frischwurst-Aufschnitt,Keine Marke,"1,11 €",Kein vorheriger Preis,,"versch. Sorten, je 100 g",Nein,data\images_temp\bamberg_offer_117.jpg,1.11,bamberg
Milram Burlander,Keine Marke,"1,11 €",Kein vorheriger Preis,,"Schnittkäse, 45% Fett i.Tr., je 100 g",Nein,data\images_temp\bamberg_offer_118.jpg,1.11,bamberg
Leerdammer Original,Keine Marke,"1,11 €",Kein vorheriger Preis,,"holl. Schnittkäse, 45% Fett i.Tr., je 100 g",Nein,data\images_temp\bamberg_offer_119.jpg,1.11,bamberg
Hof-Milch Raclette,Keine Marke,"1,19 €",Kein vorheriger Preis,,"Schnittkäse, mind. 50% Fett i.Tr., je 100 g",Nein,data\images_temp\bamberg_offer_120.jpg,1.19,bamberg
Basedahl Orig. Kaisersülze,Keine Marke,"1,79 €",Kein vorheriger Preis,,je 100 g,Nein,data\images_temp\bamberg_offer_121.jpg,1.79,bamberg
Frisches Kaninchen,Keine Marke,"12,90 €",Kein vorheriger Preis,,"mit Kopf und Nieren, SB-verpackt, je 1 kg",Nein,data\images_temp\bamberg_offer_122.jpg,12.9,bamberg
Käserebellen Nuss Rebell oder Heublumen Rebell,Keine Marke,"1,99 €",Kein vorheriger Preis,,"Schnittkäse, mind. 50% Fett i.Tr., je 100 g",Nein,data\images_temp\bamberg_offer_123.jpg,1.99,bamberg
Langewiesche Butterschinken,Keine Marke,"1,79 €",Kein vorheriger Preis,,je 100 g,Nein,data\images_temp\bamberg_offer_124.jpg,1.79,bamberg
Andechser Natur Bio-Speisequark-zubereitung,Keine Marke,"1,09 €",Kein vorheriger Preis,"1 kg = 4,36","versch. Sorten, je 250-g-Becher",Nein,data\images_temp\bamberg_offer_125.jpg,1.09,bamberg
Valess Crispy Sticks,Keine Marke,"2,49 €",Kein vorheriger Preis,"1 kg = 15,56",je 160-g-Pckg,Nein,data\images_temp\bamberg_offer_126.jpg,2.49,bamberg
Kalbs-Leber,Keine Marke,"1,79 €",Kein vorheriger Preis,,"in Scheiben, je 100 g",Nein,data\images_temp\bamberg_offer_127.jpg,1.79,bamberg
REWE Feine Welt Belgisches Schokoladensoufflé,Keine Marke,"2,19 €",Kein vorheriger Preis,"1 kg = 10,95",je 2 x 100-g-Pckg,Nein,data\images_temp\bamberg_offer_128.jpg,2.19,bamberg
Rinder-Hackfleisch,Keine Marke,"1,59 €",Kein vorheriger Preis,,je 100 g,Nein,data\images_temp\bamberg_offer_129.jpg,1.59,bamberg
Böhnlein Weißwurst,Keine Marke,"1,19 €",Kein vorheriger Preis,,je 100 g,Nein,data\images_temp\bamberg_offer_130.jpg,1.19,bamberg
REWE Feine Welt Würzige Ziege,Keine Marke,"3,49 €",Kein vorheriger Preis,"1 kg = 23,27",je 150-g-Pckg,Nein,data\images_temp\bamberg_offer_131.jpg,3.49,bamberg
REWE Feine Welt Crème brûlée,Keine Marke,"1,11 €",Kein vorheriger Preis,"1 kg = 11,10",je 100-g-Glas-Pckg,Nein,data\images_temp\bamberg_offer_132.jpg,1.11,bamberg
REWE Bio Schweine-Minutensteaks,Keine Marke,"29,90 €",Kein vorheriger Preis,,"SB-verpackt, je 1 kg",Nein,data\images_temp\bamberg_offer_134.jpg,29.9,bamberg
REWE Regional Frisches Hähnchen-Innenbrustfilet,Keine Marke,"4,44 €",Kein vorheriger Preis,"1 kg = 12,69",je 350-g-Pckg,Nein,data\images_temp\bamberg_offer_135.jpg,4.44,bamberg
Chicken Nuggets XXL,Keine Marke,"6,99 €",Kein vorheriger Preis,,je 1000-g-Pckg,Nein,data\images_temp\bamberg_offer_136.jpg,6.99,bamberg
Frisches Putenbrustfilet XXL,Keine Marke,"8,99 €",Kein vorheriger Preis,,"SB-verpackt, je 1 kg",Nein,data\images_temp\bamberg_offer_137.jpg,8.99,bamberg
Spanferkel-Keule,Keine Marke,"12,90 €",Kein vorheriger Preis,,"gewürzt und gebraten, mit Soße, SB-verpackt, je 1 kg",Nein,data\images_temp\bamberg_offer_138.jpg,12.9,bamberg
REWE Feine Welt Lammhaxe in Rotweinsauce,Keine Marke,"6,99 €",Kein vorheriger Preis,"1 kg = 15,53",je 450-g-Pckg,Nein,data\images_temp\bamberg_offer_139.jpg,6.99,bamberg
REWE Feine Welt Ochsen-Bäckchen,Keine Marke,"6,66 €",Kein vorheriger Preis,"1 kg = 17,53","in Rotweinsauce, je 380-g-Pckg",Nein,data\images_temp\bamberg_offer_140.jpg,6.66,bamberg
Berger Käsekrainer oder Debrecziner,Keine Marke,"1,29 €",Kein vorheriger Preis,,je 100 g,Nein,data\images_temp\bamberg_offer_141.jpg,1.29,bamberg
Le Grand Rustique,Keine Marke,"1,99 €",Kein vorheriger Preis,,"frz. Weichkäse, 46% Fett i.Tr., je 100 g",Nein,data\images_temp\bamberg_offer_142.jpg,1.99,bamberg
Rote Hexe,Keine Marke,"2,49 €",Kein vorheriger Preis,,"Schweizer Schnittkäse, mind. 55% Fett i.Tr., je 100 g",Nein,data\images_temp\bamberg_offer_143.jpg,2.49,bamberg
Schiller GQB Strohschwein Zwiebelmettwurst,Keine Marke,"1,49 €",Kein vorheriger Preis,,je 100 g,Nein,data\images_temp\bamberg_offer_144.jpg,1.49,bamberg
Danone YoPro Skyr,Keine Marke,"1,11 €",Kein vorheriger Preis,"1 kg = 6,94","Vanille, je 160-g-Becher",Nein,data\images_temp\bamberg_offer_145.jpg,1.11,bamberg
REWE Feine Welt Jamón Serrano Reserva,Keine Marke,"19,99 €",Kein vorheriger Preis,"1 kg = 21,04","span. Rohschinken, luftgetrocknet, fein-würzig, mind. 12 Monate gereift, je 0,95-kg-Pckg",Nein,data\images_temp\bamberg_offer_146.jpg,19.99,bamberg
REWE Feine Welt Entrecote von der Färse,Keine Marke,"44,40 €",Kein vorheriger Preis,,"SB-verpackt, je 1 kg",Nein,data\images_temp\bamberg_offer_147.jpg,44.4,bamberg
Kerrygold Cheddar Käse Scheiben,Keine Marke,"1,49 €",Kein vorheriger Preis,"1 kg = 11,46",je 130-g-Pckg,Nein,data\images_temp\bamberg_offer_148.jpg,1.49,bamberg
Kinder Pingui,Keine Marke,"1,19 €",Kein vorheriger Preis,"1 kg = 9,92",je 4 x 30-g-Pckg,Nein,data\images_temp\bamberg_offer_149.jpg,1.19,bamberg
Kinder Milchschnitte,Keine Marke,"1,19 €",Kein vorheriger Preis,"1 kg = 8,50",je 5 x 28-g-Pckg,Nein,data\images_temp\bamberg_offer_150.jpg,1.19,bamberg
Bresso Feine Kräuter,Keine Marke,"1,11 €",Kein vorheriger Preis,"1 kg = 9,25","60% Fett i.Tr., je 8 x 15-g-Pckg",Nein,data\images_temp\bamberg_offer_151.jpg,1.11,bamberg
Laru Gänse Schmaus,Keine Marke,"1,59 €",Kein vorheriger Preis,"1 kg = 12,72",je 125-g-Becher,Nein,data\images_temp\bamberg_offer_152.jpg,1.59,bamberg
Käserei Champignon Cambozola oder Rougette,Keine Marke,"1,79 €",Kein vorheriger Preis,,"Weichkäse, versch. Sorten, je 100 g",Nein,data\images_temp\bamberg_offer_153.jpg,1.79,bamberg
REWE Feine Welt Salami Ciatore,Keine Marke,"2,99 €",Kein vorheriger Preis,"1 kg = 37,38",je 80-g-Pckg,Nein,data\images_temp\bamberg_offer_154.jpg,2.99,bamberg
REWE Feine Welt Burrata,Keine Marke,"1,49 €",Kein vorheriger Preis,"1 kg = 14,90","je 250-g-Becher, 100-g-Abtropfgew.",Nein,data\images_temp\bamberg_offer_155.jpg,1.49,bamberg
REWE Feine Welt Parmigiano Reggiano,Keine Marke,"3,59 €",Kein vorheriger Preis,"1 kg = 23,93","ital. Hartkäse, 32% Fett i.Tr., je 150-g-Pckg",Nein,data\images_temp\bamberg_offer_156.jpg,3.59,bamberg
Meine Lieblinge Arktische Königsgarnele,Keine Marke,"2,39 €",Kein vorheriger Preis,"1 kg = 34,14",je 70-g-Pckg,Nein,data\images_temp\bamberg_offer_158.jpg,2.39,bamberg
REWE Feine Welt Girasoli,Keine Marke,"2,29 €",Kein vorheriger Preis,"1 kg = 9,16","versch. Sorten, je 250-g-Pckg",Nein,data\images_temp\bamberg_offer_159.jpg,2.29,bamberg
Wilhelm Brandenburg Peitschen,Keine Marke,"2,79 €",Kein vorheriger Preis,"1 kg = 27,90","versch. Sorten, je 100-g-Pckg",Nein,data\images_temp\bamberg_offer_160.jpg,2.79,bamberg
Rama Cremefine Schlagcreme,Keine Marke,"0,99 €",Kein vorheriger Preis,"1 l = 4,95",je 200-ml-Becher,Nein,data\images_temp\bamberg_offer_161.jpg,0.99,bamberg
REWE Feine Welt Rinder-Carpaccio,Keine Marke,"3,29 €",Kein vorheriger Preis,"1 kg = 27,42",je 120-g-Pckg,Nein,data\images_temp\bamberg_offer_162.jpg,3.29,bamberg
REWE Feine Welt Trüffelbutter,Keine Marke,"3,19 €",Kein vorheriger Preis,"1 kg = 31,90",je 100-g-Glas-Pckg,Nein,data\images_temp\bamberg_offer_163.jpg,3.19,bamberg
Henglein Gnocchi,Keine Marke,"1,99 €",Kein vorheriger Preis,"1 kg = 3,98","versch. Sorten, je 500-g-Btl",Nein,data\images_temp\bamberg_offer_164.jpg,1.99,bamberg
True Fruits Smoothie,Keine Marke,"2,29 €",Kein vorheriger Preis,"1 l = 9,16","versch. Sorten, je 250-ml-Fl",Nein,data\images_temp\bamberg_offer_166.jpg,2.29,bamberg
Noa Hummus,Keine Marke,"1,79 €",Kein vorheriger Preis,"1 kg = 10,23","versch. Sorten, je 175-g-Becher",Nein,data\images_temp\bamberg_offer_167.jpg,1.79,bamberg
Burgis Sonntagsknödel,Keine Marke,"1,79 €",Kein vorheriger Preis,"1 kg = 3,58",je 500-g-Pckg,Nein,data\images_temp\bamberg_offer_168.jpg,1.79,bamberg
Homann Fleischsalat,Keine Marke,"1,29 €",Kein vorheriger Preis,"1 kg = 6,45","versch. Sorten, je 200-g-Pckg",Nein,data\images_temp\bamberg_offer_170.jpg,1.29,bamberg
Popp Meistersalat,Keine Marke,"1,69 €",Kein vorheriger Preis,"1 kg = 8,45","versch. Sorten, je 200-g-Pckg",Nein,data\images_temp\bamberg_offer_171.jpg,1.69,bamberg
Chovi Allioli,Keine Marke,"1,89 €",Kein vorheriger Preis,"1 l = 12,60",je 150-ml-Becher,Nein,data\images_temp\bamberg_offer_172.jpg,1.89,bamberg
Florette Salat Fein & Pikant,Keine Marke,"1,79 €",Kein vorheriger Preis,"1 kg = 12,79",je 140-g-Btl,Nein,data\images_temp\bamberg_offer_173.jpg,1.79,bamberg
REWE Feine Welt Gefüllte Gnocchi,Keine Marke,"2,49 €",Kein vorheriger Preis,"1 kg = 6,23",je 400-g-Pckg,Nein,data\images_temp\bamberg_offer_174.jpg,2.49,bamberg
REWE Feine Welt Dressing,Keine Marke,"1,29 €",Kein vorheriger Preis,"1 l = 6,45","versch. Sorten, je 200-ml-Fl",Nein,data\images_temp\bamberg_offer_175.jpg,1.29,bamberg
Florette Salat Wintergenuss,Keine Marke,"1,79 €",Kein vorheriger Preis,"1 kg = 17,90",je 100-g-Btl,Nein,data\images_temp\bamberg_offer_176.jpg,1.79,bamberg
Iglo Schlemmerfilet Bordelaise Classic,Keine Marke,"2,79 €",Kein vorheriger Preis,"1 kg = 7,34","tiefgefroren, je 380-g-Pckg",Nein,data\images_temp\bamberg_offer_177.jpg,2.79,bamberg
Original Wagner Steinofen Pizza Salami,Keine Marke,"1,59 €",Kein vorheriger Preis,"1 kg = 4,97","tiefgefroren, je 320-g-Pckg",Nein,data\images_temp\bamberg_offer_178.jpg,1.59,bamberg
Langnese Cremissimo Bourbon Vanille,Keine Marke,"1,59 €",Kein vorheriger Preis,"1 l = 1,77",je 900-ml-Becher,Nein,data\images_temp\bamberg_offer_179.jpg,1.59,bamberg
Iglo 15 Fischstäbchen,Keine Marke,"2,49 €",Kein vorheriger Preis,"1 kg = 5,53","tiefgefroren, je 450-g-Pckg",Nein,data\images_temp\bamberg_offer_180.jpg,2.49,bamberg
Coppenrath & Wiese Cafeteria fein & sahnig Mandel-Bienenstich,Keine Marke,"3,49 €",Kein vorheriger Preis,"1 kg = 6,58","tiefgefroren, je 530-g-Pckg",Nein,data\images_temp\bamberg_offer_182.jpg,3.49,bamberg
Iglo Tagliatelle Funghi,Keine Marke,"2,99 €",Kein vorheriger Preis,"1 kg = 6,64","tiefgefroren, je 450-g-Btl",Nein,data\images_temp\bamberg_offer_183.jpg,2.99,bamberg
Block House American Burger,Keine Marke,"6,99 €",Kein vorheriger Preis,"1 kg = 13,98","tiefgefroren, je 4 x 125-g-Pckg",Nein,data\images_temp\bamberg_offer_185.jpg,6.99,bamberg
Coppenrath & Wiese Unsere Goldstücke 9 Weizenbrötchen,Keine Marke,"1,49 €",Kein vorheriger Preis,"1 kg = 3,31","tiefgefroren, je 450-g-Btl",Nein,data\images_temp\bamberg_offer_186.jpg,1.49,bamberg
Frosta Gemüsepfanne,Keine Marke,"1,99 €",Kein vorheriger Preis,"1 kg = 4,16","versch. Sorten, tiefgefroren, je 480-g-Btl",Nein,data\images_temp\bamberg_offer_188.jpg,1.99,bamberg
Nuii Ice Cream Salted Caramel & Australian Macadamia,Keine Marke,"2,22 €",Kein vorheriger Preis,"1 l = 8,22",je 3 x 90-ml-Pckg,Nein,data\images_temp\bamberg_offer_189.jpg,2.22,bamberg
Original Wagner Flammkuchen Elsässer Art,Keine Marke,"1,59 €",Kein vorheriger Preis,"1 kg = 5,30","tiefgefroren, je 300-g-Pckg",Nein,data\images_temp\bamberg_offer_190.jpg,1.59,bamberg
Block House Block Burger,Keine Marke,"6,99 €",Kein vorheriger Preis,"1 kg = 17,48","tiefgefroren, je 2 x 200-g-Pckg",Nein,data\images_temp\bamberg_offer_191.jpg,6.99,bamberg
Iglo Pasta Carbonara,Keine Marke,"2,99 €",Kein vorheriger Preis,"1 kg = 7,04","tiefgefroren, je 425-g-Btl",Nein,data\images_temp\bamberg_offer_192.jpg,2.99,bamberg
Coppenrath & Wiese Cafeteria fein & sahnig Schwarzwälder-Kirsch,Keine Marke,"3,49 €",Kein vorheriger Preis,"1 kg = 6,98","tiefgefroren, je 500-g-Pckg",Nein,data\images_temp\bamberg_offer_193.jpg,3.49,bamberg
Langnese Cremissimo Haselnuss Vanilla Schokolade Eiscreme,Keine Marke,"1,59 €",Kein vorheriger Preis,,je 1000-ml-Becher,Nein,data\images_temp\bamberg_offer_194.jpg,1.59,bamberg
Iglo 13 Backfischstäbchen,Keine Marke,"2,49 €",Kein vorheriger Preis,"1 kg = 6,84","tiefgefroren, je 364-g-Pckg",Nein,data\images_temp\bamberg_offer_195.jpg,2.49,bamberg
Iglo Filegro Müllerin Art,Keine Marke,"2,79 €",Kein vorheriger Preis,"1 kg = 11,16","tiefgefroren, je 250-g-Pckg",Nein,data\images_temp\bamberg_offer_197.jpg,2.79,bamberg
Coppenrath & Wiese Unsere Goldstücke 9 Baguette-Brötchen,Keine Marke,"1,49 €",Kein vorheriger Preis,"1 kg = 2,76","tiefgefroren, je 540-g-Btl",Nein,data\images_temp\bamberg_offer_198.jpg,1.49,bamberg
Lavazza Caffè Crema oder Espresso,Keine Marke,"14,99 €",Kein vorheriger Preis,,"versch. Sorten, ganze Bohnen, je 1000-g-Pckg",Nein,data\images_temp\bamberg_offer_201.jpg,14.99,bamberg
Melitta Auslese Kaffee,Keine Marke,"5,55 €",Kein vorheriger Preis,"1 kg = 11,10","versch. Sorten, gemahlener Bohnenkaffee, je 500-g-Pckg",Nein,data\images_temp\bamberg_offer_202.jpg,5.55,bamberg
Senseo Kaffeepads Classic,Keine Marke,"2,99 €",Kein vorheriger Preis,"1 kg = 26,94",je 111-g-Btl,Nein,data\images_temp\bamberg_offer_203.jpg,2.99,bamberg
Meßmer Kräutertee Pfefferminze,Keine Marke,"1,49 €",Kein vorheriger Preis,"1 kg = 26,49","je 56,25-g-Pckg",Nein,data\images_temp\bamberg_offer_204.jpg,1.49,bamberg
Jacobs Gold,Keine Marke,"6,99 €",Kein vorheriger Preis,"1 kg = 34,95","löslicher Bohnenkaffee, je 200-g-Glas",Nein,data\images_temp\bamberg_offer_205.jpg,6.99,bamberg
Schwartau Konfitüre Extra,Keine Marke,"1,88 €",Kein vorheriger Preis,"1 kg = 5,53","Erdbeere, je 340-g-Glas",Nein,data\images_temp\bamberg_offer_206.jpg,1.88,bamberg
Jacobs 3in1 Classic,Keine Marke,"1,99 €",Kein vorheriger Preis,"1 kg = 16,58",je 120-g-Pckg,Nein,data\images_temp\bamberg_offer_207.jpg,1.99,bamberg
Kaba Choco Kakao oder Suchard Express Kakao,Keine Marke,"2,29 €",Kein vorheriger Preis,"1 kg = 5,73",je 400-g-Btl,Nein,data\images_temp\bamberg_offer_208.jpg,2.29,bamberg
Ovomaltine Crunchy Cream,Keine Marke,"3,49 €",Kein vorheriger Preis,"1 kg = 9,18",je 380-g-Glas,Nein,data\images_temp\bamberg_offer_209.jpg,3.49,bamberg
Dr. Karg Knäckebrot,Keine Marke,"2,19 €",Kein vorheriger Preis,"1 kg = 10,95","versch. Sorten, je 200-g-Pckg",Nein,data\images_temp\bamberg_offer_210.jpg,2.19,bamberg
Langnese Honig,Keine Marke,"3,49 €",Kein vorheriger Preis,"1 kg = 6,98","versch. Sorten, je 500-g-Glas",Nein,data\images_temp\bamberg_offer_211.jpg,3.49,bamberg
Meßmer Schwarztee Earl Grey,Keine Marke,"1,49 €",Kein vorheriger Preis,"1 kg = 34,06","je 43,75-g-Pckg",Nein,data\images_temp\bamberg_offer_212.jpg,1.49,bamberg
Schwartau Samt Fruchtaufstrich,Keine Marke,"1,88 €",Kein vorheriger Preis,"1 kg = 6,96","Aprikose, je 270-g-Glas",Nein,data\images_temp\bamberg_offer_213.jpg,1.88,bamberg
Jacobs 2in1 Classic,Keine Marke,"1,99 €",Kein vorheriger Preis,"1 kg = 16,05",je 124-g-Pckg,Nein,data\images_temp\bamberg_offer_214.jpg,1.99,bamberg
REWE Beste Wahl Chia Vitalschnitte,Keine Marke,"1,69 €",Kein vorheriger Preis,"1 kg = 3,38",je 500-g-Pckg,Nein,data\images_temp\bamberg_offer_215.jpg,1.69,bamberg
Jacobs Crema Pads,Keine Marke,"2,99 €",Kein vorheriger Preis,"1 kg = 25,34",je 118-g-Btl,Nein,data\images_temp\bamberg_offer_216.jpg,2.99,bamberg
Wasa Vollkorn Roggen,Keine Marke,"1,79 €",Kein vorheriger Preis,"1 kg = 6,88",je 260-g-Pckg,Nein,data\images_temp\bamberg_offer_218.jpg,1.79,bamberg
Wasa Sesam & Vollkorn,Keine Marke,"1,79 €",Kein vorheriger Preis,"1 kg = 8,95",je 200-g-Pckg,Nein,data\images_temp\bamberg_offer_219.jpg,1.79,bamberg
Maggi 5 Minuten Terrine Nudeln in Rahmsauce,Keine Marke,"0,89 €",Kein vorheriger Preis,"1 kg = 14,59",je 61-g-Becher,Nein,data\images_temp\bamberg_offer_221.jpg,0.89,bamberg
Knorr Fix Bolognese Unsere Beste!,Keine Marke,"0,44 €",Kein vorheriger Preis,"1 kg = 11,58",je 38-g-Btl,Nein,data\images_temp\bamberg_offer_222.jpg,0.44,bamberg
Delverde Pasta,Keine Marke,"0,69 €",Kein vorheriger Preis,"1 kg = 1,38","versch. Ausformungen, je 500-g-Pckg",Nein,data\images_temp\bamberg_offer_223.jpg,0.69,bamberg
Appel Zarte Filets vom Hering,Keine Marke,"1,11 €",Kein vorheriger Preis,"1 kg = 5,55","versch. Sorten, je 200-g-Dose",Nein,data\images_temp\bamberg_offer_224.jpg,1.11,bamberg
Yum Yum Instant Nudelsuppe,Keine Marke,"0,49 €",Kein vorheriger Preis,"1 kg = 8,17","versch. Sorten, je 60-g-Btl",Nein,data\images_temp\bamberg_offer_227.jpg,0.49,bamberg
3 Glocken Genuss Pur Pasta,Keine Marke,"0,99 €",Kein vorheriger Preis,"1 kg = 1,98","versch. Ausformungen, je 500-g-Btl",Nein,data\images_temp\bamberg_offer_228.jpg,0.99,bamberg
De Cecco Natives Olivenöl Extra Classico,Keine Marke,"5,99 €",Kein vorheriger Preis,"1 l = 11,98",je 500-ml-Fl,Nein,data\images_temp\bamberg_offer_229.jpg,5.99,bamberg
Kühne Rotkohl,Keine Marke,"1,29 €",Kein vorheriger Preis,"1 kg = 1,98","je 680-g-Glas, 650-g-Abtropfgew.",Nein,data\images_temp\bamberg_offer_230.jpg,1.29,bamberg
Thomy Reines Sonnenblumenöl,Keine Marke,"2,29 €",Kein vorheriger Preis,"1 l = 3,05","reich an Vitamin E, je 750-ml-Fl",Nein,data\images_temp\bamberg_offer_231.jpg,2.29,bamberg
Saupiquet Thunfisch-Salat,Keine Marke,"2,29 €",Kein vorheriger Preis,"1 kg = 14,31","versch. Sorten, je 160-g-Dosen-Pckg",Nein,data\images_temp\bamberg_offer_232.jpg,2.29,bamberg
Dr. Oetker Vanillin Zucker,Keine Marke,"0,99 €",Kein vorheriger Preis,"1 kg = 12,38",je 10 x 8-g-Pckg,Nein,data\images_temp\bamberg_offer_233.jpg,0.99,bamberg
Hengstenberg Mildessa Mildes Weinsauerkraut,Keine Marke,"1,49 €",Kein vorheriger Preis,"1 kg = 1,94","je 810-g-Dose, 770-g-Abtropfgew.",Nein,data\images_temp\bamberg_offer_236.jpg,1.49,bamberg
Followfood Thunfisch Filets,Keine Marke,"2,79 €",Kein vorheriger Preis,"1 kg = 21,46","in eigenem Saft, je 185-g-Dosen-Pckg, 130-g-Abtropfgew.",Nein,data\images_temp\bamberg_offer_237.jpg,2.79,bamberg
Saupiquet Paté Aufstrich,Keine Marke,"2,49 €",Kein vorheriger Preis,"1 kg = 21,65","Thunfisch Classic, je 115-g-Dose",Nein,data\images_temp\bamberg_offer_238.jpg,2.49,bamberg
Hellmann’s Tomato Ketchup,Keine Marke,"1,99 €",Kein vorheriger Preis,"1 l = 3,98",je 500-ml-Fl,Nein,data\images_temp\bamberg_offer_239.jpg,1.99,bamberg
Thomy Les Sauces Hollandaise,Keine Marke,"0,79 €",Kein vorheriger Preis,"1 l = 3,16","versch. Sorten, je 250-ml-Pckg",Nein,data\images_temp\bamberg_offer_241.jpg,0.79,bamberg
Heinz Beanz,Keine Marke,"1,79 €",Kein vorheriger Preis,"1 kg = 4,31",je 415-g-Dose,Nein,data\images_temp\bamberg_offer_242.jpg,1.79,bamberg
REWE Feine Welt Aceto Balsamico di Modena I.G.P.,Keine Marke,"3,69 €",Kein vorheriger Preis,"1 l = 14,76",je 250-ml-Fl,Nein,data\images_temp\bamberg_offer_245.jpg,3.69,bamberg
Hengstenberg Mildessa 2 Minuten mild feines Sauerkraut,Keine Marke,"1,49 €",Kein vorheriger Preis,"1 kg = 4,26","würzig, je 400-g-Btl, 350-g-Abtropfgew.",Nein,data\images_temp\bamberg_offer_246.jpg,1.49,bamberg
Dr. Oetker Backin Backpulver,Keine Marke,"0,99 €",Kein vorheriger Preis,"1 kg = 6,19",je 10 x 16-g-Pckg,Nein,data\images_temp\bamberg_offer_248.jpg,0.99,bamberg
REWE Feine Welt Trüffel,Keine Marke,"3,49 €",Kein vorheriger Preis,"1 kg = 139,60",je 25-g-Glas,Nein,data\images_temp\bamberg_offer_249.jpg,3.49,bamberg
REWE Feine Welt Lesvos g.g.A. Natives Olivenöl extra,Keine Marke,"6,99 €",Kein vorheriger Preis,"1 l = 13,98",je 500-ml-Fl,Nein,data\images_temp\bamberg_offer_250.jpg,6.99,bamberg
Knorr Fix Gulasch,Keine Marke,"0,44 €",Kein vorheriger Preis,"1 kg = 8,98",je 49-g-Btl,Nein,data\images_temp\bamberg_offer_251.jpg,0.44,bamberg
Maggi Magic Asia Noodle Cup Chicken,Keine Marke,"0,89 €",Kein vorheriger Preis,"1 kg = 14,13",je 63-g-Becher,Nein,data\images_temp\bamberg_offer_252.jpg,0.89,bamberg
REWE Feine Welt Tellicherry Pfeffer,Keine Marke,"3,59 €",Kein vorheriger Preis,"1 kg = 83,49",je 43-g-Glas,Nein,data\images_temp\bamberg_offer_253.jpg,3.59,bamberg
REWE Feine Welt Fond,Keine Marke,"1,49 €",Kein vorheriger Preis,"1 l = 3,73","versch. Sorten, je 400-ml-Glas",Nein,data\images_temp\bamberg_offer_255.jpg,1.49,bamberg
REWE Feine Welt Fleur De Sel,Keine Marke,"2,49 €",Kein vorheriger Preis,"1 kg = 19,15","feinstes handgeschöpftes Meersalz, je 130-g-Glas",Nein,data\images_temp\bamberg_offer_257.jpg,2.49,bamberg
Ritter Sport Schokolade,Keine Marke,"1,11 €",Kein vorheriger Preis,"1 kg = 11,10","versch. Sorten, je 100-g-Tafel",Nein,data\images_temp\bamberg_offer_258.jpg,1.11,bamberg
Storck Toffifee,Keine Marke,"0,99 €",Kein vorheriger Preis,"1 kg = 7,92","versch. Sorten, je 125-g-Pckg",Nein,data\images_temp\bamberg_offer_260.jpg,0.99,bamberg
Funny-frisch Chipsfrisch,Keine Marke,"0,99 €",Kein vorheriger Preis,"1 kg = 6,60","ungarisch, je 150-g-Btl",Nein,data\images_temp\bamberg_offer_261.jpg,0.99,bamberg
Raffaello,Keine Marke,"2,99 €",Kein vorheriger Preis,"1 kg = 13,00",je 230-g-Btl,Nein,data\images_temp\bamberg_offer_262.jpg,2.99,bamberg
Nestlé Choco Crossies,Keine Marke,"1,99 €",Kein vorheriger Preis,"1 kg = 13,27",je 150-g-Pckg,Nein,data\images_temp\bamberg_offer_263.jpg,1.99,bamberg
Oreo Kekse,Keine Marke,"1,29 €",Kein vorheriger Preis,"1 kg = 8,38","versch. Sorten, je 154-g-Rolle",Nein,data\images_temp\bamberg_offer_264.jpg,1.29,bamberg
Nestlé Kit Kat,Keine Marke,"1,79 €",Kein vorheriger Preis,"1 kg = 10,78","je 4 x 41,5-g-Pckg",Nein,data\images_temp\bamberg_offer_266.jpg,1.79,bamberg
Lindt Lindor,Keine Marke,"5,29 €",Kein vorheriger Preis,"1 kg = 26,45","Milch, je 200-g-Pckg",Nein,data\images_temp\bamberg_offer_268.jpg,5.29,bamberg
Maryland Snack Nüsse,Keine Marke,"2,69 €",Kein vorheriger Preis,"1 kg = 9,78","versch. Sorten, je 275-g-Dose",Nein,data\images_temp\bamberg_offer_269.jpg,2.69,bamberg
P & E Wikinger Röllchen,Keine Marke,"1,79 €",Kein vorheriger Preis,"1 kg = 8,95","Klassik, je 200-g-Pckg",Nein,data\images_temp\bamberg_offer_270.jpg,1.79,bamberg
Nestlé After Eight,Keine Marke,"1,99 €",Kein vorheriger Preis,"1 kg = 9,95",je 200-g-Pckg,Nein,data\images_temp\bamberg_offer_271.jpg,1.99,bamberg
Mars Snickers oder Twix,Keine Marke,"1,99 €",Kein vorheriger Preis,"1 kg = 7,96",je 5 x 50-g-Riegel-Pckg,Nein,data\images_temp\bamberg_offer_272.jpg,1.99,bamberg
Tuc Bake Rolls,Keine Marke,"1,49 €",Kein vorheriger Preis,"1 kg = 9,93","versch. Sorten, je 150-g-Pckg",Nein,data\images_temp\bamberg_offer_273.jpg,1.49,bamberg
Funny-frisch Ofen Chips,Keine Marke,"0,99 €",Kein vorheriger Preis,"1 kg = 7,92","Paprika, je 125-g-Btl",Nein,data\images_temp\bamberg_offer_274.jpg,0.99,bamberg
"Coca-Cola, Fanta, Sprite oder Mezzo Mix",Keine Marke,"9,99 €",Kein vorheriger Preis,"1 l = 0,83","versch. Sorten, teilw. koffeinhaltig, je 12 x 1-l-Fl.-Kasten, zzgl. 3,30 Pfand",Nein,data\images_temp\bamberg_offer_278.jpg,9.99,bamberg
Coca-Cola,Keine Marke,"0,69 €",Kein vorheriger Preis,"1 l = 2,09","versch. Sorten, teilw. koffeinhaltig, je 0,33-l-Dose, zzgl. 0,25 Pfand",Nein,data\images_temp\bamberg_offer_279.jpg,0.69,bamberg
Volvic Mineralwasser,Keine Marke,"3,99 €",Kein vorheriger Preis,"1 l = 0,44","Naturelle, je 6 x 1,5-l-Fl.-Pckg, zzgl. 1,50 Pfand",Nein,data\images_temp\bamberg_offer_280.jpg,3.99,bamberg
Rockstar Energy Drink,Keine Marke,"0,88 €",Kein vorheriger Preis,"1 l = 1,76","versch. Sorten, koffeinhaltig, je 0,5-l-Dose, zzgl. 0,25 Pfand",Nein,data\images_temp\bamberg_offer_281.jpg,0.88,bamberg
Powerade,Keine Marke,"0,99 €",Kein vorheriger Preis,"1 l = 1,98","versch. Sorten, je 0,5-l-Fl, zzgl. 0,25 Pfand",Nein,data\images_temp\bamberg_offer_282.jpg,0.99,bamberg
Schweppes,Keine Marke,"1,49 €",Kein vorheriger Preis,"1 l = 1,19","versch. Sorten, je 1,25-l-Fl, zzgl. 0,25 Pfand",Nein,data\images_temp\bamberg_offer_284.jpg,1.49,bamberg
Rhönsprudel Mineralwasser,Keine Marke,"5,99 €",Kein vorheriger Preis,"1 l = 0,50","versch. Sorten, je 12 x 1-l-Fl.-Kasten, zzgl. 3,30 Pfand",Nein,data\images_temp\bamberg_offer_285.jpg,5.99,bamberg
Effect Energy Drink,Keine Marke,"0,69 €",Kein vorheriger Preis,"1 l = 2,09","versch. Sorten, koffeinhaltig, je 0,33-l-Dose, zzgl. 0,25 Pfand",Nein,data\images_temp\bamberg_offer_287.jpg,0.69,bamberg
Evian Natural Mineral Water,Keine Marke,"0,99 €",Kein vorheriger Preis,"1 l = 0,66","je 1,5-l-Fl, zzgl. 0,25 Pfand",Nein,data\images_temp\bamberg_offer_288.jpg,0.99,bamberg
Rauch Eistee,Keine Marke,"1,11 €",Kein vorheriger Preis,"1 l = 0,74","versch. Sorten, je 1,5-l-Fl, zzgl. 0,25 Pfand",Nein,data\images_temp\bamberg_offer_289.jpg,1.11,bamberg
Volvic Touch Spritzig,Keine Marke,"0,79 €",Kein vorheriger Preis,"1 l = 2,39","versch. Sorten, je 0,33-l-Dose, zzgl. 0,25 Pfand",Nein,data\images_temp\bamberg_offer_290.jpg,0.79,bamberg
Franken Brunnen Mineralwasser,Keine Marke,"0,65 €",Kein vorheriger Preis,"1 l = 0,43","versch. Sorten, je 1,5-l-Fl, zzgl. 0,25 Pfand",Nein,data\images_temp\bamberg_offer_291.jpg,0.65,bamberg
Hitchcock Limette oder Zitrone Pur,Keine Marke,"1,19 €",Kein vorheriger Preis,"1 l = 5,95","100% Direktsaft, je 0,2-l-Fl",Nein,data\images_temp\bamberg_offer_292.jpg,1.19,bamberg
Gönrgy Energy Drink,Keine Marke,"0,99 €",Kein vorheriger Preis,"1 l = 1,98","versch. Sorten, koffeinhaltig, je 0,5-l-Dose, zzgl. 0,25 Pfand",Nein,data\images_temp\bamberg_offer_293.jpg,0.99,bamberg
S. Pellegrino Mineralwasser,Keine Marke,"0,79 €",Kein vorheriger Preis,,"je 1-l-Fl, zzgl. 0,25 Pfand",Nein,data\images_temp\bamberg_offer_294.jpg,0.79,bamberg
Yo Sirup Holunderblüte,Keine Marke,"2,79 €",Kein vorheriger Preis,"1 l = 3,99","je 0,7-l-Fl",Nein,data\images_temp\bamberg_offer_295.jpg,2.79,bamberg
Paulaner Spezi oder Spezi Zero,Keine Marke,"10,99 €",Kein vorheriger Preis,"1 l = 1,10","koffeinhaltig, je 20 x 0,5-l-Fl.-Kasten, zzgl. 3,10 Pfand",Nein,data\images_temp\bamberg_offer_296.jpg,10.99,bamberg
Fever-Tree,Keine Marke,"4,99 €",Kein vorheriger Preis,"1 l = 6,24","versch. Sorten, je 4 x 0,2-l-Fl.-Pckg, zzgl. 0,60 Pfand",Nein,data\images_temp\bamberg_offer_297.jpg,4.99,bamberg
Bayreuther Hell,Keine Marke,"13,99 €",Kein vorheriger Preis,"1 l = 1,40","je 20 x 0,5-l-Fl.-Kasten, zzgl. 3,10 Pfand",Nein,data\images_temp\bamberg_offer_298.jpg,13.99,bamberg
Benediktiner Hell,Keine Marke,"14,99 €",Kein vorheriger Preis,"1 l = 1,50","je 20 x 0,5-l-Fl.-Kasten, zzgl. 3,10 Pfand",Nein,data\images_temp\bamberg_offer_299.jpg,14.99,bamberg
Oberdorfer Helles,Keine Marke,"14,99 €",Kein vorheriger Preis,"1 l = 1,50","je 20 x 0,5-l-Fl.-Kasten, zzgl. 3,10 Pfand",Nein,data\images_temp\bamberg_offer_300.jpg,14.99,bamberg
Heineken Premium Beer,Keine Marke,"14,99 €",Kein vorheriger Preis,"1 l = 1,87/2,14","je 20 x 0,4/28 x 0,25-l-Fl.-Kasten, zzgl. 3,10/3,74 Pfand",Nein,data\images_temp\bamberg_offer_301.jpg,14.99,bamberg
Franziskaner Weissbier,Keine Marke,"12,49 €",Kein vorheriger Preis,"1 l = 1,25","versch. Sorten, je 20 x 0,5-l-Fl.-Kasten, zzgl. 3,10 Pfand",Nein,data\images_temp\bamberg_offer_302.jpg,12.49,bamberg
Köstritzer Schwarzbier,Keine Marke,"12,99 €",Kein vorheriger Preis,"1 l = 1,30","je 20 x 0,5-l-Fl.-Kasten, zzgl. 3,10 Pfand",Nein,data\images_temp\bamberg_offer_303.jpg,12.99,bamberg
Beck’s Pils,Keine Marke,"10,49 €",Kein vorheriger Preis,"1 l = 1,05","versch. Sorten, je 20 x 0,5-l-Fl.-Kasten, zzgl. 3,10 Pfand",Nein,data\images_temp\bamberg_offer_304.jpg,10.49,bamberg
Tyskie Pils,Keine Marke,"12,99 €",Kein vorheriger Preis,"1 l = 1,30","je 20 x 0,5-l-Fl.-Kasten, zzgl. 3,10 Pfand",Nein,data\images_temp\bamberg_offer_305.jpg,12.99,bamberg
Krombacher Pils oder alkoholfrei,Keine Marke,"10,49 €",Kein vorheriger Preis,"1 l = 1,05","versch. Sorten, je 20 x 0,5-l-Fl.-Kasten, zzgl. 3,10 Pfand",Nein,data\images_temp\bamberg_offer_306.jpg,10.49,bamberg
Kapuziner Weißbier,Keine Marke,"12,99 €",Kein vorheriger Preis,"1 l = 1,30","je 20 x 0,5-l-Fl.-Kasten, zzgl. 4,50 Pfand",Nein,data\images_temp\bamberg_offer_307.jpg,12.99,bamberg
Kronenbourg Blanc 1664,Keine Marke,"5,99 €",Kein vorheriger Preis,"1 l = 3,03","je 6 x 0,33-l-Fl.-Sixpack, zzgl. 0,48 Pfand",Nein,data\images_temp\bamberg_offer_308.jpg,5.99,bamberg
Schöfferhofer Weizen,Keine Marke,"3,99 €",Kein vorheriger Preis,"1 l = 2,02","versch. Sorten, je 6 x 0,33-l-Fl.-Sixpack, zzgl. 0,48 Pfand",Nein,data\images_temp\bamberg_offer_309.jpg,3.99,bamberg
Karlsberg Mixery,Keine Marke,"3,99 €",Kein vorheriger Preis,"1 l = 2,02","versch. Sorten, teilw. koffeinhaltig, je 6 x 0,33-l-Fl.-Sixpack, zzgl. 0,48 Pfand",Nein,data\images_temp\bamberg_offer_310.jpg,3.99,bamberg
Krombacher Pils,Keine Marke,"0,79 €",Kein vorheriger Preis,"1 l = 1,58","je 0,5-l-Dose, zzgl. 0,25 Pfand",Nein,data\images_temp\bamberg_offer_311.jpg,0.79,bamberg
Carlsberg Elephant Premium Beer,Keine Marke,"0,99 €",Kein vorheriger Preis,"1 l = 1,98","je 0,5-l-Dose, zzgl. 0,25 Pfand",Nein,data\images_temp\bamberg_offer_312.jpg,0.99,bamberg
Corona Mexican Beer oder Cero alkoholfrei,Keine Marke,"5,99 €",Kein vorheriger Preis,"1 l = 2,81","versch. Sorten, je 6 x 0,355-l-Fl.-Sixpack, zzgl. 0,48 Pfand",Nein,data\images_temp\bamberg_offer_313.jpg,5.99,bamberg
Beck’s,Keine Marke,"3,99 €",Kein vorheriger Preis,"1 l = 2,02","versch. Sorten, je 6 x 0,33-l-Fl.-Sixpack, zzgl. 0,48 Pfand",Nein,data\images_temp\bamberg_offer_314.jpg,3.99,bamberg
Aperol Aperitif Bitter,Keine Marke,"9,49 €",Kein vorheriger Preis,"1 l = 13,56","11% Vol., je 0,7-l-Fl",Nein,data\images_temp\bamberg_offer_315.jpg,9.49,bamberg
Mumm Jahrgangssekt,Keine Marke,"3,49 €",Kein vorheriger Preis,"1 l = 4,65","versch. Sorten, je 0,75-l-Fl",Nein,data\images_temp\bamberg_offer_316.jpg,3.49,bamberg
Glenfiddich Single Malt Scotch Whisky 12J.,Keine Marke,"27,99 €",Kein vorheriger Preis,"1 l = 39,99","40% Vol., je 0,7-l-Fl",Nein,data\images_temp\bamberg_offer_317.jpg,27.99,bamberg
Lillet Aperitif,Keine Marke,"10,99 €",Kein vorheriger Preis,"1 l = 14,65","versch. Sorten, 17% Vol., je 0,75-l-Fl",Nein,data\images_temp\bamberg_offer_318.jpg,10.99,bamberg
Moët & Chandon Champagner Brut Impérial,Keine Marke,"34,99 €",Kein vorheriger Preis,"1 l = 46,65","je 0,75-l-Fl",Nein,data\images_temp\bamberg_offer_319.jpg,34.99,bamberg
Ramazzotti Amaro,Keine Marke,"10,99 €",Kein vorheriger Preis,"1 l = 15,70","30% Vol. oder Aperitivo Orange alkoholfrei, je 0,7-l-Fl",Nein,data\images_temp\bamberg_offer_320.jpg,10.99,bamberg
Jim Beam Kentucky Straight Bourbon Whiskey,Keine Marke,"10,99 €",Kein vorheriger Preis,"1 l = 15,70","40% Vol., je 0,7-l-Fl",Nein,data\images_temp\bamberg_offer_322.jpg,10.99,bamberg
Three Sixty Vodka,Keine Marke,"9,99 €",Kein vorheriger Preis,"1 l = 14,27","37,5% Vol., je 0,7-l-Fl",Nein,data\images_temp\bamberg_offer_325.jpg,9.99,bamberg
Martini Wermut Rosso,Keine Marke,"7,99 €",Kein vorheriger Preis,"1 l = 10,65","14,5% Vol. oder Floreale alkoholfrei, je 0,75-l-Fl",Nein,data\images_temp\bamberg_offer_328.jpg,7.99,bamberg
Fernet Branca Kräuterlikör,Keine Marke,"11,99 €",Kein vorheriger Preis,"1 l = 17,13","35% Vol., je 0,7-l-Fl",Nein,data\images_temp\bamberg_offer_329.jpg,11.99,bamberg
Underberg,Keine Marke,"7,99 €",Kein vorheriger Preis,"1 l = 33,29","44% Vol., je 12 x 20-ml-Fl.-Pckg",Nein,data\images_temp\bamberg_offer_330.jpg,7.99,bamberg
Osborne Veterano,Keine Marke,"9,99 €",Kein vorheriger Preis,"1 l = 14,27","30% Vol., je 0,7-l-Fl",Nein,data\images_temp\bamberg_offer_331.jpg,9.99,bamberg
Lamberti Pinot Grigio DOC,Keine Marke,"3,99 €",Kein vorheriger Preis,"1 l = 5,32","trocken, je 0,75-l-Fl",Nein,data\images_temp\bamberg_offer_332.jpg,3.99,bamberg
Mastri Vernacoli Cavit DOC,Keine Marke,"4,99 €",Kein vorheriger Preis,"1 l = 6,65","versch. Sorten, trocken, je 0,75-l-Fl",Nein,data\images_temp\bamberg_offer_333.jpg,4.99,bamberg
Baron Philippe de Rothschild Rouge AOC,Keine Marke,"4,99 €",Kein vorheriger Preis,"1 l = 6,65","trocken, je 0,75-l-Fl",Nein,data\images_temp\bamberg_offer_334.jpg,4.99,bamberg
Faber Sekt oder Light Live alkoholfrei,Keine Marke,"2,69 €",Kein vorheriger Preis,"1 l = 3,59","je 0,75-l-Fl",Nein,data\images_temp\bamberg_offer_335.jpg,2.69,bamberg
Aperitivo Spritz,Keine Marke,"2,49 €",Kein vorheriger Preis,"1 l = 3,32","versch. Sorten, 6,9% Vol., je 0,75-l-Fl",Nein,data\images_temp\bamberg_offer_336.jpg,2.49,bamberg
Finish Geschirrreiniger Tabs Ultimate,Keine Marke,"7,99 €",Kein vorheriger Preis,"1 Tab = 0,17",je 46-Tab-Pckg,Nein,data\images_temp\bamberg_offer_337.jpg,7.99,bamberg
Fairy Geschirrspülmittel,Keine Marke,"1,29 €",Kein vorheriger Preis,"1 l = 2,87","versch. Sorten, je 450-ml-Fl",Nein,data\images_temp\bamberg_offer_338.jpg,1.29,bamberg
Duftkerze im Bonbonglas,Keine Marke,"5,99 €",Kein vorheriger Preis,,"Brenndauer ca. 85 Std. Ø ca. 7,9 cm, Höhe ca. 14,2 cm versch. Düfte, je St",Nein,data\images_temp\bamberg_offer_340.jpg,5.99,bamberg
Pokémon Wendebettwäsche ca. 80 x 80 cm + ca. 135 x 200 cm,Keine Marke,"9,99 €",Kein vorheriger Preis,,je Set,Nein,data\images_temp\bamberg_offer_341.jpg,9.99,bamberg
Finish Geschirrreiniger Ultimate Plus,Keine Marke,"7,99 €",Kein vorheriger Preis,"1 Tab = 0,19",je 42-Tab-Pckg,Nein,data\images_temp\bamberg_offer_342.jpg,7.99,bamberg
Lenor Weichspüler,Keine Marke,"2,99 €",Kein vorheriger Preis,"1 l = 2,41","versch. Sorten, je 1239-ml-Fl",Nein,data\images_temp\bamberg_offer_343.jpg,2.99,bamberg
Spee Colorwaschmittel,Keine Marke,"3,79 €",Kein vorheriger Preis,"1 WL = 0,17",je 22-WL-Fl,Nein,data\images_temp\bamberg_offer_344.jpg,3.79,bamberg
Taft Haarspray,Keine Marke,"2,99 €",Kein vorheriger Preis,"1 l = 11,96","Power, je 250-ml-Dose",Nein,data\images_temp\bamberg_offer_345.jpg,2.99,bamberg
Oral-B Zahncreme 3D White Luxe,Keine Marke,"3,59 €",Kein vorheriger Preis,"1 l = 47,87",je 75-ml-Tuben-Pckg,Nein,data\images_temp\bamberg_offer_346.jpg,3.59,bamberg
Frosch Sensitiv-Waschmittel,Keine Marke,"4,49 €",Kein vorheriger Preis,"1 WL = 0,18","Aloe Vera, je 25-WL-Btl",Nein,data\images_temp\bamberg_offer_347.jpg,4.49,bamberg
Schauma Shampoo,Keine Marke,"1,49 €",Kein vorheriger Preis,"1 l = 3,73","versch. Sorten, je 400-ml-Fl",Nein,data\images_temp\bamberg_offer_348.jpg,1.49,bamberg
Always Discreet Inkontinenz-Einlagen,Keine Marke,"2,99 €",Kein vorheriger Preis,,"Long, je 10-St.-Pckg",Nein,data\images_temp\bamberg_offer_349.jpg,2.99,bamberg
L'Oréal Men Expert Duschgel,Keine Marke,"1,79 €",Kein vorheriger Preis,"1 l = 7,16","versch. Sorten, je 250-ml-Fl",Nein,data\images_temp\bamberg_offer_350.jpg,1.79,bamberg
Dove Duschgel,Keine Marke,"1,99 €",Kein vorheriger Preis,"1 l = 7,96","versch. Sorten, je 250-ml-Fl",Nein,data\images_temp\bamberg_offer_351.jpg,1.99,bamberg
L'Oréal Men Expert Deo Roll-On,Keine Marke,"1,99 €",Kein vorheriger Preis,"1 l = 39,80","Carbon Protect, je 50-ml-Roller",Nein,data\images_temp\bamberg_offer_352.jpg,1.99,bamberg
Always Slipeinlagen Daily Fresh,Keine Marke,"2,59 €",Kein vorheriger Preis,,"Normal, je 56-St.-Pckg",Nein,data\images_temp\bamberg_offer_353.jpg,2.59,bamberg
Fa Deospray,Keine Marke,"1,29 €",Kein vorheriger Preis,"1 l = 8,60","versch. Sorten, je 150-ml-Dose",Nein,data\images_temp\bamberg_offer_354.jpg,1.29,bamberg
Odol-med 3 Zahncreme,Keine Marke,"1,39 €",Kein vorheriger Preis,"1 l = 11,12","Original, je 125-ml-Tube",Nein,data\images_temp\bamberg_offer_355.jpg,1.39,bamberg
Kneipp Duschgel,Keine Marke,"2,49 €",Kein vorheriger Preis,"1 l = 12,45","Lebensfreude, je 200-ml-Tube",Nein,data\images_temp\bamberg_offer_356.jpg,2.49,bamberg
Weißer Riese Megaperls Vollwaschmittel,Keine Marke,"3,79 €",Kein vorheriger Preis,"1 WL = 0,20",je 19-WL-Btl,Nein,data\images_temp\bamberg_offer_357.jpg,3.79,bamberg
Frosch Waschpulver,Keine Marke,"4,49 €",Kein vorheriger Preis,"1 WL = 0,20","Sensitiv Aloe Vera, je 22-WL-Pckg",Nein,data\images_temp\bamberg_offer_358.jpg,4.49,bamberg
Taft Schaumfestiger,Keine Marke,"2,99 €",Kein vorheriger Preis,"1 l = 19,93","Volumen, je 150-ml-Dose",Nein,data\images_temp\bamberg_offer_359.jpg,2.99,bamberg
L‘Oréal Men Expert Deospray,Keine Marke,"1,99 €",Kein vorheriger Preis,"1 l = 13,27","Barber Club, je 150-ml-Dose",Nein,data\images_temp\bamberg_offer_361.jpg,1.99,bamberg
Always Slipeinlagen Daily Protect,Keine Marke,"2,59 €",Kein vorheriger Preis,,"XL mit Duft, je 40-St.-Pckg",Nein,data\images_temp\bamberg_offer_362.jpg,2.59,bamberg
Felix Katzennahrung,Keine Marke,"3,99 €",Kein vorheriger Preis,"1 kg = 3,91","versch. Sorten, je 12 x 85-g-Btl.-Pckg",Nein,data\images_temp\bamberg_offer_363.jpg,3.99,bamberg
Purina One Katzentrocken­nahrung,Keine Marke,"2,99 €",Kein vorheriger Preis,"1 kg = 3,99","versch. Sorten, je 750-g-Btl",Nein,data\images_temp\bamberg_offer_364.jpg,2.99,bamberg
VIVESS Home Socks mit ABS,Keine Marke,"4,99 €",Kein vorheriger Preis,,"Größen: 35/38-39/42 versch. Farben, je Paar",Nein,data\images_temp\bamberg_offer_365.jpg,4.99,bamberg
MYU Kuschelsocke ABS,Keine Marke,"4,99 €",Kein vorheriger Preis,,"Größen: 35/38-39/42, je Paar",Nein,data\images_temp\bamberg_offer_366.jpg,4.99,bamberg
MYU Kuschelpullover mit Kapuze,Keine Marke,"14,99 €",Kein vorheriger Preis,,"Größen: S-XL, je St",Nein,data\images_temp\bamberg_offer_367.jpg,14.99,bamberg
Dickie Truck Koffer,Keine Marke,"19,99 €",Kein vorheriger Preis,,"inkl. 7 Die-Cast Fahrzeuge, 1 Hubschrauber und Zubehör ca. 62 cm versch. Ausführungen, je Pckg",Nein,data\images_temp\bamberg_offer_368.jpg,19.99,bamberg
Ravensburger Disney Spiele und Puzzle,Keine Marke,"ab 8,99 €",Kein vorheriger Preis,,"versch. Ausführungen, Pckg",Nein,data\images_temp\bamberg_offer_369.jpg,,bamberg
MYU Loungehose,Keine Marke,"12,99 €",Kein vorheriger Preis,,"Größen: S-L, je St",Nein,data\images_temp\bamberg_offer_370.jpg,12.99,bamberg
LookStar Lesehilfen mit Federscharnier,Keine Marke,"4,99 €",Kein vorheriger Preis,,"Dioptrien von ca. +1,50 bis ca. +3,50 versch. Farben, je Set",Nein,data\images_temp\bamberg_offer_371.jpg,4.99,bamberg
MYU Jumpsuit,Keine Marke,"19,99 €",Kein vorheriger Preis,,"Größen: S-L, je St",Nein,data\images_temp\bamberg_offer_372.jpg,19.99,bamberg
Weinberger 3D Kristallkugel,Keine Marke,"3,99 €",Kein vorheriger Preis,,"ca. 8 x 5,5 cm Design Milchstraße oder Sonnensystem inkl. Holzsockel und USB-Kabel, je St",Nein,data\images_temp\bamberg_offer_373.jpg,3.99,bamberg
Dickie Monstertruck,Keine Marke,"19,99 €",Kein vorheriger Preis,,"ca. 38,5 cm versch. Ausführungen, je St",Nein,data\images_temp\bamberg_offer_374.jpg,19.99,bamberg
Simba Steffi Love XXL Family Box,Keine Marke,"6,99 €",Kein vorheriger Preis,,je Pckg,Nein,data\images_temp\bamberg_offer_375.jpg,6.99,bamberg
MYU Loungepullover,Keine Marke,"12,99 €",Kein vorheriger Preis,,"Größen: S-L, je St",Nein,data\images_temp\bamberg_offer_376.jpg,12.99,bamberg
Rätsel und Bücher,Keine Marke,"3,99 €",Kein vorheriger Preis,,"versch. Ausführungen, je St",Nein,data\images_temp\bamberg_offer_377.jpg,3.99,bamberg
Blumen­strauß »Winter Magic«,Keine Marke,"8,50 €",Kein vorheriger Preis,,"versch. Zusammen­stellungen, mit Floralife Schnitt­blumen­nahrung, je Bund",Nein,data\images_temp\bamberg_offer_378.jpg,8.5,bamberg
Orchideen,Keine Marke,"7,99 €",Kein vorheriger Preis,,"sorgen für exotisches Flair im Haus, versch. Farben und Sorten, je Topf",Nein,data\images_temp\bamberg_offer_379.jpg,7.99,bamberg
Lamberti Pinot Grigio DOC oder Merlot IGT,Keine Marke,"3,99 €",Kein vorheriger Preis,"1 l = 5,32","trocken, je 0,75-l-Fl",Nein,data\images_temp\nationale_offer_145.jpg,3.99,nationale
Henglein Kloßteig,Keine Marke,"1,99 €",Kein vorheriger Preis,"1 kg = 2,65","halb & halb, je 750-g-Pckg",Nein,data\images_temp\markt3_offer_015.jpg,1.99,markt3
Tulip Bacon,Keine Marke,"1,69 €",Kein vorheriger Preis,"1 kg = 13,52","in Scheiben, je 125-g-Pckg",Nein,data\images_temp\markt3_offer_016.jpg,1.69,markt3
Mandarinen,Keine Marke,"2,29 €",Kein vorheriger Preis,"1 kg = 3,95","Sorte siehe Etikett, Kl. I, je 750-g-Netz",Nein,data\images_temp\markt3_offer_034.jpg,2.29,markt3
Saftgrapefruit,Keine Marke,"2,49 €",Kein vorheriger Preis,"1 kg = 2,08","Kl. I, je 1,2-kg-Netz",Nein,data\images_temp\markt3_offer_035.jpg,2.49,markt3
Saftorangen,Keine Marke,"2,99 €",Kein vorheriger Preis,"1 kg = 1,99","Kl. I, je 1,5-kg-Netz",Nein,data\images_temp\markt3_offer_036.jpg,2.99,markt3
Mini Roma Rispentomaten,Keine Marke,"1,99 €",Kein vorheriger Preis,"1 kg = 7,37","Kl. I, je 270-g-Schale",Nein,data\images_temp\markt3_offer_038.jpg,1.99,markt3
Cherry Tomaten,Keine Marke,"1,99 €",Kein vorheriger Preis,"1 kg = 7,96","Kl. I, je 250-g-Schale",Nein,data\images_temp\markt3_offer_039.jpg,1.99,markt3
Avocado,Keine Marke,"1,99 €",Kein vorheriger Preis,,"essreif, Kl. I, je St",Nein,data\images_temp\markt3_offer_040.jpg,1.99,markt3
Kaki,Keine Marke,"0,49 €",Kein vorheriger Preis,,"»Rojo Brillante«, Kl. I, je St",Nein,data\images_temp\markt3_offer_042.jpg,0.49,markt3
Wurzelsalat,Keine Marke,"1,29 €",Kein vorheriger Preis,,"»Salattrio«, je St",Nein,data\images_temp\markt3_offer_046.jpg,1.29,markt3
Honigmelone,Keine Marke,"1,29 €",Kein vorheriger Preis,,"Kl. I, je 1 kg",Nein,data\images_temp\markt3_offer_048.jpg,1.29,markt3
Reiß Peperonileberkäse,Keine Marke,"1,69 €",Kein vorheriger Preis,,"ofengebacken, je 100 g",Nein,data\images_temp\markt3_offer_058.jpg,1.69,markt3
Schweine-Stielkotelett,Keine Marke,"0,88 €",Kein vorheriger Preis,,je 100 g,Nein,data\images_temp\markt3_offer_059.jpg,0.88,markt3
Meister Frischwurst-Aufschnitt,Keine Marke,"0,99 €",Kein vorheriger Preis,,"versch. Sorten, je 100 g",Nein,data\images_temp\markt3_offer_077.jpg,0.99,markt3
Wilhelm Brandenburg Zwiebelmettwurst,Keine Marke,"1,49 €",Kein vorheriger Preis,,"versch. Sorten, je 100 g",Nein,data\images_temp\markt3_offer_078.jpg,1.49,markt3
Frische Hähnchen-Innenbrustfilets,Keine Marke,"4,44 €",Kein vorheriger Preis,"1 kg = 12,69",je 350-g-Pckg,Nein,data\images_temp\markt3_offer_084.jpg,4.44,markt3
Sweet Ananas Würfel,Keine Marke,"1,79 €",Kein vorheriger Preis,"1 kg = 8,95",je 200-g-Schale,Nein,data\images_temp\markt3_offer_109.jpg,1.79,markt3
Bundaberg Brew,Keine Marke,"1,39 €",Kein vorheriger Preis,"1 l = 4,21","versch. Sorten, alkoholfrei, je 0,33-l-Fl, zzgl. 0,08 Pfand",Nein,data\images_temp\markt3_offer_174.jpg,1.39,markt3
Hyazinthe,Keine Marke,"4,79 €",Kein vorheriger Preis,,"»Weihnachts­nostalgie«, in dekorativer Keramik, je Topf",Nein,data\images_temp\markt3_offer_205.jpg,4.79,markt3
Henglein Thüringer Kloßteig,Keine Marke,"1,99 €",Kein vorheriger Preis,"1 kg = 2,65",je 750-g-Pckg,Nein,data\images_temp\markt5_offer_018.jpg,1.99,markt5
Irisches Roastbeef,Keine Marke,"2,99 €",Kein vorheriger Preis,,"vom Rind, am Stück oder in Scheiben, je 100 g",Nein,data\images_temp\markt5_offer_029.jpg,2.99,markt5
Bio Cherry Tomaten,Keine Marke,"1,11 €",Kein vorheriger Preis,"1 kg = 4,44","Kl. II, je 250-g-Schale",Nein,data\images_temp\markt5_offer_051.jpg,1.11,markt5
Bio Grapefruit,Keine Marke,"1,11 €",Kein vorheriger Preis,,"Sorte: siehe Etikett, Kl. II, je St",Nein,data\images_temp\markt5_offer_056.jpg,1.11,markt5
Grüne Kiwi,Keine Marke,"0,39 €",Kein vorheriger Preis,,"Kl. I, je St",Nein,data\images_temp\markt5_offer_057.jpg,0.39,markt5
Kartoffelsalat,Keine Marke,"0,79 €",Kein vorheriger Preis,,je 100 g,Nein,data\images_temp\markt5_offer_066.jpg,0.79,markt5
Teufelsalat,Keine Marke,"1,11 €",Kein vorheriger Preis,,je 100 g,Nein,data\images_temp\markt5_offer_067.jpg,1.11,markt5
Senfter Prosciutto »Crudo« con tartufo,Keine Marke,"3,49 €",Kein vorheriger Preis,,"mit Sommertrüffeln, je 100 g",Nein,data\images_temp\markt5_offer_071.jpg,3.49,markt5
Tellerspieß vom Schweinenacken,Keine Marke,"1,11 €",Kein vorheriger Preis,,"nach Wahl mariniert, küchenfertig, je 100 g",Nein,data\images_temp\markt5_offer_073.jpg,1.11,markt5
Frischkäsezubereitung,Keine Marke,"1,29 €",Kein vorheriger Preis,,"mit Lauchzwiebel, je 100 g",Nein,data\images_temp\markt5_offer_074.jpg,1.29,markt5
"Irische Rinder-Rouladen, -Braten oder -Gulasch",Keine Marke,"1,79 €",Kein vorheriger Preis,,"aus der Keule, je 100 g",Nein,data\images_temp\markt5_offer_075.jpg,1.79,markt5
Osterland Rote Grütze mit Vanillesoße,Keine Marke,"0,39 €",Kein vorheriger Preis,"1 kg = 2,44",je 160-g-Becher,Nein,data\images_temp\markt5_offer_103.jpg,0.39,markt5
Schweine-Schnitzel,Keine Marke,"9,90 €",Kein vorheriger Preis,,"aus der Oberschale, je 1 kg",Nein,data\images_temp\markt5_offer_116.jpg,9.9,markt5
Frische junge deutsche Ente,Keine Marke,"7,99 €",Kein vorheriger Preis,,"HKL A, grillfertig, mit Hals und Innereien, SB verpackt, je 1 kg",Nein,data\images_temp\markt5_offer_117.jpg,7.99,markt5
Neuburger,Keine Marke,"1,99 €",Kein vorheriger Preis,,"österr. Spezialität, je 100 g",Nein,data\images_temp\markt5_offer_118.jpg,1.99,markt5
Kalnik Original Pfälzer Leberwurst,Keine Marke,"0,99 €",Kein vorheriger Preis,,je 100 g,Nein,data\images_temp\markt5_offer_121.jpg,0.99,markt5
Citterio Mailänder Salami Strafino,Keine Marke,"1,99 €",Kein vorheriger Preis,,je 100 g,Nein,data\images_temp\markt5_offer_122.jpg,1.99,markt5
Thüringer Landstolz Paprikapastete,Keine Marke,"1,49 €",Kein vorheriger Preis,,"mit Joghurt, je 100 g",Nein,data\images_temp\markt5_offer_127.jpg,1.49,markt5
REWE Feine Welt Frisches Maishähnchen,Keine Marke,"6,99 €",Kein vorheriger Preis,,"Hkl. A, SB-verpackt, je 1 kg",Nein,data\images_temp\markt5_offer_128.jpg,6.99,markt5
Schweine-Schälrippchen,Keine Marke,"7,90 €",Kein vorheriger Preis,,je 1 kg,Nein,data\images_temp\markt5_offer_132.jpg,7.9,markt5
Frisches Hähnchen-Geschnetzeltes,Keine Marke,"3,99 €",Kein vorheriger Preis,"1 kg = 7,98","aus der Oberkeule, nach Gyros-Art mariniert, je 500-g-Pckg",Nein,data\images_temp\markt5_offer_133.jpg,3.99,markt5
Rinder-Rouladen,Keine Marke,"17,90 €",Kein vorheriger Preis,,"Jungbullenfleisch aus der Keule, SB-verpackt, je 1 kg",Nein,data\images_temp\markt5_offer_136.jpg,17.9,markt5
Deutsche See Crevettes Roses,Keine Marke,"3,99 €",Kein vorheriger Preis,"1 kg = 15,96","gekochte Garnelen mit Kopf und Schale, aufgetaut, je 250-g-Schale",Nein,data\images_temp\markt5_offer_137.jpg,3.99,markt5
RibWorld Bourbon BBQ Pulled Chicken,Keine Marke,"4,99 €",Kein vorheriger Preis,"1 kg = 13,86","schonend gegarte Hähnchenbrust in Whiskey Marinade, je 360-g-Pckg",Nein,data\images_temp\markt5_offer_138.jpg,4.99,markt5
Frische Hähnchen-Minutenschnitzel,Keine Marke,"4,99 €",Kein vorheriger Preis,"1 kg = 12,48",je 400-g-Pckg,Nein,data\images_temp\markt5_offer_140.jpg,4.99,markt5
Einfach Bio Hackfleisch gemischt,Keine Marke,"6,19 €",Kein vorheriger Preis,"1 kg = 15,48","vom Rind und Schwein, je 400-g-Pckg",Nein,data\images_temp\markt5_offer_142.jpg,6.19,markt5
Kaiseralm 10 Monate,Keine Marke,"2,29 €",Kein vorheriger Preis,,"österr. Hartkäse, mind. 45% Fett i.Tr., je 100 g",Nein,data\images_temp\markt5_offer_146.jpg,2.29,markt5
Dreistern Truthahn-Schlemmerfleisch,Keine Marke,"3,99 €",Kein vorheriger Preis,"1 kg = 13,30",je 300-g-Pckg,Nein,data\images_temp\markt5_offer_147.jpg,3.99,markt5
Frische Lamm-Keule,Keine Marke,"12,90 €",Kein vorheriger Preis,,"mit Röhrenknochen, SB-verpackt, je 1 kg",Nein,data\images_temp\markt5_offer_153.jpg,12.9,markt5
REWE Feine Welt Hüftsteak von der Färse,Keine Marke,"29,90 €",Kein vorheriger Preis,,"SB-verpackt, je 1 kg",Nein,data\images_temp\markt5_offer_154.jpg,29.9,markt5
Frische Kaninchen,Keine Marke,"12,90 €",Kein vorheriger Preis,,"mit Kopf und Nieren, SB-verpackt, je 1 kg",Nein,data\images_temp\markt5_offer_155.jpg,12.9,markt5
Berschneider Graved Lachsfleisch,Keine Marke,"1,69 €",Kein vorheriger Preis,,je 100 g,Nein,data\images_temp\markt5_offer_156.jpg,1.69,markt5
Hein Pastrami Brisket,Keine Marke,"2,49 €",Kein vorheriger Preis,,je 100 g,Nein,data\images_temp\markt5_offer_157.jpg,2.49,markt5
Camembert di Bufala,Keine Marke,"2,49 €",Kein vorheriger Preis,,"ital. Weichkäse, 67% Fett i.Tr., je 100 g",Nein,data\images_temp\markt5_offer_158.jpg,2.49,markt5
Gwitterchäs,Keine Marke,"2,99 €",Kein vorheriger Preis,,"Schweizer Hartkäse, mind. 55% Fett i.Tr., je 100 g",Nein,data\images_temp\markt5_offer_159.jpg,2.99,markt5
Tiroler Felsenkellerkäse,Keine Marke,"1,99 €",Kein vorheriger Preis,,"österr. Hartkäse, 45% Fett i. Tr., je 100 g",Nein,data\images_temp\markt5_offer_160.jpg,1.99,markt5
Zimmermann Farmlandschinken,Keine Marke,"1,89 €",Kein vorheriger Preis,,"über Buchenholz geräuchert, je 100 g",Nein,data\images_temp\markt5_offer_161.jpg,1.89,markt5
Gosch Sylt Garnelen,Keine Marke,"2,49 €",Kein vorheriger Preis,"1 kg = 19,92","versch. Sorten, je 125-g-Pckg",Nein,data\images_temp\markt5_offer_187.jpg,2.49,markt5
Harry Dinkelkrüstchen,Keine Marke,"1,99 €",Kein vorheriger Preis,"1 kg = 4,15","kernig, 6 Stück, zum Fertigbacken, je 480-g-Btl",Nein,data\images_temp\markt5_offer_228.jpg,1.99,markt5
»Natur Pur« Lüneburger,Keine Marke,"1,89 €",Kein vorheriger Preis,"1 kg = 1,51","freigeschobenes Weizenmischbrot mit gegerstelter Kruste, je 1250-g-St",Nein,data\images_temp\markt5_offer_229.jpg,1.89,markt5
Ileburger Brause,Keine Marke,"0,79 €",Kein vorheriger Preis,"1 l = 0,53","versch. Sorten, je 1,5-l-Fl, zzgl. 0,25 Pfand",Nein,data\images_temp\markt5_offer_305.jpg,0.79,markt5
Spreequell Club Cola Original,Keine Marke,"0,79 €",Kein vorheriger Preis,,"koffeinhaltig, je 1-l-Fl, zzgl. 0,15 Pfand",Nein,data\images_temp\markt5_offer_306.jpg,0.79,markt5
Lübzer Pils,Keine Marke,"8,99 €",Kein vorheriger Preis,"1 l = 0,90","versch. Sorten, je 20 x 0,5-l-Fl.-Kasten, zzgl. 3,10 Pfand",Nein,data\images_temp\markt5_offer_314.jpg,8.99,markt5
"Rostocker Pils, Zwickl Naturtrüb, Export oder Radler Naturtrüb",Keine Marke,"8,99 €",Kein vorheriger Preis,"1 l = 0,90","je 20 x 0,5-l-Fl.-Kasten, zzgl. 3,10 Pfand",Nein,data\images_temp\markt5_offer_315.jpg,8.99,markt5
Graf von Wackerbarth Sekt,Keine Marke,"4,99 €",Kein vorheriger Preis,"1 l = 6,65","halbtrocken oder trocken, je 0,75-l-Fl",Nein,data\images_temp\markt5_offer_339.jpg,4.99,markt5
