Produkt,Marke,Preis,Vorheriger Preis,Preis_kg,Hinweis,Nur_online,Gueltig_raw,Gueltig_von,Gueltig_bis
Muffin Chocolate Overkill,Rewe Back-Station,"€ 1,39",Kein vorheriger Preis,"€ 1,39 / Stk -","mit weißen und dunklen Schokostücken sowie Kakaocremefüllung, je St.",Nein,29.09. - 04.10.,2025-09-29,2025-10-04
Flavour Zitrone,Vöslauer,"€ 3,54",Kein vorheriger Preis,"€ 0,59 / l -","Mineralwasser versch. Sorten, je 6 x 1-l-Fl.-Pckg. zzgl. 1.50 Pfand",Nein,29.09. - 04.10.,2025-09-29,2025-10-04
Zero Sugar,Coca-Cola,"€ 5,99",Kein vorheriger Preis,"€ 1,81 / l -","oder Coca-Cola Zero Friendspack koffeinhaltig, je 10 x 0,33-l-Dosen-Pckg. zzgl. 2.50 Pfand",Nein,29.09. - 04.10.,2025-09-29,2025-10-04
Kaiserschoten,Rewe Beste Wahl,"€ 1,99",Kein vorheriger Preis,"€ 9,95 / kg -","Ursprung: siehe Etikett, Kl. I, je 200-g-Pckg.",Nein,29.09. - 04.10.,2025-09-29,2025-10-04
Dolce Gusto Café Au Lait,Nescafé,"€ 3,99",Kein vorheriger Preis,"€ 24,93 / kg -","HINWEIS: MIT APP 0.50 € REWE BONUS je 160-g-Pckg. oder Dolce Gusto Latte Macchiato je 183,2-g-Pckg.",Nein,29.09. - 04.10.,2025-09-29,2025-10-04
Limonade,Deit,"€ 9,99",Kein vorheriger Preis,"€ 0,83 / l -","versch. Sorten, teilw. koffeinhaltig, je 12 x 1-l-Fl.-Kasten zzgl. 3.30 Pfand",Nein,29.09. - 04.10.,2025-09-29,2025-10-04
Mini-Croissants Double,7 Days,"€ 1,99",Kein vorheriger Preis,"€ 8,29 / kg -","versch. Sorten, je 4 x 60-g-Pckg.",Nein,29.09. - 04.10.,2025-09-29,2025-10-04
Rotkohl,Keine Marke,"€ 0,99",Kein vorheriger Preis,"€ 3,30 / kg -","geschnitten, je 300-g-Btl.",Nein,29.09. - 04.10.,2025-09-29,2025-10-04
Prosecco Frizzante,Scavi & Ray,"€ 5,99",Kein vorheriger Preis,"€ 7,98 / l -","DOC je 0,75-l-Fl.",Nein,29.09. - 04.10.,2025-09-29,2025-10-04
Bio Mangos,Rewe Bio,"€ 1,69",Kein vorheriger Preis,"€ 1,69 / Stk -","Osteen, Kl. II, je St.",Nein,29.09. - 04.10.,2025-09-29,2025-10-04
Vegan Haferdrink Barista Edition,Oatly,"€ 1,69",Kein vorheriger Preis,"€ 1,69 / l -","HINWEIS: MIT APP 0.10 € REWE BONUS versch. Sorten, je 1-l-Pckg.",Nein,29.09. - 04.10.,2025-09-29,2025-10-04
Volkacher Kirchberg Müller-Thurgau,GWF Franken,"€ 5,49",Kein vorheriger Preis,"€ 5,49 / l -","versch. Sorten, je 1-l-Fl.",Nein,29.09. - 04.10.,2025-09-29,2025-10-04
Classic,Fol Epi,"€ 1,69",Kein vorheriger Preis,"€ 11,26 / kg -","HINWEIS: MIT APP 0.20 € REWE BONUS frz. Schnittkäse, je 150-g-Pckg.",Nein,29.09. - 04.10.,2025-09-29,2025-10-04
Bayern Brotzeitgurken,GEO,"€ 1,49",Kein vorheriger Preis,"€ 4,13 / kg -","oder Gurkensticks 360-g-Abtropfgew., je 670-g-Glas",Nein,29.09. - 04.10.,2025-09-29,2025-10-04
Ziegenkäse,Bettine,"€ 1,79",Kein vorheriger Preis,"€ 17,90 / kg -","holl. Frisch- oder Weichkäse, versch. Sorten, je 100 g",Nein,29.09. - 04.10.,2025-09-29,2025-10-04
Urbräu Nürnberger Hell,Tucher,"€ 9,99",Kein vorheriger Preis,"€ 1,00 / l -","oder Pils je 20 x 0,5-l-Fl.- Kasten zzgl. 3.10 Pfand",Nein,29.09. - 04.10.,2025-09-29,2025-10-04
Frankissimo Fränkischer Federweisser,Keine Marke,"€ 3,79",Kein vorheriger Preis,"€ 3,79 / l -","versch. Sorten, je 1-l-Fl.",Nein,29.09. - 04.10.,2025-09-29,2025-10-04
Vegane Mühlen Schnitzel,Rügenwalder Mühle,"€ 2,49",Kein vorheriger Preis,"€ 13,83 / kg -",je 2 x 90-g-Pckg. oder Vegane Mühlen Cordon bleu je 2 x 100-g-Pckg.,Nein,29.09. - 04.10.,2025-09-29,2025-10-04
Kinder Maxi King,Ferrero,"€ 1,29",Kein vorheriger Preis,"€ 12,28 / kg -",je 3 x 35-g-Pckg. oder Pingui je 4 x 30-g-Pckg. oder Milchschnitte je 5 x 28-g-Pckg.,Nein,29.09. - 04.10.,2025-09-29,2025-10-04
Bio-Haferriegel Schokolade,Rewe Frei Von,"€ 0,69",Kein vorheriger Preis,"€ 27,60 / kg -",Glutenfrei je 25-g-Riegel,Nein,29.09. - 04.10.,2025-09-29,2025-10-04
Käsescheiben,Grünländer,"€ 1,69",Kein vorheriger Preis,"€ 12,07 / kg -","HINWEIS: MIT APP 0.20 € REWE BONUS versch. Sorten, je 140-g-Pckg.",Nein,29.09. - 04.10.,2025-09-29,2025-10-04
Mini-Windbeutel,Rewe Frei Von,"€ 2,22",Kein vorheriger Preis,"€ 8,88 / kg -","Glutenfrei, tiefgefroren, je 250-g-Pckg.",Nein,29.09. - 04.10.,2025-09-29,2025-10-04
Saucen,Ben's Original,"€ 1,49",Kein vorheriger Preis,"€ 3,72 / kg -","versch. Sorten, je 400-g-Glas",Nein,29.09. - 04.10.,2025-09-29,2025-10-04
All-in-One,Hohes C,"€ 1,99",Kein vorheriger Preis,"€ 2,34 / l -","versch. Sorten, je 0,85-l-Fl. zzgl. 0.25 Pfand",Nein,29.09. - 04.10.,2025-09-29,2025-10-04
Broccoli-Röschen,ja!,"€ 2,39",Kein vorheriger Preis,"€ 2,39 / kg -","tiefgefroren, je 1000-g-Btl.",Nein,29.09. - 04.10.,2025-09-29,2025-10-04
Aperitif-Bitter,Aperol,"€ 9,49",Kein vorheriger Preis,"€ 13,55 / l -","HINWEIS: MIT APP 0.50 € REWE BONUS 11% Vol., je 0,7-l-Fl.",Nein,29.09. - 04.10.,2025-09-29,2025-10-04
Rucola,Keine Marke,"€ 0,69",Kein vorheriger Preis,"€ 5,52 / kg -","Kl. I, je 125-g-Schale",Nein,29.09. - 04.10.,2025-09-29,2025-10-04
Sekt Rosé,Geldermann,"€ 7,99",Kein vorheriger Preis,"€ 10,65 / l -","je 0,75-l-Fl.",Nein,29.09. - 04.10.,2025-09-29,2025-10-04
Hundenahrung,Pedigree,"€ 2,19",Kein vorheriger Preis,"€ 2,74 / kg -","3 Sorten Fleisch, je 800-g-Dose 3€ Rabatt zusätzlich beim Kauf von Produkten von Pedigree®/ Whiskas®...",Nein,29.09. - 04.10.,2025-09-29,2025-10-04
Delikatess-Sauce,Maggi,"€ 0,99",Kein vorheriger Preis,"€ 0,99 / Stk -","HINWEIS: MIT APP 0.20 € REWE BONUS versch. Sorten, ausreichend für 250 ml, je Pckg.",Nein,29.09. - 04.10.,2025-09-29,2025-10-04
Landbrot,Schär,"€ 2,79",Kein vorheriger Preis,"€ 10,14 / kg -",je 275-g-Pckg. oder Meisterbäckers Classic je 330-g-Pckg.,Nein,29.09. - 04.10.,2025-09-29,2025-10-04
Brotmesser,Vivo,"€ 39,95",Kein vorheriger Preis,"€ 39,95 / Stk -",HINWEIS: MIT 70 TREUEPUNKTEN UND MIT REWE APP 1.00 Details im Prospekt.,Nein,29.09. - 04.10.,2025-09-29,2025-10-04
Mexican Beer,Corona Extra,"€ 14,99",Kein vorheriger Preis,"€ 2,11 / l -","je 20 x 0,355-l-Fl.-Kasten zzgl. 3.10 Pfand",Nein,29.09. - 04.10.,2025-09-29,2025-10-04
Mühlen Mett Schinken-Zwiebelmettwurst,Rügenwalder Mühle,"€ 1,79",Kein vorheriger Preis,"€ 17,90 / kg -",Zwiebelmettwurst oder Mühlen Schinken Zarter Kochschinken je 100-g-Pckg.,Nein,29.09. - 04.10.,2025-09-29,2025-10-04
Pilsner,Radeberger Pilsner,"€ 10,99",Kein vorheriger Preis,"€ 1,09 / l -","je 20 x 0,5-l-Fl.-Kasten zzgl. 3.10 Pfand",Nein,29.09. - 04.10.,2025-09-29,2025-10-04
Erdnüsse,ja!,"€ 0,99",Kein vorheriger Preis,"€ 4,95 / kg -","geröstet & gesalzen, je 200-g-Btl.",Nein,29.09. - 04.10.,2025-09-29,2025-10-04
Riesengarnelen Aioli,Keine Marke,"€ 2,99",Kein vorheriger Preis,"€ 29,90 / kg -",je 100 g,Nein,29.09. - 04.10.,2025-09-29,2025-10-04
Damen Oversize Hoodie,Billie Eilish,"€ 29,99",Kein vorheriger Preis,"€ 29,99 / Stk -","Größen: XS-XL, versch. Motive und Farben je St.",Nein,29.09. - 04.10.,2025-09-29,2025-10-04
Forellen,Keine Marke,"€ 1,29",Kein vorheriger Preis,"€ 12,90 / kg -","ganz, ausgenommen, je 100 g",Nein,29.09. - 04.10.,2025-09-29,2025-10-04
Universalwaschmittel,Weißer Riese,"€ 13,99",Kein vorheriger Preis,"€ 0,16 / Stk -",Pulver je 90-WL-Pckg. oder Spee Colorwaschmittel je 100-WL-Pckg.,Nein,29.09. - 04.10.,2025-09-29,2025-10-04
Grapefruit,Keine Marke,"€ 0,79",Kein vorheriger Preis,"€ 0,79 / Stk -","Sorte: siehe Etikett, Kl. I, je St",Nein,29.09. - 04.10.,2025-09-29,2025-10-04
Half Baked,Ben & Jerry's,"€ 3,79",Kein vorheriger Preis,"€ 8,15 / l -","versch. Sorten, je 465-ml-Becher",Nein,29.09. - 04.10.,2025-09-29,2025-10-04
Die Backfrische Mozzarella,Original Wagner,"€ 1,99",Kein vorheriger Preis,"€ 5,68 / kg -","tiefgefroren, je 350-g-Pckg. oder Big City Pizza Budapest tiefgefroren, je 400-g-Pckg.",Nein,29.09. - 04.10.,2025-09-29,2025-10-04
Excellence Premium Geschirrreiniger,Somat,"€ 7,99",Kein vorheriger Preis,"€ 0,19 / Stk -",je 42-Tab-Pckg. oder Excellence Geschirrreiniger je 47-Tab-Pckg.,Nein,29.09. - 04.10.,2025-09-29,2025-10-04
Ochsen-Bäckchen,Rewe Feine Welt,"€ 6,99",Kein vorheriger Preis,"€ 18,39 / kg -","in Rotweinsauce, je 380-g-Pckg.",Nein,29.09. - 04.10.,2025-09-29,2025-10-04
Rinder-Rouladen,Metzgerei Landbauern,"€ 1,66",Kein vorheriger Preis,"€ 16,60 / kg -","oder -Braten oder -Gulasch aus der Keule, je 100 g",Nein,29.09. - 04.10.,2025-09-29,2025-10-04
BayBio Bio Joghurt,Andechser Natur,"€ 1,59",Kein vorheriger Preis,"€ 3,18 / kg -","versch. Sorten, je 500-g-Glas zzgl. 0.15 Pfand",Nein,29.09. - 04.10.,2025-09-29,2025-10-04
Schweine-Minutenbauch,Rewe Regional,"€ 5,55",Kein vorheriger Preis,"€ 13,87 / kg -","mariniert, je 400-g-Pckg.",Nein,29.09. - 04.10.,2025-09-29,2025-10-04
Hartkäse,Anton-Käse,"€ 2,49",Kein vorheriger Preis,"€ 24,90 / kg -","oder Scharfe Anna Schweizer Hartkäse, mind. 50% Fett i.Tr., je 100 g",Nein,29.09. - 04.10.,2025-09-29,2025-10-04
Pils,Krombacher,"€ 10,99",Kein vorheriger Preis,"€ 1,09 / l -","oder alkoholfrei versch. Sorten, je 20 x 0,5-l-Fl.-Kasten, zzgl. 3.10 Pfand",Nein,29.09. - 04.10.,2025-09-29,2025-10-04
5 Minuten Terrine Kartoffelbrei mit Röstzwiebeln & Croutons,Maggi,"€ 0,89",Kein vorheriger Preis,"€ 15,89 / kg -",je 56-g-Becher oder 5 Minuten Terrine Nudeln in Rahmsauce je 61-g-Becher,Nein,29.09. - 04.10.,2025-09-29,2025-10-04
Saltletts Pausen Cracker,Lorenz,"€ 1,49",Kein vorheriger Preis,"€ 14,90 / kg -","je 100-g-Btl. oder Naturals Rosmarin, je 95-g-Btl.",Nein,29.09. - 04.10.,2025-09-29,2025-10-04
Spaghetteria Pasta Spinaci Käse,Knorr,"€ 1,49",Kein vorheriger Preis,"€ 8,37 / kg -",Käse je 178-g-Beutel,Nein,29.09. - 04.10.,2025-09-29,2025-10-04
Kalbs-Hinterhaxe,Keine Marke,"€ 1,69",Kein vorheriger Preis,"€ 16,90 / kg -",je 100 g,Nein,29.09. - 04.10.,2025-09-29,2025-10-04
M&Ms Crispy,Mars,"€ 1,69",Kein vorheriger Preis,"€ 13,20 / kg -","Crispy, je 128-g-Pckg. oder m&m's Peanut, je 150-g-Btl.",Nein,29.09. - 04.10.,2025-09-29,2025-10-04
Weichspüler,Lenor,"€ 1,99",Kein vorheriger Preis,"€ 2,63 / l -","versch. Sorten, je 756-ml-Fl.",Nein,29.09. - 04.10.,2025-09-29,2025-10-04
Spanferkel-Keule,Beck,"€ 11,90",Kein vorheriger Preis,"€ 11,90 / kg -","gewürzt und gebraten, mit Soße, SB-verpackt, je 1 kg",Nein,29.09. - 04.10.,2025-09-29,2025-10-04
Baby-Dry Pants Maxi Pack,Pampers,"€ 24,99",Kein vorheriger Preis,"€ 0,33 / Stk -","Gr. 6 XL, je 74-St.-Pckg. oder Maxi Pack Windeln Junior Gr. 5, je 94-St.-Pckg.",Nein,29.09. - 04.10.,2025-09-29,2025-10-04
Fleischspieße,Keine Marke,"€ 1,11",Kein vorheriger Preis,"€ 11,10 / kg -","vom Schwein, natur oder mariniert, je 100 g",Nein,29.09. - 04.10.,2025-09-29,2025-10-04
Chips,Pringles,"€ 1,89",Kein vorheriger Preis,"€ 11,45 / kg -","HINWEIS: MIT APP 0.20 € REWE BONUS versch. Sorten, je 165-g-Dose",Nein,29.09. - 04.10.,2025-09-29,2025-10-04
Pflegende Reinigungstücher,Bebe,"€ 1,99",Kein vorheriger Preis,"€ 0,08 / Stk -",je 25-St.-Pckg.,Nein,29.09. - 04.10.,2025-09-29,2025-10-04
Chipsfrisch XXL,Funny Frisch,"€ 1,99",Kein vorheriger Preis,"€ 9,25 / kg -","ungarisch, je 215-g-Btl.",Nein,29.09. - 04.10.,2025-09-29,2025-10-04
Herren Boxy-Shirt,Billie Eilish,"€ 19,99",Kein vorheriger Preis,"€ 19,99 / Stk -","Oversize, Größen: XS-XL, versch. Motive und Farben je St.",Nein,29.09. - 04.10.,2025-09-29,2025-10-04
Prinzen Rolle,DeBeukelaer,"€ 1,69",Kein vorheriger Preis,"€ 4,80 / kg -","Vollkorn, je 352-g-Rolle oder Prinzenrolle Schoko, je 450-g-Rolle",Nein,29.09. - 04.10.,2025-09-29,2025-10-04
Unsere Goldstücke 9 Weizenbrötchen,Coppenrath & Wiese,"€ 1,49",Kein vorheriger Preis,"€ 3,31 / kg -","HINWEIS: MIT APP 0.10 € REWE BONUS, tiefgefroren, je 450-g-Btl. oder Unsere Goldstücke 9 Baguette-Br...",Nein,29.09. - 04.10.,2025-09-29,2025-10-04
Premium Lager,Budweiser Budvar (CZ),"€ 4,49",Kein vorheriger Preis,"€ 2,26 / l -","je 6 x 0,33-l-Fl.- Sixpack zzgl. 0.48 Pfand",Nein,29.09. - 04.10.,2025-09-29,2025-10-04
Gold,Becel,"€ 1,29",Kein vorheriger Preis,"€ 5,73 / kg -",je 225-g-Becher,Nein,29.09. - 04.10.,2025-09-29,2025-10-04
Sahnepudding,Landliebe,"€ 0,49",Kein vorheriger Preis,"€ 3,26 / kg -","Schokolade, je 150-g-Becher oder Vollmilchpudding Schoko, je 225-g-Becher",Nein,29.09. - 04.10.,2025-09-29,2025-10-04
Bio Kürbis Hokkaido,Keine Marke,"€ 1,19",Kein vorheriger Preis,"€ 1,19 / kg -",je 1 kg,Nein,29.09. - 04.10.,2025-09-29,2025-10-04
Actimel Drink,Danone,"€ 2,22",Kein vorheriger Preis,"€ 2,77 / kg -","versch. Sorten, je 8 x 100-g-Fl.-Pckg.",Nein,29.09. - 04.10.,2025-09-29,2025-10-04
Apfelchips,Weiki-Hof,"€ 2,59",Kein vorheriger Preis,"€ 25,90 / kg -","oder Birnenchips getrocknet, je 100-g-Btl.",Nein,29.09. - 04.10.,2025-09-29,2025-10-04
Frische Bergbauern Milch,Berchtesgadener Land,"€ 1,11",Kein vorheriger Preis,"€ 1,11 / l -","oder Haltbare Bergbauern Milch 1,5%/3,5% je 1-l-Pckg.",Nein,29.09. - 04.10.,2025-09-29,2025-10-04
Salat Krönung,Knorr,"€ 0,79",Kein vorheriger Preis,"€ 1,76 / l -","versch. Sorten, ausreichend für 5 x 90 ml, je 5er-Pckg.",Nein,29.09. - 04.10.,2025-09-29,2025-10-04
Schinkenspeck,Schiller,"€ 1,69",Kein vorheriger Preis,"€ 16,90 / kg -",je 100 g,Nein,29.09. - 04.10.,2025-09-29,2025-10-04
Leberwurst,Metzgerei Wilhelm Brandenburg,"€ 0,99",Kein vorheriger Preis,"€ 9,90 / kg -",mit Kalbfleisch je 100 g,Nein,29.09. - 04.10.,2025-09-29,2025-10-04
Sports-Drink,Powerade,"€ 0,99",Kein vorheriger Preis,"€ 1,98 / l -","versch. Sorten, je 0,5-l-Fl. zzgl. 0.25 Pfand",Nein,29.09. - 04.10.,2025-09-29,2025-10-04
Suppengrün,Rewe Beste Wahl,"€ 1,29",Kein vorheriger Preis,"€ 2,58 / kg -",je 500-g-Pckg.,Nein,29.09. - 04.10.,2025-09-29,2025-10-04
Original Bitter Lemon,Schweppes,"€ 7,99",Kein vorheriger Preis,"€ 1,33 / l -","versch. Sorten, je 6 x 1-l-Fl.-Kasten zzgl. 2.40 Pfand",Nein,29.09. - 04.10.,2025-09-29,2025-10-04
Sekt Halbtrocken,Rotkäppchen,"€ 2,88",Kein vorheriger Preis,"€ 3,84 / l -","oder Fruchtsecco versch. Sorten, je 0,75-l-Fl.",Nein,29.09. - 04.10.,2025-09-29,2025-10-04
Alpenveilchen Dijx,Keine Marke,"€ 2,49",Kein vorheriger Preis,"€ 2,49 / Stk -","oder REWE Beste Wahl Chrysantheme Elegant versch. Farben, je Topf",Nein,29.09. - 04.10.,2025-09-29,2025-10-04
Fernet Branca Kräuterlikör,Fratelli Branca Distillerie,"€ 11,99",Kein vorheriger Preis,"€ 17,12 / l -","35% Vol., je 0,7-l-Fl.",Nein,29.09. - 04.10.,2025-09-29,2025-10-04
Bio-Speisezwiebeln,Rewe Bio,"€ 1,19",Kein vorheriger Preis,"€ 1,59 / kg -","Deutschland/ Niederlande: Gelbe Bio Speisezwiebeln Kl. II, je 750-g-Netz",Nein,29.09. - 04.10.,2025-09-29,2025-10-04
Tequila Blanco,Sierra,"€ 10,99",Kein vorheriger Preis,"€ 15,70 / l -","35% Vol., je 0,7-l-Fl.",Nein,29.09. - 04.10.,2025-09-29,2025-10-04
Bananen,Keine Marke,"€ 1,29",Kein vorheriger Preis,"€ 1,29 / kg -","Ursprung: siehe Etikett, je 1 kg",Nein,29.09. - 04.10.,2025-09-29,2025-10-04
Fruchtmix,Rewe to go,"€ 1,59",Kein vorheriger Preis,"€ 10,60 / kg -",je 150-g-Schale,Nein,29.09. - 04.10.,2025-09-29,2025-10-04
Fruchtaufstrich Samt,Schwartau,"€ 1,88",Kein vorheriger Preis,"€ 6,96 / kg -","Aprikose, je 270-g-Glas oder Konfitüre Extra Erdbeere, je 340-g-Glas",Nein,29.09. - 04.10.,2025-09-29,2025-10-04
Mucho Mas Rot,Felix Solis,"€ 4,99",Kein vorheriger Preis,"€ 6,65 / l -","Spanien: Rot halbtrocken, je 0,75-l-Fl.",Nein,29.09. - 04.10.,2025-09-29,2025-10-04
H-Milch Laktosefrei,Rewe Frei Von,"€ 0,95",Kein vorheriger Preis,"€ 0,95 / l -","1,5% Fett, je 1-l-Pckg.",Nein,29.09. - 04.10.,2025-09-29,2025-10-04
Meistertorte Mandel-Bienenstich,Coppenrath & Wiese,"€ 5,49",Kein vorheriger Preis,"€ 6,86 / kg -","tiefgefroren, je 800-g-Pckg.",Nein,29.09. - 04.10.,2025-09-29,2025-10-04
Joghurt mild Laktosefrei,Rewe Frei Von,"€ 0,79",Kein vorheriger Preis,"€ 1,58 / kg -","3,8% Fett, je 500-g-Becher",Nein,29.09. - 04.10.,2025-09-29,2025-10-04
Orange,Capri Sun,"€ 0,99",Kein vorheriger Preis,"€ 3,00 / l -","versch. Sorten, je 0,33-l-Pckg.",Nein,29.09. - 04.10.,2025-09-29,2025-10-04
Wiener Würstchen,ja!,"€ 3,19",Kein vorheriger Preis,"€ 7,97 / kg -",je 8 x 50-g-Pckg.,Nein,29.09. - 04.10.,2025-09-29,2025-10-04
Mix-Sortiment,Coca-Cola,"€ 11,99",Kein vorheriger Preis,"€ 0,99 / l -","Coca-Cola Zero, Fanta oder Sprite Mischkasten versch. Sorten, koffeinhaltig, je 12 x 1-l-Fl.-Kasten ...",Nein,29.09. - 04.10.,2025-09-29,2025-10-04
Seelachsfilet,Keine Marke,"€ 1,59",Kein vorheriger Preis,"€ 15,90 / kg -","ideal zum Braten, je 100 g",Nein,29.09. - 04.10.,2025-09-29,2025-10-04
Pils,Beck's,"€ 9,99",Kein vorheriger Preis,"€ 0,99 / l -","versch. Sorten, je 20 x 0,5-l-Fl.-Kasten zzgl. 3.10 Pfand",Nein,29.09. - 04.10.,2025-09-29,2025-10-04
Rosenheimer Chiemseer Hell,Chiemgauer Brauhaus,"€ 13,99",Kein vorheriger Preis,"€ 1,39 / l -","je 20 x 0,5-l-Fl.-Kasten zzgl. 3.10 Pfand",Nein,29.09. - 04.10.,2025-09-29,2025-10-04
Cookies Double Chocolate,ja!,"€ 1,49",Kein vorheriger Preis,"€ 6,62 / kg -",je 225-g-Pckg.,Nein,29.09. - 04.10.,2025-09-29,2025-10-04
Möhrenstifte,Keine Marke,"€ 0,79",Kein vorheriger Preis,"€ 3,95 / kg -",je 200-g-Btl.,Nein,29.09. - 04.10.,2025-09-29,2025-10-04
Original Taste,Coca-Cola,"€ 3,99",Kein vorheriger Preis,"€ 2,01 / l -","koffeinhaltig, je 6 x 0,33-l-Fl.-Pckg. zzgl. 1.50 Pfand",Nein,29.09. - 04.10.,2025-09-29,2025-10-04
Apfelsaft,ja!,"€ 1,09",Kein vorheriger Preis,"€ 1,09 / l -","aus Konzentrat, 100% Fruchtgehalt, je 1-l-Fl. zzgl. 0.25 Pfand",Nein,29.09. - 04.10.,2025-09-29,2025-10-04
Muffin Blueberry,Rewe Back-Station,"€ 1,39",Kein vorheriger Preis,"€ 1,39 / Stk -",oder Chocolate Overkill je St.,Nein,29.09. - 04.10.,2025-09-29,2025-10-04
Bärchen-Wurst,Reinert,"€ 1,49",Kein vorheriger Preis,"€ 12,95 / kg -","HINWEIS: MIT APP 0.10 € REWE BONUS Mortadella, je 115-g-Pckg. oder Bärchen-Streich cremiger Brotaufs...",Nein,29.09. - 04.10.,2025-09-29,2025-10-04
Frischeschale Sahne,Milkana,"€ 1,79",Kein vorheriger Preis,"€ 9,42 / kg -","HINWEIS: MIT APP 0.10 € REWE BONUS oder Käse Vielfalt Schmelzkäse, je 190-g-Pckg./Schale",Nein,29.09. - 04.10.,2025-09-29,2025-10-04
Premium Beer,Heineken,"€ 14,99",Kein vorheriger Preis,"€ 1,87 / l -","je 20 x 0,4/28 x 0,25-l-Fl.-Kasten zzgl. 3.10/3.74 Pfand",Nein,29.09. - 04.10.,2025-09-29,2025-10-04
Weiße Riesenchampignons,Rewe Beste Wahl,"€ 1,59",Kein vorheriger Preis,"€ 3,98 / kg -","Kl. I, je 400-g-Schale",Nein,29.09. - 04.10.,2025-09-29,2025-10-04
Weißbier,Erdinger Weißbräu,"€ 13,99",Kein vorheriger Preis,"€ 1,39 / l -","oder Brauhaus je 20 x 0,5-l-Fl.-Kasten zzgl. 3.10 Pfand",Nein,29.09. - 04.10.,2025-09-29,2025-10-04
Seeteufel-Steaks,Keine Marke,"€ 4,29",Kein vorheriger Preis,"€ 42,90 / kg -","festes, weißes Fleisch, zart im Geschmack, grätenfrei, je 100 g",Nein,29.09. - 04.10.,2025-09-29,2025-10-04
Stremellachs,Keine Marke,"€ 3,69",Kein vorheriger Preis,"€ 36,90 / kg -","versch. Sorten, je 100 g",Nein,29.09. - 04.10.,2025-09-29,2025-10-04
Hundenahrung,Cesar,"€ 0,75",Kein vorheriger Preis,"€ 5,00 / kg -","versch. Sorten, je 150-g-Schale",Nein,29.09. - 04.10.,2025-09-29,2025-10-04
Damen Halbfinger-Handschuhe,Billie Eilish,"€ 12,99",Kein vorheriger Preis,"€ 12,99 / Stk -","oder Herren, one size je Paar",Nein,29.09. - 04.10.,2025-09-29,2025-10-04
Sahne Joghurt,Zott,"€ 0,39",Kein vorheriger Preis,"€ 2,78 / kg -","versch. Sorten, je 140-g-Becher",Nein,29.09. - 04.10.,2025-09-29,2025-10-04
Entenschenkel,Keine Marke,"€ 1,29",Kein vorheriger Preis,"€ 12,90 / kg -","mit Haut, je 100 g",Nein,29.09. - 04.10.,2025-09-29,2025-10-04
Edle Matjesfilets Nordische Art,Nadler,"€ 2,79",Kein vorheriger Preis,"€ 8,45 / kg -",je 330-g-Pckg. 10% gratis!,Nein,29.09. - 04.10.,2025-09-29,2025-10-04
Besenheide Trio,Keine Marke,"€ 1,19",Kein vorheriger Preis,"€ 1,19 / Stk -","drei versch. Farben im Topf, für die Außenbepflanzung, winterhart, je Topf",Nein,29.09. - 04.10.,2025-09-29,2025-10-04
Kaffeepads Crema E Aroma,Lavazza,"€ 2,49",Kein vorheriger Preis,"€ 19,92 / kg -","versch. Sorten, je 125-g-Btl.",Nein,29.09. - 04.10.,2025-09-29,2025-10-04
Hühnerfrikassee,Frosta,"€ 2,79",Kein vorheriger Preis,"€ 5,58 / kg -","versch. Sorten, tiefgefroren, je 500-g-Btl.",Nein,29.09. - 04.10.,2025-09-29,2025-10-04
Reiniger,Frosch,"€ 1,79",Kein vorheriger Preis,"€ 3,58 / l -","versch. Sorten, je 500-ml-Fl.",Nein,29.09. - 04.10.,2025-09-29,2025-10-04
Rinderrouladen,Metzgerei Landbauern,"€ 1,99",Kein vorheriger Preis,"€ 19,90 / kg -","aus der Oberschale, je 100 g",Nein,29.09. - 04.10.,2025-09-29,2025-10-04
Taschentücher-Box,Tempo,"€ 1,99",Kein vorheriger Preis,"€ 0,02 / Stk -",je 100-St.-Pckg. oder Taschentücher je 15 x 10-St.-Pckg.,Nein,29.09. - 04.10.,2025-09-29,2025-10-04
Frische Entenbrustfilet,Keine Marke,"€ 1,79",Kein vorheriger Preis,"€ 17,90 / kg -","mit Haut, je 100 g",Nein,29.09. - 04.10.,2025-09-29,2025-10-04
Strohschwein Schinkenspeck,Schiller,"€ 1,69",Kein vorheriger Preis,"€ 16,90 / kg -",je 100 g,Nein,29.09. - 04.10.,2025-09-29,2025-10-04
Hirsch Edelgulasch,Keine Marke,"€ 11,99",Kein vorheriger Preis,"€ 23,98 / kg -",je 500-g-Pckg. ab Di. erhältlich,Nein,29.09. - 04.10.,2025-09-29,2025-10-04
Rinder-Roastbeef,Metzgerei Landbauern,"€ 2,79",Kein vorheriger Preis,"€ 27,90 / kg -","am Stück oder in Scheiben, je 100 g",Nein,29.09. - 04.10.,2025-09-29,2025-10-04
Starterpaket,ja!,"€ 4,98",Kein vorheriger Preis,"€ 4,98 / Stk -",,Nein,29.09. - 04.10.,2025-09-29,2025-10-04
Rote Tafeläpfel,Keine Marke,"€ 1,59",Kein vorheriger Preis,"€ 1,59 / kg -","Sorte: siehe Etikett, Kl. I, je 1-kg-Schale",Nein,29.09. - 04.10.,2025-09-29,2025-10-04
Bärchen-Wurst Mortadella,Reinert,"€ 1,49",Kein vorheriger Preis,"€ 12,95 / kg -","HINWEIS: MIT APP 0.10 € REWE BONUS je 115-g-Pckg. oder Bärchen-Streich cremiger Brotaufstrich, je 12...",Nein,29.09. - 04.10.,2025-09-29,2025-10-04
Truthahnsalami,Imperial,"€ 1,99",Kein vorheriger Preis,"€ 19,90 / kg -",je 100 g,Nein,29.09. - 04.10.,2025-09-29,2025-10-04
Al Bronzo Teigwaren,Barilla,"€ 1,11",Kein vorheriger Preis,"€ 2,22 / kg -","versch. Ausformungen, je 500-g-Btl.",Nein,29.09. - 04.10.,2025-09-29,2025-10-04
Kaffee Auslese,Melitta,"€ 6,99",Kein vorheriger Preis,"€ 13,98 / kg -","versch. Sorten, gemahlener Bohnenkaffee, je 500-g-Pckg.",Nein,29.09. - 04.10.,2025-09-29,2025-10-04
Deutschländer Würstchen,Meica,"€ 3,49",Kein vorheriger Preis,"€ 10,57 / kg -","330-g-Abtropfgew., je 660-g-Glas oder Mini Mini Würstchenkette 190-g-Abtropfgew., je 380-g-Glas",Nein,29.09. - 04.10.,2025-09-29,2025-10-04
Gold,Jacobs,"€ 6,99",Kein vorheriger Preis,"€ 34,95 / kg -","löslicher Bohnenkaffee, je 200-g-Glas",Nein,29.09. - 04.10.,2025-09-29,2025-10-04
Doppelherz Magnesium 400,Queisser Pharma,"€ 1,99",Kein vorheriger Preis,"€ 0,13 / Stk -","15 Brausetabletten, je 97,5-g-Pckg. oder Magnesium+ Kalium Sport 15 Brausetabletten, je 99-g-Pckg.",Nein,29.09. - 04.10.,2025-09-29,2025-10-04
Orchidee Smile,Keine Marke,"€ 11,99",Kein vorheriger Preis,"€ 11,99 / Stk -","gefärbt, in versch. Farben, je Topf",Nein,29.09. - 04.10.,2025-09-29,2025-10-04
Seelenwärmer Cremepudding,Dr. Oetker,"€ 0,79",Kein vorheriger Preis,"€ 13,62 / kg -","HINWEIS: MIT APP 0.10 € REWE BONUS Schoko, je 58-g-Pckg. oder Paradies Creme Vanille, je 60-g-Pckg.",Nein,29.09. - 04.10.,2025-09-29,2025-10-04
Proteinriegel,Barebells,"€ 1,99",Kein vorheriger Preis,"€ 36,18 / kg -","versch. Sorten, je 55-g-Riegel",Nein,29.09. - 04.10.,2025-09-29,2025-10-04
Kentuckey Straight Bourbon Whiskey,Jim Beam,"€ 10,99",Kein vorheriger Preis,"€ 15,70 / l -","HINWEIS: MIT APP 1.00 € REWE BONUS 40% Vol., je 0,7-l-Fl.",Nein,29.09. - 04.10.,2025-09-29,2025-10-04
Alpenmilch,Milka,"€ 2,88",Kein vorheriger Preis,"€ 11,52 / kg -",je 250-g-Tafel oder Gingerbread je 300-g-Tafel,Nein,29.09. - 04.10.,2025-09-29,2025-10-04
Hühner Brühe,Maggi,"€ 1,59",Kein vorheriger Preis,"€ 0,40 / l -","ausreichend für 4 Liter, je Glas oder Gemüse Brühe ausreichend für 7 Liter, je Glas",Nein,29.09. - 04.10.,2025-09-29,2025-10-04
Suppenliebe,Knorr,"€ 0,79",Kein vorheriger Preis,"€ 1,05 / l -","versch. Sorten, ausreichend für 750 ml, je Btl.",Nein,29.09. - 04.10.,2025-09-29,2025-10-04
Feinster Fleischsalat,Popp,"€ 1,29",Kein vorheriger Preis,"€ 6,45 / kg -","versch. Sorten, je 200-g-Becher",Nein,29.09. - 04.10.,2025-09-29,2025-10-04
Butter,Weihenstephan,"€ 2,19",Kein vorheriger Preis,"€ 8,76 / kg -","oder Die Streichzarte versch. Sorten, je 250-g-Pckg./Becher",Nein,29.09. - 04.10.,2025-09-29,2025-10-04
Müllermilch,Müller,"€ 0,79",Kein vorheriger Preis,"€ 1,98 / l -","versch. Sorten, je 400-ml-Fl.",Nein,29.09. - 04.10.,2025-09-29,2025-10-04
Wiener,Schiller,"€ 1,11",Kein vorheriger Preis,"€ 11,10 / kg -",mit Kalbfleisch je 100 g,Nein,29.09. - 04.10.,2025-09-29,2025-10-04
Bayerischer Knödelteig,Burgis,"€ 1,79",Kein vorheriger Preis,"€ 2,39 / kg -",oder Rohe Klöße je 750-g-Btl.,Nein,29.09. - 04.10.,2025-09-29,2025-10-04
Krapfen,Fuchs,"€ 2,95",Kein vorheriger Preis,"€ 1,48 / Stk -",Stück,Nein,29.09. - 04.10.,2025-09-29,2025-10-04
Elephant Premium Beer,Carlsberg,"€ 0,99",Kein vorheriger Preis,"€ 1,98 / l -","je 0,5-l-Dose zzgl. 0.25 Pfand",Nein,29.09. - 04.10.,2025-09-29,2025-10-04
Zerup,More Nutrition,"€ 4,44",Kein vorheriger Preis,"€ 68,30 / l -","versch. Sorten, je 65-ml-Fl.",Nein,29.09. - 04.10.,2025-09-29,2025-10-04
Lyoner im Ring,Schiller,"€ 1,11",Kein vorheriger Preis,"€ 11,10 / kg -","halbe oder ganze Ringe, je 100 g",Nein,29.09. - 04.10.,2025-09-29,2025-10-04
Palmberger Leberwurst,Keine Marke,"€ 0,99",Kein vorheriger Preis,"€ 9,90 / kg -",oder Blutwurst je 100 g,Nein,29.09. - 04.10.,2025-09-29,2025-10-04
Bio Tee,Volvic,"€ 1,29",Kein vorheriger Preis,"€ 1,72 / l -","oder Vitamin versch. Sorten, je 0,75-l-Fl. zzgl. 0.25 Pfand",Nein,29.09. - 04.10.,2025-09-29,2025-10-04
Blütensalat Mix,Rewe Feine Welt,"€ 1,49",Kein vorheriger Preis,"€ 14,90 / kg -",je 100-g-Schale,Nein,29.09. - 04.10.,2025-09-29,2025-10-04
Mineralwasser,Franken Brunnen,"€ 5,49",Kein vorheriger Preis,"€ 0,45 / l -","versch. Sorten, je 12 x 1-l-Fl.-Kasten zzgl. 3.30 Pfand",Nein,29.09. - 04.10.,2025-09-29,2025-10-04
Geflügel Mortadella,Wiesenhof,"€ 1,29",Kein vorheriger Preis,"€ 12,90 / kg -","versch. Sorten, je 100-g-Pckg.",Nein,29.09. - 04.10.,2025-09-29,2025-10-04
Champignons,Keine Marke,"€ 1,59",Kein vorheriger Preis,"€ 3,98 / kg -","Deutschland/ Niederlande/Polen: Weiße Champignons Kl. I, je 400-g-Schale",Nein,29.09. - 04.10.,2025-09-29,2025-10-04
Original,Wodka Gorbatschow,"€ 6,49",Kein vorheriger Preis,"€ 9,27 / l -","37,5% Vol., je 0,7-l-Fl.",Nein,29.09. - 04.10.,2025-09-29,2025-10-04
Salatschale Hirten,Rewe to go,"€ 2,29",Kein vorheriger Preis,"€ 7,63 / kg -",je 300-g-Schale oder Caesar Salat je 310-g-Schale,Nein,29.09. - 04.10.,2025-09-29,2025-10-04
Pfefferminzlikör,Nordbrand Nordhausen,"€ 3,99",Kein vorheriger Preis,"€ 5,70 / l -","18% Vol., je 0,7-l-Fl.",Nein,29.09. - 04.10.,2025-09-29,2025-10-04
Frisch & Pur Natur,Géramont,"€ 1,59",Kein vorheriger Preis,"€ 11,35 / kg -","versch. Sorten, je 140-g-Pckg.",Nein,29.09. - 04.10.,2025-09-29,2025-10-04
Bio-Bananen,Rewe Bio,"€ 1,79",Kein vorheriger Preis,"€ 1,79 / kg -","Ursprung: siehe Etikett, je 1 kg",Nein,29.09. - 04.10.,2025-09-29,2025-10-04
Garganega Pinot Grigio,Weingut Folonari,"€ 2,99",Kein vorheriger Preis,"€ 2,99 / l -","Italien/Venetien: DOC trocken, je 1-l-Fl.",Nein,29.09. - 04.10.,2025-09-29,2025-10-04
Rouge,La Vieille Ferme,"€ 4,99",Kein vorheriger Preis,"€ 6,65 / l -","Frankreich/Rhone: VDF trocken, je 0,75-l",Nein,29.09. - 04.10.,2025-09-29,2025-10-04
Curry King,Meica,"€ 1,79",Kein vorheriger Preis,"€ 8,14 / kg -","versch. Sorten, je 220-g-Pckg.",Nein,29.09. - 04.10.,2025-09-29,2025-10-04
Bio Laugensticks vegan,Rewe Frei Von,"€ 1,25",Kein vorheriger Preis,"€ 12,50 / kg -",Glutenfrei je 100-g-Btl.,Nein,29.09. - 04.10.,2025-09-29,2025-10-04
Lachsfilet,Keine Marke,"€ 2,19",Kein vorheriger Preis,"€ 21,90 / kg -","mit Haut, natur oder mariniert, je 100 g",Nein,29.09. - 04.10.,2025-09-29,2025-10-04
Kartoffelsalate,Popp,"€ 1,89",Kein vorheriger Preis,"€ 4,72 / kg -",oder Coleslaw-Salat je 400-g-Pckg.,Nein,29.09. - 04.10.,2025-09-29,2025-10-04
Mini Mozzarella,ja!,"€ 1,29",Kein vorheriger Preis,"€ 10,32 / kg -","45% Fett i.Tr., 125-g-Abtropfgew., je 250-g-Becher",Nein,29.09. - 04.10.,2025-09-29,2025-10-04
Senf,Bautz'ner,"€ 0,79",Kein vorheriger Preis,"€ 2,63 / l -","mittelscharf, je 300-ml-Fl.",Nein,29.09. - 04.10.,2025-09-29,2025-10-04
Thunfisch-Salat,Saupiquet,"€ 2,29",Kein vorheriger Preis,"€ 14,31 / kg -","versch. Sorten, je 160-g-Dose",Nein,29.09. - 04.10.,2025-09-29,2025-10-04
Maultaschen,Bürger,"€ 1,49",Kein vorheriger Preis,"€ 4,13 / kg -","traditionell schwäbisch, je 360-g-Btl.",Nein,29.09. - 04.10.,2025-09-29,2025-10-04
Ice Tea,Pfanner,"€ 1,29",Kein vorheriger Preis,"€ 0,64 / l -","versch. Sorten, je 2-l-Pckg.",Nein,29.09. - 04.10.,2025-09-29,2025-10-04
Räucherlachs,ja!,"€ 4,79",Kein vorheriger Preis,"€ 23,95 / kg -",je 200-g-Pckg.,Nein,29.09. - 04.10.,2025-09-29,2025-10-04
La Mia Grande Salame Piccante,Dr. Oetker,"€ 3,49",Kein vorheriger Preis,"€ 9,18 / kg -","tiefgefroren, je 380-g-Pckg. oder La Mia Famiglia Vier Käse tiefgefroren, je 480-g-Pckg.",Nein,29.09. - 04.10.,2025-09-29,2025-10-04
Ice Tea,Lipton,"€ 1,29",Kein vorheriger Preis,"€ 1,03 / l -","versch. Sorten, je 1,25-l-Fl. zzgl. 0.25 Pfand",Nein,29.09. - 04.10.,2025-09-29,2025-10-04
Serrano Schinken,Campofrio,"€ 1,99",Kein vorheriger Preis,"€ 19,90 / kg -",je 100 g,Nein,29.09. - 04.10.,2025-09-29,2025-10-04
Hausmacher Handkäse mit Kümmel,Loose,"€ 2,29",Kein vorheriger Preis,"€ 11,45 / kg -","Sauermilchkäse, je 200-g-Pckg. oder Quäse mild Sauermilchkäse, je 220-g-Pckg.",Nein,29.09. - 04.10.,2025-09-29,2025-10-04
Zottarella Rolle Classic,Zott,"€ 1,99",Kein vorheriger Preis,"€ 9,95 / kg -","200-g-Abtropfgew., je 330-g-Btl. oder Cheese Tiger Original je 84-g-Pckg.",Nein,29.09. - 04.10.,2025-09-29,2025-10-04
Truthahn Mortadella,ElPozo,"€ 1,29",Kein vorheriger Preis,"€ 12,90 / kg -","mit Oliven, je 100 g",Nein,29.09. - 04.10.,2025-09-29,2025-10-04
Büble Edelbräu,Allgäuer Brauhaus,"€ 13,99",Kein vorheriger Preis,"€ 1,40 / l -","je 20 x 0,5-l-Fl.-Kasten zzgl. 4.50 Pfand",Nein,29.09. - 04.10.,2025-09-29,2025-10-04
XXL Sandwich Baguettes,Ibis,"€ 1,89",Kein vorheriger Preis,"€ 5,55 / kg -","versch. Sorten, je 340-g-Pckg.",Nein,29.09. - 04.10.,2025-09-29,2025-10-04
Hundesnack Dentastix Daily Oral Care Bigpack,Pedigree,"€ 5,79",Kein vorheriger Preis,"€ 7,15 / kg -",je 810-g-Pckg. 3€ Rabatt zusätzlich beim Kauf von Produkten von Pedigree®/ Whiskas® im Wert von mind...,Nein,29.09. - 04.10.,2025-09-29,2025-10-04
Felix Sensations Katzentrockennahrung,Purina,"€ 2,99",Kein vorheriger Preis,"€ 2,99 / kg -","HINWEIS: MIT APP 0.20 € REWE BONUS versch. Sorten, je 1-kg-Pckg.",Nein,29.09. - 04.10.,2025-09-29,2025-10-04
Bier,Desperados,"€ 4,99",Kein vorheriger Preis,"€ 3,78 / l -","versch. Sorten, je 4 x 0,33-l-Fl.-Pckg. zzgl. 0.32 Pfand",Nein,29.09. - 04.10.,2025-09-29,2025-10-04
Selection,Granini,"€ 1,69",Kein vorheriger Preis,"€ 2,25 / l -","versch. Sorten, je 0,75-l-Fl. zzgl. 0.25 Pfand oder Trinkgenuss versch. Sorten, je 1-l-Fl. zzgl. 0.2...",Nein,29.09. - 04.10.,2025-09-29,2025-10-04
Helles,Oberdorfer Helles,"€ 0,79",Kein vorheriger Preis,"€ 1,58 / l -","je 0,5-l-Dose zzgl. 0.25 Pfand",Nein,29.09. - 04.10.,2025-09-29,2025-10-04
Damen Oversize Boxy-Sweater,Billie Eilish,"€ 29,99",Kein vorheriger Preis,"€ 29,99 / Stk -","Größen: XS-XL, versch. Motive und Farben je St.",Nein,29.09. - 04.10.,2025-09-29,2025-10-04
Emmentaler,Goldsteig,"€ 0,99",Kein vorheriger Preis,"€ 9,90 / kg -","Hartkäse, 45% Fett i.Tr., je 100 g",Nein,29.09. - 04.10.,2025-09-29,2025-10-04
Bio Pastinaken,Rewe Bio,"€ 1,39",Kein vorheriger Preis,"€ 4,63 / kg -","Kl. II, je 300-g-Pckg.",Nein,29.09. - 04.10.,2025-09-29,2025-10-04
Sekt,Rotkäppchen,"€ 2,88",Kein vorheriger Preis,"€ 3,84 / l -","oder Fruchtsecco versch. Sorten, je 0,75-l-Fl.",Nein,29.09. - 04.10.,2025-09-29,2025-10-04
Naturelle Mineralwasser,Volvic,"€ 3,99",Kein vorheriger Preis,"€ 0,44 / l -","versch. Sorten, je 6 x 1,5-l-Fl.-Pckg. zzgl. 1.50 Pfand",Nein,29.09. - 04.10.,2025-09-29,2025-10-04
Ice Cream Salted Caramel & Australian Macadamia,Nuii,"€ 2,49",Kein vorheriger Preis,"€ 9,22 / l -",oder Milka Chocolate & Vanille Swirl je 3 x 90-ml-Pckg.,Nein,29.09. - 04.10.,2025-09-29,2025-10-04
Fairtrade Rosen Trio,Keine Marke,"€ 3,49",Kein vorheriger Preis,"€ 3,49 / Stk -","oder Duo, mit Floralife Schnittblumennahrung, je Bund",Nein,29.09. - 04.10.,2025-09-29,2025-10-04
Hähnchenschenkel,Keine Marke,"€ 6,66",Kein vorheriger Preis,"€ 3,33 / kg -","natur, Hkl. A, oder gewürzt, je 2000-g-Pckg.",Nein,29.09. - 04.10.,2025-09-29,2025-10-04
Nachfüllpack Freshmatic Duo,Airwick,"€ 3,99",Kein vorheriger Preis,"€ 15,96 / l -","versch. Sorten, je 250-ml-Dose",Nein,29.09. - 04.10.,2025-09-29,2025-10-04
Cola-Mix,Deit,"€ 9,99",Kein vorheriger Preis,"€ 0,83 / l -","koffeinhaltig, je 12 x 1-l-Fl.-Kasten zzgl. 3.30 Pfand",Nein,29.09. - 04.10.,2025-09-29,2025-10-04
Leberwurst mit Kalbfleisch,Metzgerei Wilhelm Brandenburg,"€ 0,99",Kein vorheriger Preis,"€ 9,90 / kg -",je 100 g,Nein,29.09. - 04.10.,2025-09-29,2025-10-04
Rocher,Ferrero,"€ 2,99",Kein vorheriger Preis,"€ 14,95 / kg -",je 200-g-Pckg.,Nein,29.09. - 04.10.,2025-09-29,2025-10-04
Obatzter,Kuglers Köstliche,"€ 1,49",Kein vorheriger Preis,"€ 14,90 / kg -",je 100 g,Nein,29.09. - 04.10.,2025-09-29,2025-10-04
Auslese Klassisch,Melitta,"€ 6,99",Kein vorheriger Preis,"€ 13,98 / kg -","versch. Sorten, gemahlener Bohnenkaffee, je 500-g-Pckg.",Nein,29.09. - 04.10.,2025-09-29,2025-10-04
Fruchtjogurt,Andechser Natur,"€ 2,19",Kein vorheriger Preis,"€ 4,38 / kg -","mild versch. Sorten, je 500-g-Glas zzgl. 0.15 Pfand",Nein,29.09. - 04.10.,2025-09-29,2025-10-04
Fix Gulasch,Knorr,"€ 0,49",Kein vorheriger Preis,"€ 10,00 / kg -",je 49-g-Btl. oder Fix Hackbraten je 70-g-Btl.,Nein,29.09. - 04.10.,2025-09-29,2025-10-04
Früchtetee,Teekanne,"€ 1,59",Kein vorheriger Preis,"€ 35,33 / kg -","Heiße Liebe, je 45-g-Pckg. oder Rooibostee Vanille je 35-g-Pckg.",Nein,29.09. - 04.10.,2025-09-29,2025-10-04
Q10 Power Anti-Falten Tagespflege,Nivea,"€ 10,99",Kein vorheriger Preis,"€ 219,80 / l -","oder Nachtpflege, je 50-ml-Tiegel-Pckg.",Nein,29.09. - 04.10.,2025-09-29,2025-10-04
Express Reis,Ben's Original,"€ 1,39",Kein vorheriger Preis,"€ 6,32 / kg -","versch. Sorten, je 220-g-Btl.",Nein,29.09. - 04.10.,2025-09-29,2025-10-04
Schokolade,Ritter Sport,"€ 1,29",Kein vorheriger Preis,"€ 12,90 / kg -","versch. Sorten, je 100-g-Tafel",Nein,29.09. - 04.10.,2025-09-29,2025-10-04
Duschgel,Nivea,"€ 1,99",Kein vorheriger Preis,"€ 7,96 / l -","versch. Sorten, je 250-ml-Fl.",Nein,29.09. - 04.10.,2025-09-29,2025-10-04
Q10 Power Anti-Falten Straffung Tagespflege LSF 15,Nivea,"€ 10,99",Kein vorheriger Preis,"€ 219,80 / l -","oder Nachtpflege, je 50-ml-Tiegel-Pckg.",Nein,29.09. - 04.10.,2025-09-29,2025-10-04
Deospray,Nivea,"€ 1,99",Kein vorheriger Preis,"€ 13,27 / l -","versch. Sorten, je 150-ml-Dose, 2€ Rabatt zusätzlich beim Kauf von mind. 2 Nivea Produkten im Wert v...",Nein,29.09. - 04.10.,2025-09-29,2025-10-04
Deo Roll-On Dry Comfort,Nivea For Men,"€ 2,99",Kein vorheriger Preis,"€ 59,80 / l -",je 50-ml-Roller,Nein,29.09. - 04.10.,2025-09-29,2025-10-04
Deo Roll-On,Nivea,"€ 2,99",Kein vorheriger Preis,"€ 59,80 / l -","Dry Comfort, je 50-ml-Roller",Nein,29.09. - 04.10.,2025-09-29,2025-10-04
Zahncreme Whitening Plus,Odol-Med 3,"€ 1,39",Kein vorheriger Preis,"€ 18,53 / l -","je 75-ml-Tuben-Pckg. oder Zahncreme Original, je 125-ml-Tube",Nein,29.09. - 04.10.,2025-09-29,2025-10-04
Herren T-Shirt,Billie Eilish,"€ 19,99",Kein vorheriger Preis,"€ 19,99 / Stk -","Oversize, Größen: XS-XL versch. Motive und Farben je St.",Nein,29.09. - 04.10.,2025-09-29,2025-10-04
Kaffeesticks Classic 3in1,Jacobs,"€ 1,99",Kein vorheriger Preis,"€ 16,58 / kg -",je 120-g-Pckg. oder 2in1 Classic je 124-g-Pckg.,Nein,29.09. - 04.10.,2025-09-29,2025-10-04
Rahm-Spinat,Iglo,"€ 1,79",Kein vorheriger Preis,"€ 2,38 / kg -","tiefgefroren, je 750-g-Pckg. oder Würz-Spinat tiefgefroren, je 500-g-Pckg.",Nein,29.09. - 04.10.,2025-09-29,2025-10-04
Fassbrause,Krombacher,"€ 3,79",Kein vorheriger Preis,"€ 1,91 / l -","versch. Sorten, teilw. koffeinhaltig, je 6 x 0,33-l-Fl. Sixpack zzgl. 0.48 Pfand je Fl.",Nein,29.09. - 04.10.,2025-09-29,2025-10-04
Bio Hähnchenschenkel,Keine Marke,"€ 1,29",Kein vorheriger Preis,"€ 12,90 / kg -","natur, Hkl. A, je 100 g",Nein,29.09. - 04.10.,2025-09-29,2025-10-04
Domschinken,Ostermeier,"€ 1,79",Kein vorheriger Preis,"€ 17,90 / kg -",GQB je 100 g,Nein,29.09. - 04.10.,2025-09-29,2025-10-04
Naturjoghurt,Weihenstephan,"€ 0,99",Kein vorheriger Preis,"€ 1,98 / kg -","mild versch. Sorten, je 500-g-Becher",Nein,29.09. - 04.10.,2025-09-29,2025-10-04
Gourmet Gold Katzennahrung,Purina,"€ 0,49",Kein vorheriger Preis,"€ 5,76 / kg -","oder Perle Katzennahrung versch. Sorten, je 85-g-Dose/Btl.",Nein,29.09. - 04.10.,2025-09-29,2025-10-04
Rote Beete Scheiben,Specht Schmankerl,"€ 1,29",Kein vorheriger Preis,"€ 5,86 / kg -","220-g-Abtropfgew., je 330-g-Glas oder Sellerie Salat 190-g-Abtropfgew., je 320-g-Glas",Nein,29.09. - 04.10.,2025-09-29,2025-10-04
Maultaschen nach traditionellem Rezept,Bürger,"€ 1,49",Kein vorheriger Preis,"€ 4,14 / kg -",je 360-g-Btl,Nein,29.09. - 04.10.,2025-09-29,2025-10-04
Schmand,Frankenland,"€ 0,99",Kein vorheriger Preis,"€ 4,95 / kg -","24% Fett, je 200-g-Becher oder Cremiger Joghurt 3,5% Fett, je 400-g-Becher",Nein,29.09. - 04.10.,2025-09-29,2025-10-04
Mineralwasser,Gerolsteiner,"€ 7,99",Kein vorheriger Preis,"€ 0,67 / l -","versch. Sorten, je 12 x 1-l-Fl.-Kasten zzgl. 3.30 Pfand",Nein,29.09. - 04.10.,2025-09-29,2025-10-04
Parmaschinken,Citterio,"€ 2,99",Kein vorheriger Preis,"€ 29,90 / kg -","luftgetrocknet, 18 Monate gereift, mild-würzig, je 100 g",Nein,29.09. - 04.10.,2025-09-29,2025-10-04
Honigtomaten,Looye Kwekers,"€ 3,33",Kein vorheriger Preis,"€ 18,50 / kg -","Kl. Extra, je 180-g-Schale",Nein,29.09. - 04.10.,2025-09-29,2025-10-04
Alkoholfreies Malzgetränk,Karamalz,"€ 1,11",Kein vorheriger Preis,"€ 1,48 / l -","je 0,75-l-Fl. zzgl. 0.25 Pfand",Nein,29.09. - 04.10.,2025-09-29,2025-10-04
Mineralwasser,Volvic,"€ 3,99",Kein vorheriger Preis,"€ 0,44 / l -","Naturelle, je 6 x 1,5-l-Fl.-Pckg. zzgl. 1.50 Pfand",Nein,29.09. - 04.10.,2025-09-29,2025-10-04
Kentucky Straight Bourbon Whiskey,Jim Beam,"€ 10,99",Kein vorheriger Preis,"€ 15,70 / l -","HINWEIS: MIT APP 1.00 € REWE BONUS 40% Vol., je 0,7-l-Fl",Nein,29.09. - 04.10.,2025-09-29,2025-10-04
Tafeltrauben,Keine Marke,"€ 1,39",Kein vorheriger Preis,"€ 2,78 / kg -","Helle Tafeltrauben Sorte: siehe Etikett, Kl. I, je 500-g-Schale, kernlos",Nein,29.09. - 04.10.,2025-09-29,2025-10-04
Delikatess Saucen,Maggi,"€ 0,99",Kein vorheriger Preis,"€ 1,98 / l -","HINWEIS: MIT APP 0.20 € REWE BONUS versch. Sorten, ausreichend für 2 x 0,25 Liter, je Pckg.",Nein,29.09. - 04.10.,2025-09-29,2025-10-04
Bananen,Rewe Beste Wahl,"€ 1,79",Kein vorheriger Preis,"€ 1,79 / kg -","Ursprung: siehe Etikett, je 1 kg",Nein,29.09. - 04.10.,2025-09-29,2025-10-04
Lammkeulensteak,Walysa,"€ 3,29",Kein vorheriger Preis,"€ 32,90 / kg -","natur oder mariniert, je 100 g",Nein,29.09. - 04.10.,2025-09-29,2025-10-04
Immun Shot Ingwer,Innocent,"€ 1,49",Kein vorheriger Preis,"€ 18,62 / l -","Ingwer & Kurkuma, je 80-ml-Fl. oder Saft Orange ohne Fruchtfleisch, je 330-ml-Fl. zzgl. 0.25 Pfand",Nein,29.09. - 04.10.,2025-09-29,2025-10-04
Grauburgunder,III Freunde,"€ 7,99",Kein vorheriger Preis,"€ 10,65 / l -","oder Riesling alkoholfrei Qualitätswein trocken, je 0,75-l-Fl.",Nein,29.09. - 04.10.,2025-09-29,2025-10-04
Tafelapfel,Keine Marke,"€ 1,59",Kein vorheriger Preis,"€ 1,59 / kg -","Rote Tafeläpfel, Sorte: siehe Etikett, Kl. I, je 1-kg-Schale",Nein,29.09. - 04.10.,2025-09-29,2025-10-04
Emmentaler,Aggenstein,"€ 1,19",Kein vorheriger Preis,"€ 11,90 / kg -","Hartkäse, 45% Fett i.Tr., je 100 g",Nein,29.09. - 04.10.,2025-09-29,2025-10-04
Paula Vanille-Pudding Minis,Dr. Oetker,"€ 1,49",Kein vorheriger Preis,"€ 3,72 / kg -",je 8 x 50-g-Becher oder Paula Schoko-Pudding je 4 x 125-g-Becher-Pckg.,Nein,29.09. - 04.10.,2025-09-29,2025-10-04
Softwaffeln,Rewe Frei Von,"€ 1,59",Kein vorheriger Preis,"€ 15,90 / kg -","Glutenfrei, Laktosefrei je 100-g-Pckg.",Nein,29.09. - 04.10.,2025-09-29,2025-10-04
Bayerischer Leberkäse,ja!,"€ 3,49",Kein vorheriger Preis,"€ 8,72 / kg -","ofengebacken, je 400-g-Pckg.",Nein,29.09. - 04.10.,2025-09-29,2025-10-04
Happy Day Säfte,Rauch,"€ 1,99",Kein vorheriger Preis,"€ 1,99 / l -","oder Nektar versch. Sorten, aus Konzentrat, je 1-l-Pckg.",Nein,29.09. - 04.10.,2025-09-29,2025-10-04
Bio Mangos,Rewe Bio,"€ 1,49",Kein vorheriger Preis,"€ 1,49 / Stk -","Osteen, Kl. II, je St.",Nein,29.09. - 04.10.,2025-09-29,2025-10-04
Nuss Rebell,Käse Rebellen,"€ 1,99",Kein vorheriger Preis,"€ 19,90 / kg -","oder Nuss Rebell Schnittkäse, mind. 50% Fett i.Tr., je 100 g",Nein,29.09. - 04.10.,2025-09-29,2025-10-04
Energy Drink,Effect,"€ 0,69",Kein vorheriger Preis,"€ 2,09 / l -","versch. Sorten, koffeinhaltig, je 0,33-l-Dose zzgl. 0.25 Pfand",Nein,29.09. - 04.10.,2025-09-29,2025-10-04
Meine Lieblinge Wildlachs,Krone Fisch,"€ 3,39",Kein vorheriger Preis,"€ 42,37 / kg -",je 80-g-Pckg. oder Lachs je 100-g-Pckg.,Nein,29.09. - 04.10.,2025-09-29,2025-10-04
Wiener Würstchen,Meisterklasse,"€ 5,49",Kein vorheriger Preis,"€ 7,32 / kg -",je 750-g-Pckg.,Nein,29.09. - 04.10.,2025-09-29,2025-10-04
13 Backfischstäbchen,Iglo,"€ 2,49",Kein vorheriger Preis,"€ 6,84 / kg -","HINWEIS: MIT APP 0.10 € REWE BONUS tiefgefroren, je 364-g-Pckg. oder 15 Fischstäbchen tiefgefroren, ...",Nein,29.09. - 04.10.,2025-09-29,2025-10-04
Feta,Hellas,"€ 1,99",Kein vorheriger Preis,"€ 9,95 / kg -","Weichkäse, je 200-g-Pckg.",Nein,29.09. - 04.10.,2025-09-29,2025-10-04
Fleischmesser,Vivo,"€ 39,95",Kein vorheriger Preis,"€ 39,95 / Stk -","HINWEIS: MIT 70 TREUEPUNKTEN UND MIT REWE APP 1.00, Details im Prospekt.",Nein,29.09. - 04.10.,2025-09-29,2025-10-04
Tequila Beer,Desperados,"€ 4,99",Kein vorheriger Preis,"€ 3,78 / l -","versch. Sorten, je 4 x 0,33-l-Fl.-Pckg. zzgl. 0.32 Pfand",Nein,29.09. - 04.10.,2025-09-29,2025-10-04
Klassische Auswahl,Whiskas,"€ 3,99",Kein vorheriger Preis,"€ 3,91 / kg -",Katzennahrung je 12 x 85-g-Btl.-Pckg.,Nein,29.09. - 04.10.,2025-09-29,2025-10-04
Kabeljau-Rückenfilet,Keine Marke,"€ 3,49",Kein vorheriger Preis,"€ 34,90 / kg -","praktisch grätenfrei, je 100 g",Nein,29.09. - 04.10.,2025-09-29,2025-10-04
Universalmesser,Vivo,"€ 22,95",Kein vorheriger Preis,"€ 22,95 / Stk -",HINWEIS: MIT 70 TREUEPUNKTEN UND MIT REWE APP 1.00 Details im Prospekt.,Nein,29.09. - 04.10.,2025-09-29,2025-10-04
Saibling,Keine Marke,"€ 1,69",Kein vorheriger Preis,"€ 16,90 / kg -","ganz, ausgenommen, je 100 g",Nein,29.09. - 04.10.,2025-09-29,2025-10-04
Weißbiere,Paulaner,"€ 13,99",Kein vorheriger Preis,"€ 1,39 / l -","versch. Sorten, je 20 x 0,5-l-Fl.-Kasten zzgl. 3.10 Pfand",Nein,29.09. - 04.10.,2025-09-29,2025-10-04
Riesengarnelen,Keine Marke,"€ 2,69",Kein vorheriger Preis,"€ 26,90 / kg -","ohne Kopf, mit Schalen, getaut, je 100 g",Nein,29.09. - 04.10.,2025-09-29,2025-10-04
Cola,Coca-Cola,"€ 5,99",Kein vorheriger Preis,"€ 1,82 / l -","oder Coca-Cola Zero Friendspack koffeinhaltig, je 10 x 0,33-l-Dosen-Pckg. zzgl. 2.50 Pfand",Nein,29.09. - 04.10.,2025-09-29,2025-10-04
Beanie,Billie Eilish,"€ 14,99",Kein vorheriger Preis,"€ 14,99 / Stk -",Details im Prospekt.,Nein,29.09. - 04.10.,2025-09-29,2025-10-04
Strohschwein-Lachsbraten,Metzgerei Landbauern,"€ 0,99",Kein vorheriger Preis,"€ 9,90 / kg -","ohne Knochen, je 100 g",Nein,29.09. - 04.10.,2025-09-29,2025-10-04
Vollmilch,Ritter Sport,"€ 1,29",Kein vorheriger Preis,"€ 12,90 / kg -","versch. Sorten, je 100-g-Tafel",Nein,29.09. - 04.10.,2025-09-29,2025-10-04
Fairtrade-Rosen,Keine Marke,"€ 3,49",Kein vorheriger Preis,"€ 3,49 / Stk -","Honey oder Duo versch. Farben, mit Floraflair Schnittblumennahrung, je Bund",Nein,29.09. - 04.10.,2025-09-29,2025-10-04
Hund Chicken Bonas Kaustangen,Vitakraft,"€ 1,79",Kein vorheriger Preis,"€ 22,38 / kg -",mit Huhn oder Filets Streifen mit Entenbrust je 80-g-Pckg.,Nein,29.09. - 04.10.,2025-09-29,2025-10-04
Samt Aprikose,Schwartau,"€ 1,88",Kein vorheriger Preis,"€ 6,96 / kg -","je 270-g-Glas oder Konfitüre Extra Erdbeere, je 340-g-Glas",Nein,29.09. - 04.10.,2025-09-29,2025-10-04
Bio-Frischkäse,Andechser Natur,"€ 1,49",Kein vorheriger Preis,"€ 8,51 / kg -","mit Joghurt Natur, je 175-g-Pckg. oder Körniger Bio-Frischkäse je 200-g-Becher",Nein,29.09. - 04.10.,2025-09-29,2025-10-04
Rahm-Spinat mit dem Blubb,Iglo,"€ 1,79",Kein vorheriger Preis,"€ 2,38 / kg -","tiefgefroren, je 750-g-Pckg. oder Würz-Spinat tiefgefroren, je 500-g-Pckg.",Nein,29.09. - 04.10.,2025-09-29,2025-10-04
1-2-3 Frites Original,McCain,"€ 2,99",Kein vorheriger Preis,"€ 1,99 / kg -","tiefgefroren, je 1500-g-Btl. oder Golden Longs tiefgefroren, je 1000-g-Btl.",Nein,29.09. - 04.10.,2025-09-29,2025-10-04
Weichspüler,Kuschelweich,"€ 1,49",Kein vorheriger Preis,"€ 1,49 / l -","Sommerwind, je 1-l-Fl. oder Fit Spülmittel Original, je 750-ml-Fl.",Nein,29.09. - 04.10.,2025-09-29,2025-10-04
Weißbier,Erdinger Weißbräu,"€ 3,99",Kein vorheriger Preis,"€ 2,01 / l -","versch. Sorten, je 6 x 0,33-l-Fl.- Sixpack zzgl. 0.48 Pfand",Nein,29.09. - 04.10.,2025-09-29,2025-10-04
Strohschwein Lyoner,Schiller,"€ 1,11",Kein vorheriger Preis,"€ 11,10 / kg -","halbe oder ganze Ringe, je 100 g",Nein,29.09. - 04.10.,2025-09-29,2025-10-04
Puten-Schnitzel,Rewe Regional,"€ 6,66",Kein vorheriger Preis,"€ 13,32 / kg -",je 500-g-Pckg.,Nein,29.09. - 04.10.,2025-09-29,2025-10-04
Zahncreme,Odol-Med 3,"€ 1,39",Kein vorheriger Preis,"€ 18,53 / l -","White Plus, je 75-ml-Tuben-Pckg. oder Zahncreme Original, je 125-ml-Tube",Nein,29.09. - 04.10.,2025-09-29,2025-10-04
Pikante Käsebierwurst,Wasner,"€ 1,99",Kein vorheriger Preis,"€ 19,90 / kg -",je 100 g,Nein,29.09. - 04.10.,2025-09-29,2025-10-04
Seelenwärmer Cremepudding Schokolade,Dr. Oetker,"€ 0,79",Kein vorheriger Preis,"€ 13,62 / kg -","HINWEIS: MIT APP 0.10€ REWE BONUS Schoko, je 58-g-Pckg. oder Paradies Creme Vanille, je 60-g-Pckg.",Nein,29.09. - 04.10.,2025-09-29,2025-10-04
Sojasauce Hell Supreme,Lee Kum Kee,"€ 2,79",Kein vorheriger Preis,"€ 5,58 / l -",je 500-ml-Fl.,Nein,29.09. - 04.10.,2025-09-29,2025-10-04
Pfefferrebell,Käse Rebellen,"€ 1,99",Kein vorheriger Preis,"€ 19,90 / kg -","oder Nuss Rebell Schnittkäse, mind. 50% Fett i.Tr., je 100 g",Nein,29.09. - 04.10.,2025-09-29,2025-10-04
Hähnchen-Geschnetzeltes,Rewe Regional,"€ 5,55",Kein vorheriger Preis,"€ 13,87 / kg -",je 400-g-Pckg.,Nein,29.09. - 04.10.,2025-09-29,2025-10-04
Celebrations,Mars,"€ 2,99",Kein vorheriger Preis,"€ 16,07 / kg -",je 186-g-Pckg. oder Snickers Minis je 227-g-Pckg.,Nein,29.09. - 04.10.,2025-09-29,2025-10-04
Deo-Spray,Fa,"€ 1,29",Kein vorheriger Preis,"€ 8,60 / l -","versch. Sorten, je 150-ml-Dose",Nein,29.09. - 04.10.,2025-09-29,2025-10-04
Fruchtquetschen,Bebivita,"€ 2,49",Kein vorheriger Preis,"€ 6,92 / kg -","versch. Sorten, je 4 x 90-g-Pckg.",Nein,29.09. - 04.10.,2025-09-29,2025-10-04
Maisflips Kakao Banane,Bebivita,"€ 0,79",Kein vorheriger Preis,"€ 26,33 / kg -",je 30-g-Btl. oder Maisstangen je 40-g-Btl.,Nein,29.09. - 04.10.,2025-09-29,2025-10-04
Duschgel,Duschdas,"€ 0,99",Kein vorheriger Preis,"€ 4,40 / l -","versch. Sorten, je 225-ml-Fl.",Nein,29.09. - 04.10.,2025-09-29,2025-10-04
Home Barista Caffè Crema Dolce,Dallmayr,"€ 13,99",Kein vorheriger Preis,"€ 13,99 / kg -","ganze Bohnen, je 1000-g-Btl.",Nein,29.09. - 04.10.,2025-09-29,2025-10-04
Herren Tennissocken,Billie Eilish,"€ 6,99",Kein vorheriger Preis,"€ 6,99 / Stk -","Größen: 35/38-39/42, versch. Motive und Farben je Paar",Nein,29.09. - 04.10.,2025-09-29,2025-10-04
Knoppers,Storck,"€ 1,69",Kein vorheriger Preis,"€ 8,45 / kg -",HINWEIS: MIT APP 0.10 € REWE BONUS je 8 x 25-g-Pckg. oder Knoppers Nussriegel je 5 x 40-g-Pckg.,Nein,29.09. - 04.10.,2025-09-29,2025-10-04
Ice Cream,Ben & Jerry's,"€ 3,79",Kein vorheriger Preis,"€ 8,15 / l -","versch. Sorten, je 465-ml-Becher",Nein,29.09. - 04.10.,2025-09-29,2025-10-04
Iced Blue,Karlsberg MiXery,"€ 3,99",Kein vorheriger Preis,"€ 2,02 / l -","versch. Sorten, teilw. koffeinhaltig, je 6 x 0,33-l-Fl.- Sixpack zzgl. 0.48 Pfand",Nein,29.09. - 04.10.,2025-09-29,2025-10-04
Brotaufstrich,Brunch,"€ 1,29",Kein vorheriger Preis,"€ 6,97 / kg -","versch. Sorten, je 185-g-Becher",Nein,29.09. - 04.10.,2025-09-29,2025-10-04
Mandeldrink,Alpro,"€ 1,99",Kein vorheriger Preis,"€ 1,99 / l -",Ungesüßt oder Barista Kokosdrink je 1-l-Pckg.,Nein,29.09. - 04.10.,2025-09-29,2025-10-04
Colorwaschmittel Flüssig,Ariel,"€ 4,99",Kein vorheriger Preis,"€ 0,25 / Stk -",je 20-WL-Fl. oder Ariel Allin1 Pods Universal je 15-WL-Pckg.,Nein,29.09. - 04.10.,2025-09-29,2025-10-04
Joghurt mit der Ecke,Müller,"€ 0,39",Kein vorheriger Preis,"€ 2,60 / kg -","versch. Sorten, je 150-g-Becher",Nein,29.09. - 04.10.,2025-09-29,2025-10-04
Wiener Würstchen XXL,Meisterklasse,"€ 5,49",Kein vorheriger Preis,"€ 7,32 / kg -",je 750-g-Pckg.,Nein,29.09. - 04.10.,2025-09-29,2025-10-04
Rosenkohl,Keine Marke,"€ 1,11",Kein vorheriger Preis,"€ 2,22 / kg -","Kl. I, je 500-g-Netz",Nein,29.09. - 04.10.,2025-09-29,2025-10-04
Bärchen-Streich,Reinert,"€ 1,49",Kein vorheriger Preis,"€ 11,92 / kg -","cremiger Brotaufstrich, je 125-g-Pckg. oder Bärchen Wurst Mortadella, je 115-g-Pckg.",Nein,29.09. - 04.10.,2025-09-29,2025-10-04
Sportler Salami,Stockmeyer,"€ 1,79",Kein vorheriger Preis,"€ 17,90 / kg -",je 100 g,Nein,29.09. - 04.10.,2025-09-29,2025-10-04
Original Bayerischer Knödelteig,Burgis,"€ 1,79",Kein vorheriger Preis,"€ 2,38 / kg -",oder Rohe Klöße je 750-g-Btl.,Nein,29.09. - 04.10.,2025-09-29,2025-10-04
Strohschwein Rauchkringel,Schiller,"€ 1,49",Kein vorheriger Preis,"€ 14,90 / kg -",GQB je 100 g,Nein,02.10. - 04.10.,2025-10-02,2025-10-04
